initial_infected_perc,length,height,population_size,contagion_distance,critical_limit,amp_susc,amp_rec,amp_inf
0.021538494728000637,100,100,85,0.6924016423333312,0.00971270104280152,0.40505823871617497,6.452124429844522,1.4692907193741322
