initial_infected_perc,length,height,population_size,contagion_distance,critical_limit,amp_susc,amp_rec,amp_inf
0.06554715825339133,100,100,87,2.07441851515631,0.03822787237779898,4.8374669000039585,0.07718162020159625,4.803556741616688
