initial_infected_perc,length,height,population_size,contagion_distance,critical_limit,amp_susc,amp_rec,amp_inf
0.03367862238509348,100,100,41,0.7838380869150996,0.07002353725106028,1.8399884857594018,7.544987239155913,2.308024653720475
