initial_infected_perc,length,height,population_size,contagion_distance,critical_limit,amp_susc,amp_rec,amp_inf
0.09752460882505798,100,100,35,5.674249295048125,0.03133332604376029,3.910415953469164,8.26419072207023,1.7739085827742285
