initial_infected_perc,length,height,population_size,contagion_distance,critical_limit,amp_susc,amp_rec,amp_inf
0.09275187555513063,100,100,47,2.6924346950751366,0.02510527599731074,1.6196709509463003,6.745112880430205,0.27575527821883106
