initial_infected_perc,length,height,population_size,contagion_distance,critical_limit,amp_susc,amp_rec,amp_inf
0.03123635389761145,100,100,71,3.7085162228900925,0.06326363770055536,7.572663900987077,1.6084910259002416,0.11835663413973574
