initial_infected_perc,length,height,population_size,contagion_distance,critical_limit,amp_susc,amp_rec,amp_inf
0.04222375442809578,100,100,49,3.9347718673545398,0.05435555516974449,2.0974882363486635,7.061177614633546,0.15103849498483757
