initial_infected_perc,length,height,population_size,contagion_distance,critical_limit,amp_susc,amp_rec,amp_inf
0.010350948097101832,100,100,54,4.973290987927936,0.034427831967543,1.7349146721645226,3.93227800549957,6.316627154033506
