initial_infected_perc,length,height,population_size,contagion_distance,critical_limit,amp_susc,amp_rec,amp_inf
0.05898478795085282,100,100,33,0.2802602629542761,0.07919522175095625,3.577306087238481,8.785457441074039,4.327854145733964
