initial_infected_perc,length,height,population_size,contagion_distance,critical_limit,amp_susc,amp_rec,amp_inf
0.052422378905654925,100,100,22,8.703356156444572,0.07152067881025806,9.847930696591048,0.6998856746464299,4.659532182883506
