initial_infected_perc,length,height,population_size,contagion_distance,critical_limit,amp_susc,amp_rec,amp_inf
0.0840451140584405,100,100,14,0.5627286197248371,0.08622259991877315,0.07633451901115307,2.4083467413533812,0.026457545035704078
