initial_infected_perc,length,height,population_size,contagion_distance,critical_limit,amp_susc,amp_rec,amp_inf
0.06691897309269944,100,100,88,5.812337101539894,0.015711962410904345,8.061531832670898,0.4015123311001412,8.003776029084026
