initial_infected_perc,length,height,population_size,contagion_distance,critical_limit,amp_susc,amp_rec,amp_inf
0.0005144504743246237,100,100,68,5.902654861435218,0.08673044212583943,4.984372110118959,2.6914309447148534,8.818187578764947
