initial_infected_perc,length,height,population_size,contagion_distance,critical_limit,amp_susc,amp_rec,amp_inf
0.06997580144692729,100,100,57,3.122998654871001,0.09442189989797943,5.418614986454395,0.0975493603617339,6.9815379716802175
