initial_infected_perc,length,height,population_size,contagion_distance,critical_limit,amp_susc,amp_rec,amp_inf
0.010128565189755157,100,100,7,5.343155367509112,0.007414908339746906,6.15171761429695,9.981827457737664,7.974562270278423
