initial_infected_perc,length,height,population_size,contagion_distance,critical_limit,amp_susc,amp_rec,amp_inf
0.028003785734005394,100,100,18,6.715755262034877,0.08237095378327408,7.026095923568913,2.605561856304771,0.6677060104112309
