initial_infected_perc,length,height,population_size,contagion_distance,critical_limit,amp_susc,amp_rec,amp_inf
0.09798475862985165,100,100,69,4.291219843009745,0.06271524842960961,9.082235516044182,7.914428609930381,0.7802998229643876
