initial_infected_perc,length,height,population_size,contagion_distance,critical_limit,amp_susc,amp_rec,amp_inf
0.08940568431609609,100,100,62,2.9191118518538617,0.05432886690349349,5.534386862170403,5.25249947984078,5.838246991250552
