initial_infected_perc,length,height,population_size,contagion_distance,critical_limit,amp_susc,amp_rec,amp_inf
0.05272075787751136,100,100,48,0.4169493434200422,0.04723349999644638,8.23074500858546,2.474507257190787,5.703169442080659
