initial_infected_perc,length,height,population_size,contagion_distance,critical_limit,amp_susc,amp_rec,amp_inf
0.04932441722798519,100,100,81,1.9062495310978733,0.060309442342304745,1.071498421802758,8.708141673549989,2.6558379431596646
