initial_infected_perc,length,height,population_size,contagion_distance,critical_limit,amp_susc,amp_rec,amp_inf
0.008981782542609784,100,100,3,1.7678883783438137,0.07082282551271421,5.804099995775922,4.226913215152731,6.876749609852361
