initial_infected_perc,length,height,population_size,contagion_distance,critical_limit,amp_susc,amp_rec,amp_inf
0.014753209191695616,100,100,21,4.664158612165346,0.027475992452240708,3.9981367073023497,1.96247435410016,9.810199413997482
