initial_infected_perc,length,height,population_size,contagion_distance,critical_limit,amp_susc,amp_rec,amp_inf
0.040765132040805355,100,100,80,5.882394157530253,0.037359356333070096,0.9255249093383389,9.209676255857303,0.009086907066371275
