initial_infected_perc,length,height,population_size,contagion_distance,critical_limit,amp_susc,amp_rec,amp_inf
0.05052247463572793,100,100,11,4.234821486998382,0.09870866565842519,2.2906365956641563,4.846529512183107,7.99277701093515
