initial_infected_perc,length,height,population_size,contagion_distance,critical_limit,amp_susc,amp_rec,amp_inf
0.08123154781939841,100,100,74,4.178619004613021,0.07587303209265041,3.501907132752433,2.711862940107741,3.6409410429189473
