initial_infected_perc,length,height,population_size,contagion_distance,critical_limit,amp_susc,amp_rec,amp_inf
0.01117466629672439,100,100,56,8.280975636362339,0.02747139161055986,3.6426036561187836,5.050387193531653,8.334530736101417
