initial_infected_perc,length,height,population_size,contagion_distance,critical_limit,amp_susc,amp_rec,amp_inf
0.055608037718958926,100,100,45,2.582235903992509,0.09832890083543275,8.742047374728672,3.492351695436764,3.6581435438481402
