initial_infected_perc,length,height,population_size,contagion_distance,critical_limit,amp_susc,amp_rec,amp_inf
0.02799472327642029,100,100,61,7.704887240579589,0.0011590877129110334,5.8272220330982,2.584822577074941,1.7326971387318713
