initial_infected_perc,length,height,population_size,contagion_distance,critical_limit,amp_susc,amp_rec,amp_inf
0.002377203562017938,100,100,93,1.095399804260756,0.05458474535478489,4.098273541122031,4.606265452146427,7.526643334887785
