initial_infected_perc,length,height,population_size,contagion_distance,critical_limit,amp_susc,amp_rec,amp_inf
0.029406929575104535,100,100,42,6.982548665639863,0.029229780693787656,8.732610596855242,3.9527581025693626,3.920203645852051
