initial_infected_perc,length,height,population_size,contagion_distance,critical_limit,amp_susc,amp_rec,amp_inf
0.030387516014836337,100,100,81,0.670024773543979,0.0480929489988389,4.5238270262599265,2.285211739547177,7.103412809703613
