initial_infected_perc,length,height,population_size,contagion_distance,critical_limit,amp_susc,amp_rec,amp_inf
0.04271719919581263,100,100,4,2.004514591865847,0.042373377125640016,1.2347815862368783,9.369447118245157,0.6068625519447557
