initial_infected_perc,length,height,population_size,contagion_distance,critical_limit,amp_susc,amp_rec,amp_inf
0.06309482996052032,100,100,29,7.789283905151426,0.004135071259473189,5.387754866642797,4.371774563178445,4.493920986207275
