initial_infected_perc,length,height,population_size,contagion_distance,critical_limit,amp_susc,amp_rec,amp_inf
0.011896337902133581,100,100,13,3.905824598875063,0.08273029869360432,9.7508258144581,4.197422582489413,3.9787778639348046
