initial_infected_perc,length,height,population_size,contagion_distance,critical_limit,amp_susc,amp_rec,amp_inf
0.03409905433987429,100,100,9,0.09124183831845434,0.0016984720288468426,5.694358907279361,8.497003697524173,4.691016720152187
