initial_infected_perc,length,height,population_size,contagion_distance,critical_limit,amp_susc,amp_rec,amp_inf
0.06543408916333038,100,100,8,8.677230611763125,0.009572968901256551,7.521214300367447,6.284239817634253,9.082909593075145
