initial_infected_perc,length,height,population_size,contagion_distance,critical_limit,amp_susc,amp_rec,amp_inf
0.0571463027149976,100,100,60,9.049981590821853,0.010927891841689241,1.7767632271549416,9.762993401945495,7.713908002358733
