initial_infected_perc,length,height,population_size,contagion_distance,critical_limit,amp_susc,amp_rec,amp_inf
0.053926591035404106,100,100,1,9.483170445527293,0.08650085496610081,3.352128733912486,8.037428785555978,7.85883036919925
