initial_infected_perc,length,height,population_size,contagion_distance,critical_limit,amp_susc,amp_rec,amp_inf
0.061442225893323724,100,100,65,8.728881314091023,0.02822739045870687,7.05495198609964,6.510057305982425,3.097998269417702
