initial_infected_perc,length,height,population_size,contagion_distance,critical_limit,amp_susc,amp_rec,amp_inf
0.01450151642180505,100,100,57,6.424918466088473,0.046684429174834355,6.057827667411129,3.100028876609968,7.778667679081938
