initial_infected_perc,length,height,population_size,contagion_distance,critical_limit,amp_susc,amp_rec,amp_inf
0.03471451143619131,100,100,81,8.468474857254632,0.04107078137870127,5.926024626281966,4.865899960107648,5.544433578087972
