initial_infected_perc,length,height,population_size,contagion_distance,critical_limit,amp_susc,amp_rec,amp_inf
0.01091710372557937,100,100,74,9.287315600594908,0.030444915903393266,7.403839432195914,7.747323088294866,3.280819182391795
