initial_infected_perc,length,height,population_size,contagion_distance,critical_limit,amp_susc,amp_rec,amp_inf
0.00852656247648882,100,100,29,1.1438191671643039,0.08416180793639072,6.69355667890012,2.364083889394365,8.817305103793332
