initial_infected_perc,length,height,population_size,contagion_distance,critical_limit,amp_susc,amp_rec,amp_inf
0.09259583454953052,100,100,28,9.186296928141285,0.028676130293419366,3.993889555550616,9.020390735710023,9.910899990317604
