initial_infected_perc,length,height,population_size,contagion_distance,critical_limit,amp_susc,amp_rec,amp_inf
0.02924708053172106,100,100,89,3.2458700090836734,0.06486361120515452,1.3091713877276712,9.638374564161916,9.858312692864894
