initial_infected_perc,length,height,population_size,contagion_distance,critical_limit,amp_susc,amp_rec,amp_inf
0.034001810552281686,100,100,93,9.357920152973255,0.036720649235004635,9.748618600692707,9.307879313384397,8.485738923162813
