initial_infected_perc,length,height,population_size,contagion_distance,critical_limit,amp_susc,amp_rec,amp_inf
0.006981552673656666,100,100,12,6.985081650921659,0.06862105828452424,1.3340335712690732,0.778394812859381,8.412600361844282
