initial_infected_perc,length,height,population_size,contagion_distance,critical_limit,amp_susc,amp_rec,amp_inf
0.08544508359355729,100,100,98,3.192214864688175,0.0921896016721833,8.340538952946599,2.2611063554786814,9.10203812882601
