initial_infected_perc,length,height,population_size,contagion_distance,critical_limit,amp_susc,amp_rec,amp_inf
0.006761169433750047,100,100,43,8.094160421807116,0.031071082926648952,2.1206846706771976,9.252715020269699,9.947665679024349
