initial_infected_perc,length,height,population_size,contagion_distance,critical_limit,amp_susc,amp_rec,amp_inf
0.045822407620353924,100,100,25,1.0393402327947032,0.08553335918692039,4.775837493936734,7.965813561742944,1.7032316064557584
