initial_infected_perc,length,height,population_size,contagion_distance,critical_limit,amp_susc,amp_rec,amp_inf
0.08742070766376708,100,100,20,6.29159894447621,0.09194629980877018,6.779904155295262,2.5667839621854336,6.387035098630607
