initial_infected_perc,length,height,population_size,contagion_distance,critical_limit,amp_susc,amp_rec,amp_inf
0.048166500551564365,100,100,67,6.4042614364275465,0.020620430123576474,1.0162556037569004,7.0426492504036045,9.754672500903855
