initial_infected_perc,length,height,population_size,contagion_distance,critical_limit,amp_susc,amp_rec,amp_inf
0.0019255857281465618,100,100,40,9.381192768518144,0.05254501469430062,3.478720974756939,2.5528798649411732,3.1163605616098042
