initial_infected_perc,length,height,population_size,contagion_distance,critical_limit,amp_susc,amp_rec,amp_inf
0.022995938273980634,100,100,6,2.297695486697273,0.049436762211709354,0.4450651789020521,5.321610405088691,9.36207357269015
