initial_infected_perc,length,height,population_size,contagion_distance,critical_limit,amp_susc,amp_rec,amp_inf
0.08532558275518631,100,100,1,8.28374594244509,0.05066196637968359,3.6842763903893494,1.5841370814294564,2.6697453340581245
