initial_infected_perc,length,height,population_size,contagion_distance,critical_limit,amp_susc,amp_rec,amp_inf
0.046362057707462684,100,100,2,4.945136966546851,0.023797008451597313,8.560890699514577,9.707750897780848,3.376311800176653
