initial_infected_perc,length,height,population_size,contagion_distance,critical_limit,amp_susc,amp_rec,amp_inf
0.03025239738278364,100,100,8,1.6437399277057474,0.08263105785592371,7.049362801131112,5.935621965789047,4.9133168871292465
