initial_infected_perc,length,height,population_size,contagion_distance,critical_limit,amp_susc,amp_rec,amp_inf
0.0521236083909524,100,100,24,1.0793835485102588,0.07554945589712268,7.83279579012674,2.313334784940152,5.3018035529231335
