initial_infected_perc,length,height,population_size,contagion_distance,critical_limit,amp_susc,amp_rec,amp_inf
0.09221618668229863,100,100,27,7.467212541779167,0.0017104024754586611,2.4430341781104046,4.944292324349274,1.2751667005795408
