initial_infected_perc,length,height,population_size,contagion_distance,critical_limit,amp_susc,amp_rec,amp_inf
0.07896476719426448,100,100,79,9.194885068842819,0.08681067814897148,4.660752381779421,7.558327042739221,9.672552313492805
