initial_infected_perc,length,height,population_size,contagion_distance,critical_limit,amp_susc,amp_rec,amp_inf
0.060785064229581125,100,100,2,3.9553884199230405,0.020363988468723195,1.3997055461221708,1.9304155595679873,4.7726821961702095
