initial_infected_perc,length,height,population_size,contagion_distance,critical_limit,amp_susc,amp_rec,amp_inf
0.0963530704816723,100,100,71,4.563951064171277,0.022897388288941792,3.4618155557640105,4.648951856534721,5.880495634281992
