initial_infected_perc,length,height,population_size,contagion_distance,critical_limit,amp_susc,amp_rec,amp_inf
0.04582350905518393,100,100,81,5.345281004287838,0.02062361025630074,8.365721981967472,8.864127081358333,5.046563404925254
