initial_infected_perc,length,height,population_size,contagion_distance,critical_limit,amp_susc,amp_rec,amp_inf
0.09356119207489805,100,100,92,9.256157695479033,0.07050243402089537,4.50458351924409,7.849954708827199,8.924048844799202
