initial_infected_perc,length,height,population_size,contagion_distance,critical_limit,amp_susc,amp_rec,amp_inf
0.004435115464074779,100,100,6,4.916261213489806,0.040674250628795205,7.918544620574278,5.9263351739870505,5.787667127718347
