initial_infected_perc,length,height,population_size,contagion_distance,critical_limit,amp_susc,amp_rec,amp_inf
0.04200638529445109,100,100,90,5.682605289378934,0.026884180679146608,4.534965847617255,2.9691804965701376,0.5627425319387314
