initial_infected_perc,length,height,population_size,contagion_distance,critical_limit,amp_susc,amp_rec,amp_inf
0.03549343328495771,100,100,35,8.80539163997329,0.004529417257731461,8.60248606404475,2.0980641096328387,5.383692216341545
