initial_infected_perc,length,height,population_size,contagion_distance,critical_limit,amp_susc,amp_rec,amp_inf
0.053541898707296726,100,100,34,9.324604190655029,0.026211587440121732,9.058691291018539,5.820943550905642,0.02065680570214612
