initial_infected_perc,length,height,population_size,contagion_distance,critical_limit,amp_susc,amp_rec,amp_inf
0.01374751917081073,100,100,77,7.045283874982836,0.09490190585749958,5.288445027621709,9.053209461878588,1.2939421277120589
