initial_infected_perc,length,height,population_size,contagion_distance,critical_limit,amp_susc,amp_rec,amp_inf
0.018869027457578947,100,100,63,6.858195281137631,0.09290519578588555,7.714341419893529,7.46970645219967,9.245929745012033
