initial_infected_perc,length,height,population_size,contagion_distance,critical_limit,amp_susc,amp_rec,amp_inf
0.07890241468673181,100,100,3,4.223440043051989,0.010210247840677856,9.853962315466257,1.204903561925953,1.8095952206252197
