initial_infected_perc,length,height,population_size,contagion_distance,critical_limit,amp_susc,amp_rec,amp_inf
0.034576240093531586,100,100,82,5.9734659583851935,0.04758394577794518,1.4605524165477834,1.7290066928311254,8.188034650301741
