initial_infected_perc,length,height,population_size,contagion_distance,critical_limit,amp_susc,amp_rec,amp_inf
0.09390561898420831,100,100,16,2.248185818698587,0.07359200131651307,2.5204437628606504,5.432189912080254,9.902079731574517
