initial_infected_perc,length,height,population_size,contagion_distance,critical_limit,amp_susc,amp_rec,amp_inf
0.06335585459953819,100,100,89,4.900043225893157,0.07026089212355068,5.601091640278696,1.7914887899108944,6.100126152341464
