initial_infected_perc,length,height,population_size,contagion_distance,critical_limit,amp_susc,amp_rec,amp_inf
0.03893078463119087,100,100,41,7.612668708520837,0.035089143731194976,3.9840755001301673,7.885693258527824,9.698894268280437
