initial_infected_perc,length,height,population_size,contagion_distance,critical_limit,amp_susc,amp_rec,amp_inf
0.0009139347481355476,100,100,71,7.797953021937923,0.0073781434454849755,5.831368621504977,7.493489987214323,7.52863640228723
