initial_infected_perc,length,height,population_size,contagion_distance,critical_limit,amp_susc,amp_rec,amp_inf
0.023665387655754003,100,100,33,1.6116766343552136,0.08035051319310768,9.195132077880912,2.570487608021846,0.5580728163117088
