initial_infected_perc,length,height,population_size,contagion_distance,critical_limit,amp_susc,amp_rec,amp_inf
0.033550062037985766,100,100,79,9.275818864537262,0.006303205596188777,4.774212568887757,4.873340208959674,1.4893375697918987
