initial_infected_perc,length,height,population_size,contagion_distance,critical_limit,amp_susc,amp_rec,amp_inf
0.03550431700621048,100,100,66,3.2387936544306415,0.024747666220477263,9.202871147368777,5.956759178908562,6.52249688369369
