initial_infected_perc,length,height,population_size,contagion_distance,critical_limit,amp_susc,amp_rec,amp_inf
0.07770205039117768,100,100,13,6.8761692014077855,0.009374323440804766,1.7565530159826936,6.899452848325552,5.656240183123921
