initial_infected_perc,length,height,population_size,contagion_distance,critical_limit,amp_susc,amp_rec,amp_inf
0.03434766542231454,100,100,93,3.2458080223509578,0.0055776226959700975,1.6746323653920303,0.5966357011494972,6.930420210660535
