initial_infected_perc,length,height,population_size,contagion_distance,critical_limit,amp_susc,amp_rec,amp_inf
0.05857057978936306,100,100,28,7.191636082320162,0.03627933145221362,2.8305399025497238,3.205678569690388,7.36935428266689
