initial_infected_perc,length,height,population_size,contagion_distance,critical_limit,amp_susc,amp_rec,amp_inf
0.042581539997981734,100,100,65,0.9198415452292408,0.00888275738622798,3.1216350710925256,3.6708101029075877,3.8995578630102923
