initial_infected_perc,length,height,population_size,contagion_distance,critical_limit,amp_susc,amp_rec,amp_inf
0.01842956692344694,100,100,31,2.4698618471495646,0.09759002281634528,3.7915207036829313,1.0573632973556668,7.137776654952272
