initial_infected_perc,length,height,population_size,contagion_distance,critical_limit,amp_susc,amp_rec,amp_inf
0.0921809382814061,100,100,75,3.1013261732450728,0.052066678980289584,1.2579038877529314,3.3152035557966553,7.302856193437841
