initial_infected_perc,length,height,population_size,contagion_distance,critical_limit,amp_susc,amp_rec,amp_inf
0.03490271132782221,100,100,59,1.4597917523301196,0.03484543306887864,5.407481487294232,7.858440845069228,2.337662347669587
