initial_infected_perc,length,height,population_size,contagion_distance,critical_limit,amp_susc,amp_rec,amp_inf
0.055495798787046226,100,100,80,6.012169500746523,0.030669372502029658,2.619125124583561,4.591444729924624,2.38089002939002
