initial_infected_perc,length,height,population_size,contagion_distance,critical_limit,amp_susc,amp_rec,amp_inf
0.01888262460214545,100,100,15,7.275930773073228,0.0739229687825665,9.15580543045897,3.293406909211675,3.383367510099143
