initial_infected_perc,length,height,population_size,contagion_distance,critical_limit,amp_susc,amp_rec,amp_inf
0.06913213984685793,100,100,65,0.8119299380702183,0.030565809434631344,4.089247363354865,7.057972678534615,5.091416209004782
