initial_infected_perc,length,height,population_size,contagion_distance,critical_limit,amp_susc,amp_rec,amp_inf
0.04383805503580035,100,100,5,6.063948881807983,0.021184481435903336,5.3436789541800085,5.7944503721582,1.622594841608913
