initial_infected_perc,length,height,population_size,contagion_distance,critical_limit,amp_susc,amp_rec,amp_inf
0.08323442468890352,100,100,37,2.4143987754483396,0.08146783912907835,2.238185404151758,3.642345727694951,9.28093967928325
