initial_infected_perc,length,height,population_size,contagion_distance,critical_limit,amp_susc,amp_rec,amp_inf
0.05436969295572948,100,100,27,3.0016735944570163,0.02124535514998839,5.794048682285995,3.5117103520860935,0.91578626988984
