initial_infected_perc,length,height,population_size,contagion_distance,critical_limit,amp_susc,amp_rec,amp_inf
0.01856087049425842,100,100,13,7.6034538063795765,0.021049953303295222,1.8666552982888407,7.681541404823857,8.011012532787106
