initial_infected_perc,length,height,population_size,contagion_distance,critical_limit,amp_susc,amp_rec,amp_inf
0.016123912768026574,100,100,8,6.582154249564277,0.06048881969420277,1.2752389781901008,7.465935331639372,0.33613577981105314
