initial_infected_perc,length,height,population_size,contagion_distance,critical_limit,amp_susc,amp_rec,amp_inf
0.08810857526950544,100,100,60,3.9438763450411063,0.005106067372199164,7.330273302744564,5.999509797561782,6.914658345949291
