initial_infected_perc,length,height,population_size,contagion_distance,critical_limit,amp_susc,amp_rec,amp_inf
0.02872012553278457,100,100,18,6.434507895878653,0.08269896543858568,5.185723942709373,7.636101395826243,7.965310794004838
