initial_infected_perc,length,height,population_size,contagion_distance,critical_limit,amp_susc,amp_rec,amp_inf
0.05653340803893922,100,100,82,5.174461437854282,0.05872303892502711,2.596665810780209,0.013543432089480056,7.3582972385138
