initial_infected_perc,length,height,population_size,contagion_distance,critical_limit,amp_susc,amp_rec,amp_inf
0.012543734226745928,100,100,84,4.589025881155555,0.08954715611900636,0.8285420529452292,3.3217700998025848,6.302350025130144
