initial_infected_perc,length,height,population_size,contagion_distance,critical_limit,amp_susc,amp_rec,amp_inf
0.04366356641956726,100,100,33,1.4907188007976513,0.0035569380337731604,3.2472455498468324,9.572470864400277,0.5066919797312486
