initial_infected_perc,length,height,population_size,contagion_distance,critical_limit,amp_susc,amp_rec,amp_inf
0.031611928777416476,100,100,21,7.053356014712005,0.08502775199421614,3.2857996994348793,4.870873948420428,7.128936981812278
