initial_infected_perc,length,height,population_size,contagion_distance,critical_limit,amp_susc,amp_rec,amp_inf
0.028618129422885188,100,100,77,0.5425578273737197,0.06340269213541147,8.136761069476812,8.75895479688932,9.72768643551738
