initial_infected_perc,length,height,population_size,contagion_distance,critical_limit,amp_susc,amp_rec,amp_inf
0.02118499647032157,100,100,23,8.302483684364878,0.009592457931723065,0.8252384961723769,6.641318691005184,4.451900675974355
