initial_infected_perc,length,height,population_size,contagion_distance,critical_limit,amp_susc,amp_rec,amp_inf
0.09541959434802326,100,100,33,8.635901238552604,0.06712728153242152,8.387751830809977,0.39147296735554726,3.3177646240699143
