initial_infected_perc,length,height,population_size,contagion_distance,critical_limit,amp_susc,amp_rec,amp_inf
0.030054956933741574,100,100,10,1.9354998265755352,0.022907078035436835,5.557997819335338,2.0428478296874197,2.191781809055585
