initial_infected_perc,length,height,population_size,contagion_distance,critical_limit,amp_susc,amp_rec,amp_inf
0.06973731392189424,100,100,0,0.794956620169146,0.07946765391144844,0.8146978034390895,5.058049182486411,9.991780944113762
