initial_infected_perc,length,height,population_size,contagion_distance,critical_limit,amp_susc,amp_rec,amp_inf
0.0877985827526707,100,100,88,2.2330391668070138,0.051432367089505715,3.4316960668255234,3.034475148582303,6.602389990991879
