initial_infected_perc,length,height,population_size,contagion_distance,critical_limit,amp_susc,amp_rec,amp_inf
0.06096835369779329,100,100,25,2.178969065790184,0.028346130820571094,1.7077746534745109,0.9699336371633149,8.690835446869329
