initial_infected_perc,length,height,population_size,contagion_distance,critical_limit,amp_susc,amp_rec,amp_inf
0.06027980391459579,100,100,23,2.253614522445213,0.025393133744879517,1.4583409635111733,7.825987059295483,0.2914748678364476
