initial_infected_perc,length,height,population_size,contagion_distance,critical_limit,amp_susc,amp_rec,amp_inf
0.02199085556200795,100,100,95,9.200785111082656,0.06617976994017076,1.4541106207170584,5.024093974792234,1.1469322418391492
