initial_infected_perc,length,height,population_size,contagion_distance,critical_limit,amp_susc,amp_rec,amp_inf
0.045878834127618284,100,100,51,9.2505775185018,0.06904713099587594,8.461651312544667,0.9177485402365804,3.928504942117285
