initial_infected_perc,length,height,population_size,contagion_distance,critical_limit,amp_susc,amp_rec,amp_inf
0.0901690000395517,100,100,90,3.112579543846461,0.05270460642278531,3.7349870261043816,2.036831595786145,7.470875867594798
