initial_infected_perc,length,height,population_size,contagion_distance,critical_limit,amp_susc,amp_rec,amp_inf
0.09752322378382267,100,100,41,0.6316134346611879,0.06196029912993182,2.7423514788078105,8.225283305908,8.620797439247655
