initial_infected_perc,length,height,population_size,contagion_distance,critical_limit,amp_susc,amp_rec,amp_inf
0.049249461079323154,100,100,18,4.925284775319931,0.0076942106894862475,4.56114973758441,7.823450027421743,1.5278463290293032
