initial_infected_perc,length,height,population_size,contagion_distance,critical_limit,amp_susc,amp_rec,amp_inf
0.001358149694029931,100,100,1,0.4464075745876417,0.012788261631131427,5.609192840889751,8.653259985344782,6.7503409598703366
