initial_infected_perc,length,height,population_size,contagion_distance,critical_limit,amp_susc,amp_rec,amp_inf
0.08311747406583343,100,100,38,2.057527816626903,0.013886854359875956,2.72366461965294,8.940627414531773,9.186117621488648
