initial_infected_perc,length,height,population_size,contagion_distance,critical_limit,amp_susc,amp_rec,amp_inf
0.07153138268706358,100,100,57,5.011367070321922,0.06498243178452114,5.064580881287161,9.241016182393256,8.719463932413078
