initial_infected_perc,length,height,population_size,contagion_distance,critical_limit,amp_susc,amp_rec,amp_inf
0.025705549347287616,100,100,26,3.2106742325924476,0.045334112784989535,2.6683328858686775,5.666623413940184,1.1036072297663957
