initial_infected_perc,length,height,population_size,contagion_distance,critical_limit,amp_susc,amp_rec,amp_inf
0.040952917130861355,100,100,13,4.6483217190972494,0.06361977723857501,8.229398091789431,2.40262451768281,2.299780941987266
