initial_infected_perc,length,height,population_size,contagion_distance,critical_limit,amp_susc,amp_rec,amp_inf
0.03462290652231156,100,100,27,4.995127580200448,0.042262639012478634,5.187734404504672,1.1782221622951583,9.601511865398322
