initial_infected_perc,length,height,population_size,contagion_distance,critical_limit,amp_susc,amp_rec,amp_inf
0.07771599459334042,100,100,64,0.4334246306937273,0.05204335669989675,2.3110607581290274,8.354329679903232,1.4558877029924966
