initial_infected_perc,length,height,population_size,contagion_distance,critical_limit,amp_susc,amp_rec,amp_inf
0.09153105610281963,100,100,39,9.20604565941749,0.07900926483725008,8.419405216199356,4.538690883738839,5.727199741241735
