initial_infected_perc,length,height,population_size,contagion_distance,critical_limit,amp_susc,amp_rec,amp_inf
0.06383287469384494,100,100,22,6.608842888528917,0.023978206199496824,6.094859649189969,2.852555042852739,1.3238973268802423
