initial_infected_perc,length,height,population_size,contagion_distance,critical_limit,amp_susc,amp_rec,amp_inf
0.07004451180037144,100,100,18,0.6664272361542012,0.09099078228500229,4.989133648181746,2.469374291876054,4.588717205947002
