initial_infected_perc,length,height,population_size,contagion_distance,critical_limit,amp_susc,amp_rec,amp_inf
0.03704189428184945,100,100,92,1.2387270035805398,0.06899960515770241,2.6302596079480622,7.747328082890528,8.880189905122108
