initial_infected_perc,length,height,population_size,contagion_distance,critical_limit,amp_susc,amp_rec,amp_inf
0.04403572818236813,100,100,76,0.9354127094592002,0.008937375322093488,5.229836688238178,8.378341191655469,8.003638460132084
