initial_infected_perc,length,height,population_size,contagion_distance,critical_limit,amp_susc,amp_rec,amp_inf
0.012067890079434552,100,100,7,0.8978590171994782,0.07632224051566146,2.81723427042221,0.2408651989962196,5.678804312285086
