initial_infected_perc,length,height,population_size,contagion_distance,critical_limit,amp_susc,amp_rec,amp_inf
0.09111677553997487,100,100,33,7.485997696714865,0.013061601173667859,5.278777420045179,0.4780618304061157,3.9041857074709996
