initial_infected_perc,length,height,population_size,contagion_distance,critical_limit,amp_susc,amp_rec,amp_inf
0.06258669448223063,100,100,45,2.754309196245399,0.024156069818550598,8.17625548249574,2.4436109628260096,0.6314819434248031
