initial_infected_perc,length,height,population_size,contagion_distance,critical_limit,amp_susc,amp_rec,amp_inf
0.021096833802754934,100,100,60,2.9072594096413216,0.03634828994377266,1.467167337377302,6.837640278652555,4.902085959922159
