initial_infected_perc,length,height,population_size,contagion_distance,critical_limit,amp_susc,amp_rec,amp_inf
0.07088897961649959,100,100,82,2.8000070724907045,0.0018857864621510956,3.1413372803938513,4.86366835262232,6.600996459184408
