initial_infected_perc,length,height,population_size,contagion_distance,critical_limit,amp_susc,amp_rec,amp_inf
0.07925597448693057,100,100,14,9.374405087638113,0.031587995523929956,6.560964277401239,0.7578370480907237,8.072735356361608
