initial_infected_perc,length,height,population_size,contagion_distance,critical_limit,amp_susc,amp_rec,amp_inf
0.019566991655226653,100,100,81,3.5952419748282125,0.04736113548358544,8.823837769512739,6.244093136995236,5.30458089961245
