initial_infected_perc,length,height,population_size,contagion_distance,critical_limit,amp_susc,amp_rec,amp_inf
0.05517782282462872,100,100,0,0.2541378352602752,0.08947700772414185,0.4838345065521954,9.22661210939842,6.398964835562109
