initial_infected_perc,length,height,population_size,contagion_distance,critical_limit,amp_susc,amp_rec,amp_inf
0.06667213008585325,100,100,19,6.076356069002707,0.057779577693689736,6.725802371647017,3.6616797731485793,1.2867088981860308
