initial_infected_perc,length,height,population_size,contagion_distance,critical_limit,amp_susc,amp_rec,amp_inf
0.08281742231104372,100,100,66,6.287655531571843,0.08660462880580394,0.7463998873534139,9.272046473393175,5.387742942310876
