initial_infected_perc,length,height,population_size,contagion_distance,critical_limit,amp_susc,amp_rec,amp_inf
0.013930955653061829,100,100,27,8.050891558179826,0.0665941610095289,4.895926519106055,5.607853486276968,9.510870675501563
