initial_infected_perc,length,height,population_size,contagion_distance,critical_limit,amp_susc,amp_rec,amp_inf
0.08891670968642057,100,100,84,3.967991192274034,0.03904836113168142,7.638723172570811,6.541469717236193,0.997009139176771
