initial_infected_perc,length,height,population_size,contagion_distance,critical_limit,amp_susc,amp_rec,amp_inf
0.033569264565840876,100,100,11,5.228732246287018,0.04943471206113177,8.475400175242573,2.5316104513686746,7.160484433334221
