initial_infected_perc,length,height,population_size,contagion_distance,critical_limit,amp_susc,amp_rec,amp_inf
0.06873187116268904,100,100,68,3.918742771798213,0.008994942496460613,2.655016369647244,4.604257133515558,2.719768604090851
