initial_infected_perc,length,height,population_size,contagion_distance,critical_limit,amp_susc,amp_rec,amp_inf
0.005956002157592477,100,100,79,6.745286171357577,0.0708825221265008,4.616031449998163,0.8690137442812618,6.894553843345429
