initial_infected_perc,length,height,population_size,contagion_distance,critical_limit,amp_susc,amp_rec,amp_inf
0.025720568881856445,100,100,15,8.389234835792667,0.08773171714573294,7.10712036067193,4.652257878475639,4.7702167963169
