initial_infected_perc,length,height,population_size,contagion_distance,critical_limit,amp_susc,amp_rec,amp_inf
0.0471078388853258,100,100,10,7.622764575676895,0.04399425535817896,9.448076768430102,2.340552508450602,7.197964467016948
