initial_infected_perc,length,height,population_size,contagion_distance,critical_limit,amp_susc,amp_rec,amp_inf
0.050642977905530434,100,100,98,6.075348153656696,0.07369294856290824,7.247406333415295,3.937849626625154,3.599085845627843
