initial_infected_perc,length,height,population_size,contagion_distance,critical_limit,amp_susc,amp_rec,amp_inf
0.07835083500484294,100,100,81,0.4121803840626448,0.05885850090479697,1.7545185504392424,9.618796621249173,4.874093129187397
