initial_infected_perc,length,height,population_size,contagion_distance,critical_limit,amp_susc,amp_rec,amp_inf
0.05767671130771267,100,100,5,4.45760310402235,0.08669624106277365,2.2642669217726166,2.167226558220409,9.696038586187326
