initial_infected_perc,length,height,population_size,contagion_distance,critical_limit,amp_susc,amp_rec,amp_inf
0.07314731331676042,100,100,89,2.8151208987483423,0.05075727839072139,1.273186129263315,7.2535326110313205,0.22796750962813306
