initial_infected_perc,length,height,population_size,contagion_distance,critical_limit,amp_susc,amp_rec,amp_inf
0.019287638412586273,100,100,42,0.002118155170859337,0.08322367835092813,7.77786543016054,3.963720912125007,9.362702138127064
