initial_infected_perc,length,height,population_size,contagion_distance,critical_limit,amp_susc,amp_rec,amp_inf
0.06121061450294967,100,100,35,5.984197350840006,0.0948048517813957,4.164317739313097,3.1198402149375726,7.232342016282559
