initial_infected_perc,length,height,population_size,contagion_distance,critical_limit,amp_susc,amp_rec,amp_inf
0.08426053232326776,100,100,14,8.425332697348267,0.07875471751324496,6.561730915349681,5.994561469434517,6.216297482467893
