initial_infected_perc,length,height,population_size,contagion_distance,critical_limit,amp_susc,amp_rec,amp_inf
0.008309584232750822,100,100,45,2.9069475121728217,0.0503710646455042,3.8656717727202796,0.5852953461312427,7.0450265481051755
