initial_infected_perc,length,height,population_size,contagion_distance,critical_limit,amp_susc,amp_rec,amp_inf
0.06841212995336782,100,100,82,6.458259661278807,0.07406094165008292,8.273936543172816,4.214379411177055,7.791547374665475
