initial_infected_perc,length,height,population_size,contagion_distance,critical_limit,amp_susc,amp_rec,amp_inf
0.043210560523019054,100,100,5,4.938293541134372,0.044943392939686536,1.9529613305293791,8.730300283262089,6.744522707166669
