initial_infected_perc,length,height,population_size,contagion_distance,critical_limit,amp_susc,amp_rec,amp_inf
0.003959022796323064,100,100,40,6.625201525720495,0.022497055592015883,4.990299020259494,6.418349347124968,1.985927473666742
