initial_infected_perc,length,height,population_size,contagion_distance,critical_limit,amp_susc,amp_rec,amp_inf
0.046848807649546076,100,100,65,9.28272415723697,0.0972813177713523,6.451889863101897,5.480923614695542,5.512634713603498
