initial_infected_perc,length,height,population_size,contagion_distance,critical_limit,amp_susc,amp_rec,amp_inf
0.07216364950796535,100,100,2,2.735335144688553,0.09885945746010111,0.06377933642090938,8.239301420219928,3.3818522050249444
