initial_infected_perc,length,height,population_size,contagion_distance,critical_limit,amp_susc,amp_rec,amp_inf
0.08651391904356209,100,100,40,1.3361548054878603,0.053656499257304605,9.862726308014016,1.2384053604109513,0.010318142450206347
