initial_infected_perc,length,height,population_size,contagion_distance,critical_limit,amp_susc,amp_rec,amp_inf
0.05390728551525686,100,100,25,6.932818464665642,0.0754076948440759,6.1944490139236645,0.7358952486014037,7.358851242162956
