initial_infected_perc,length,height,population_size,contagion_distance,critical_limit,amp_susc,amp_rec,amp_inf
0.028867376776212074,100,100,65,1.2516239222397374,0.053666833632165095,1.7535392424851537,7.782129436728614,5.853254480508304
