initial_infected_perc,length,height,population_size,contagion_distance,critical_limit,amp_susc,amp_rec,amp_inf
0.09220796896832231,100,100,27,2.0202257184715045,0.013254247447942825,3.487572334712511,8.20085845443366,1.5639339050930734
