initial_infected_perc,length,height,population_size,contagion_distance,critical_limit,amp_susc,amp_rec,amp_inf
0.08438447004497679,100,100,38,7.613829660157672,0.04898152625767206,7.463837836388436,2.6913253093578247,0.974750303159122
