initial_infected_perc,length,height,population_size,contagion_distance,critical_limit,amp_susc,amp_rec,amp_inf
0.05676243130434344,100,100,65,3.677396980442561,0.042428550657842234,3.7982702746725536,2.59788903204903,5.70120832840029
