initial_infected_perc,length,height,population_size,contagion_distance,critical_limit,amp_susc,amp_rec,amp_inf
0.07222307037916863,100,100,0,6.953478607213851,0.029728645272476942,5.744569636466325,8.505258814350874,1.3846859139007495
