initial_infected_perc,length,height,population_size,contagion_distance,critical_limit,amp_susc,amp_rec,amp_inf
0.010799583508075195,100,100,80,8.495298300965322,0.08932176987007634,3.035980332481827,3.0871927284567646,1.4460264353737562
