initial_infected_perc,length,height,population_size,contagion_distance,critical_limit,amp_susc,amp_rec,amp_inf
0.09606837286767185,100,100,18,2.5307583527625885,0.09138235813545209,0.6354832803660748,9.85587355964078,5.858586617800333
