initial_infected_perc,length,height,population_size,contagion_distance,critical_limit,amp_susc,amp_rec,amp_inf
0.04909099189290374,100,100,24,0.007529263132151076,0.0013784878862796114,9.972112762034461,5.575307424860718,7.043498244008395
