initial_infected_perc,length,height,population_size,contagion_distance,critical_limit,amp_susc,amp_rec,amp_inf
0.0649854269536421,100,100,68,6.995067373531705,0.05767667011168061,7.751279569198416,1.1754845377728684,3.8951087123788906
