initial_infected_perc,length,height,population_size,contagion_distance,critical_limit,amp_susc,amp_rec,amp_inf
0.028497509959505375,100,100,93,9.602268587985606,0.021726774222677204,1.691262066870135,8.412576435401688,4.069694349777221
