initial_infected_perc,length,height,population_size,contagion_distance,critical_limit,amp_susc,amp_rec,amp_inf
0.028293195679314077,100,100,22,0.3906937242061981,0.0693177424999563,0.02596151100685895,8.62294862386764,8.01207650168276
