initial_infected_perc,length,height,population_size,contagion_distance,critical_limit,amp_susc,amp_rec,amp_inf
0.04915454214410864,100,100,70,7.807156779249977,0.026832669385624855,8.61701227151045,8.64560793250296,5.52611371528907
