initial_infected_perc,length,height,population_size,contagion_distance,critical_limit,amp_susc,amp_rec,amp_inf
0.044510866583288525,100,100,27,3.577750902249729,0.06677574298134757,1.4029441477043725,0.08468733861203948,6.284681642962199
