initial_infected_perc,length,height,population_size,contagion_distance,critical_limit,amp_susc,amp_rec,amp_inf
0.02410992819737482,100,100,73,2.5795477269212927,0.019835376225786128,3.4265095408443216,2.141624658066571,1.3534469876849342
