initial_infected_perc,length,height,population_size,contagion_distance,critical_limit,amp_susc,amp_rec,amp_inf
0.037035029535526134,100,100,12,0.2311376677450483,0.026020415489293736,1.3648569743267458,4.449534708199131,4.634848280094044
