initial_infected_perc,length,height,population_size,contagion_distance,critical_limit,amp_susc,amp_rec,amp_inf
0.022647572228245816,100,100,57,3.49522352808885,0.04561302389080427,0.7514416329113072,5.412594489815681,4.304666480357604
