initial_infected_perc,length,height,population_size,contagion_distance,critical_limit,amp_susc,amp_rec,amp_inf
0.026646736039385024,100,100,42,6.98774502694346,0.03104237043386643,2.4950398838364904,7.405265004294699,8.537084038724922
