initial_infected_perc,length,height,population_size,contagion_distance,critical_limit,amp_susc,amp_rec,amp_inf
0.025176064700779613,100,100,55,3.896073347017456,0.038720713788104745,7.703046540947146,9.74464110281219,2.688724761198401
