initial_infected_perc,length,height,population_size,contagion_distance,critical_limit,amp_susc,amp_rec,amp_inf
0.02398976910316504,100,100,5,2.5741731724256978,0.059811109896060734,9.589565430323269,3.867973934164831,0.9142167955957947
