initial_infected_perc,length,height,population_size,contagion_distance,critical_limit,amp_susc,amp_rec,amp_inf
0.07021586775486309,100,100,88,1.7110312022333785,0.02826466646043442,3.5848026630943233,7.103441843307675,7.686876843915165
