initial_infected_perc,length,height,population_size,contagion_distance,critical_limit,amp_susc,amp_rec,amp_inf
0.09550961026243858,100,100,74,4.198379056443622,0.013519729536402481,4.231741138644417,2.6005908653584484,3.2273560887638544
