initial_infected_perc,length,height,population_size,contagion_distance,critical_limit,amp_susc,amp_rec,amp_inf
0.08753427389271475,100,100,91,4.815523840692169,0.052943595942769484,9.129573652622884,4.440225729432642,6.2511894105655
