initial_infected_perc,length,height,population_size,contagion_distance,critical_limit,amp_susc,amp_rec,amp_inf
0.03312167009403407,100,100,81,1.9248321342162866,0.07794667397382812,6.609784634096362,1.0535902719257118,7.895201769528084
