initial_infected_perc,length,height,population_size,contagion_distance,critical_limit,amp_susc,amp_rec,amp_inf
0.034344510041811126,100,100,55,2.38292632405515,0.053791962646483296,4.077202196499971,9.446729610625086,9.851314669178626
