initial_infected_perc,length,height,population_size,contagion_distance,critical_limit,amp_susc,amp_rec,amp_inf
0.06543209451778922,100,100,61,0.0361965470612724,0.03442762826815753,2.647823690116873,8.07194188166844,6.983930453647825
