initial_infected_perc,length,height,population_size,contagion_distance,critical_limit,amp_susc,amp_rec,amp_inf
0.09001525597612399,100,100,45,9.597530508176508,0.08019494892554013,2.9909087574615265,0.10644053570710854,1.8810778391512806
