initial_infected_perc,length,height,population_size,contagion_distance,critical_limit,amp_susc,amp_rec,amp_inf
0.004822833743369759,100,100,92,0.5190716946454166,0.0010822697087273236,2.769064888641517,0.3050157702811418,7.898822302710853
