initial_infected_perc,length,height,population_size,contagion_distance,critical_limit,amp_susc,amp_rec,amp_inf
0.08811658702231258,100,100,46,1.0197752675371485,0.04730662292902528,9.605532334031087,1.585000553737883,1.2815456608373854
