initial_infected_perc,length,height,population_size,contagion_distance,critical_limit,amp_susc,amp_rec,amp_inf
0.021844909953852368,100,100,57,6.423676468689825,0.05775206387118614,0.8487487498682822,3.870921770489918,2.768733179155778
