initial_infected_perc,length,height,population_size,contagion_distance,critical_limit,amp_susc,amp_rec,amp_inf
0.052114343310163715,100,100,32,1.5338309817447793,0.0663330008042994,1.8926618660412742,9.131378005433941,0.3564008622595971
