initial_infected_perc,length,height,population_size,contagion_distance,critical_limit,amp_susc,amp_rec,amp_inf
0.08350853520887054,100,100,46,1.5600367810765403,0.08356186495734617,3.9110585377687634,4.912007615682149,6.838114718533958
