initial_infected_perc,length,height,population_size,contagion_distance,critical_limit,amp_susc,amp_rec,amp_inf
0.08337801529093505,100,100,23,0.3230799631210701,0.05817783104774027,2.5841524823068207,4.683981094043476,7.8550061935189275
