initial_infected_perc,length,height,population_size,contagion_distance,critical_limit,amp_susc,amp_rec,amp_inf
0.08056131973403484,100,100,87,9.447214153179418,0.09437799542290204,3.8404058053847647,4.9235524336586245,3.0834881363884525
