initial_infected_perc,length,height,population_size,contagion_distance,critical_limit,amp_susc,amp_rec,amp_inf
0.09267548888830172,100,100,98,9.251137783198256,0.09847247688445235,7.894610985787707,6.278327844708924,9.356597766421297
