initial_infected_perc,length,height,population_size,contagion_distance,critical_limit,amp_susc,amp_rec,amp_inf
0.08747601104113997,100,100,81,1.2372564274891185,0.03343603910587633,5.527875582854635,2.95783865718965,7.510141740898526
