initial_infected_perc,length,height,population_size,contagion_distance,critical_limit,amp_susc,amp_rec,amp_inf
0.03564400827533611,100,100,72,0.5623113876616082,0.02779465855623192,6.485546958429903,6.156426893822662,4.6864407976563776
