initial_infected_perc,length,height,population_size,contagion_distance,critical_limit,amp_susc,amp_rec,amp_inf
0.08623646654169978,100,100,31,5.626986614384839,0.03330055228001957,8.625782885599834,5.69188202491286,3.67401250155993
