initial_infected_perc,length,height,population_size,contagion_distance,critical_limit,amp_susc,amp_rec,amp_inf
0.05601273820460365,100,100,55,4.878242746748786,0.06370237421228847,8.615407144560624,9.570358680063704,0.69527826714474
