initial_infected_perc,length,height,population_size,contagion_distance,critical_limit,amp_susc,amp_rec,amp_inf
0.07861710179741774,100,100,27,6.732783996525587,0.02028015168616867,9.259600770827483,1.0755932398846146,4.235243271077449
