initial_infected_perc,length,height,population_size,contagion_distance,critical_limit,amp_susc,amp_rec,amp_inf
0.06941137787663952,100,100,8,0.10899923661059296,0.04142337795786938,4.320203226671938,6.043321376624777,3.9193423631035804
