initial_infected_perc,length,height,population_size,contagion_distance,critical_limit,amp_susc,amp_rec,amp_inf
0.0007345050943417642,100,100,87,7.221915414553216,0.027109505959567317,4.575608757109851,3.731898109587388,5.466851133040987
