initial_infected_perc,length,height,population_size,contagion_distance,critical_limit,amp_susc,amp_rec,amp_inf
0.007935859888016606,100,100,73,2.47496705601413,0.019318868207150043,4.172368468242507,0.9512451097716934,1.3471791034807157
