initial_infected_perc,length,height,population_size,contagion_distance,critical_limit,amp_susc,amp_rec,amp_inf
0.08191735740394199,100,100,78,9.103671776343468,0.07306711771016984,5.476392404064603,7.480858726811843,1.4604766547233006
