initial_infected_perc,length,height,population_size,contagion_distance,critical_limit,amp_susc,amp_rec,amp_inf
0.003625892703463396,100,100,62,6.473152020373075,0.08799852954651266,9.109387411835804,6.7201273269050645,2.1661211145912054
