initial_infected_perc,length,height,population_size,contagion_distance,critical_limit,amp_susc,amp_rec,amp_inf
0.05014627430749017,100,100,98,6.506482825456716,0.04066648865341097,2.9948145197517384,2.2089840343931133,0.648993717572095
