initial_infected_perc,length,height,population_size,contagion_distance,critical_limit,amp_susc,amp_rec,amp_inf
0.08163978602217066,100,100,38,7.700336327997266,0.0915893423024171,4.4666314869680015,7.483299469570768,2.8823307831300635
