initial_infected_perc,length,height,population_size,contagion_distance,critical_limit,amp_susc,amp_rec,amp_inf
0.09068743548988006,100,100,89,1.8211585354858961,0.041604139097758557,6.451035951327341,4.3995387645948805,4.9636210126760965
