initial_infected_perc,length,height,population_size,contagion_distance,critical_limit,amp_susc,amp_rec,amp_inf
0.05484219893393486,100,100,54,9.62863319713962,0.0018379688160921838,2.3799176917768285,7.1558780467549745,7.062421309804876
