initial_infected_perc,length,height,population_size,contagion_distance,critical_limit,amp_susc,amp_rec,amp_inf
0.0031336150473218697,100,100,6,3.7875802894098265,0.007245369485812303,4.964999166867278,9.350198243250375,0.8647851067035528
