initial_infected_perc,length,height,population_size,contagion_distance,critical_limit,amp_susc,amp_rec,amp_inf
0.03381146240880163,100,100,69,7.102461396537204,0.013623764247798865,8.315954262816222,8.431085842737186,4.604370294123285
