initial_infected_perc,length,height,population_size,contagion_distance,critical_limit,amp_susc,amp_rec,amp_inf
0.05480417862249213,100,100,97,8.24113554347465,0.042445520348263925,4.2433563631616655,6.568331325974271,9.597781801240847
