initial_infected_perc,length,height,population_size,contagion_distance,critical_limit,amp_susc,amp_rec,amp_inf
0.014302547472338147,100,100,14,8.344205515551412,0.04062665811082249,1.679457283811805,5.643348274893666,0.38701727339706116
