initial_infected_perc,length,height,population_size,contagion_distance,critical_limit,amp_susc,amp_rec,amp_inf
0.028683413723493825,100,100,29,7.573236069132711,0.0059186084621994485,9.349239284753393,6.387661728530732,8.50438421537011
