initial_infected_perc,length,height,population_size,contagion_distance,critical_limit,amp_susc,amp_rec,amp_inf
0.08018506990749394,100,100,32,3.975649902307551,0.01281340873575494,1.3447017595578314,3.94290025111681,0.7838858376785418
