initial_infected_perc,length,height,population_size,contagion_distance,critical_limit,amp_susc,amp_rec,amp_inf
0.09576342392664963,100,100,63,9.007071562259775,0.006114114991309427,5.751124788004633,7.677964946260803,4.56970134218677
