initial_infected_perc,length,height,population_size,contagion_distance,critical_limit,amp_susc,amp_rec,amp_inf
0.07403083769480966,100,100,8,3.839000160433339,0.07852005859068384,7.526474669209895,8.005400140430746,8.406395218503311
