initial_infected_perc,length,height,population_size,contagion_distance,critical_limit,amp_susc,amp_rec,amp_inf
0.08553641383720263,100,100,2,9.322323729502742,0.09133175591690838,7.638867550015934,7.316049086240066,1.429619421192021
