initial_infected_perc,length,height,population_size,contagion_distance,critical_limit,amp_susc,amp_rec,amp_inf
0.05946930631682045,100,100,71,2.9398192440270874,0.02151155568510729,2.9989866851329627,8.845778111313955,9.483167312656317
