initial_infected_perc,length,height,population_size,contagion_distance,critical_limit,amp_susc,amp_rec,amp_inf
0.07414020566336409,100,100,2,0.2105483552822085,0.06944019161155554,3.817375151717256,8.560328885592954,4.736669014305766
