initial_infected_perc,length,height,population_size,contagion_distance,critical_limit,amp_susc,amp_rec,amp_inf
0.0077170332682543925,100,100,55,3.8385406297956273,0.015429150334528952,1.1082878820329145,9.61248050391262,2.3934321013724116
