initial_infected_perc,length,height,population_size,contagion_distance,critical_limit,amp_susc,amp_rec,amp_inf
0.04670283903638062,100,100,51,3.8780374979451993,0.004195396813228225,3.3376983452953413,7.6442377380988,4.333468335181657
