initial_infected_perc,length,height,population_size,contagion_distance,critical_limit,amp_susc,amp_rec,amp_inf
0.07467993112563813,100,100,81,2.838031103946644,0.02974920058782862,0.339474174303912,7.890229656702297,6.448160461506069
