initial_infected_perc,length,height,population_size,contagion_distance,critical_limit,amp_susc,amp_rec,amp_inf
0.08184831747873036,100,100,42,2.8928795572152533,0.017806623601484828,4.057703139767453,1.4660446921978598,0.9751131720113926
