initial_infected_perc,length,height,population_size,contagion_distance,critical_limit,amp_susc,amp_rec,amp_inf
0.03473792283679653,100,100,35,7.694345971390173,0.09162454963235828,5.641040984552944,9.62917803674718,7.516375268863066
