initial_infected_perc,length,height,population_size,contagion_distance,critical_limit,amp_susc,amp_rec,amp_inf
0.08549420887020663,100,100,69,7.5900368766683375,0.05391699409016807,2.876696122145681,8.05767995905077,8.074027775162344
