initial_infected_perc,length,height,population_size,contagion_distance,critical_limit,amp_susc,amp_rec,amp_inf
0.04339728979454225,100,100,71,5.073279639345997,0.0316876758046911,5.2725013658011735,2.3772210431148255,1.7372368652590975
