initial_infected_perc,length,height,population_size,contagion_distance,critical_limit,amp_susc,amp_rec,amp_inf
0.0077115615048596875,100,100,1,1.3151359757061087,0.07635669501244183,8.636788560132645,8.948071241677763,1.8504988683990797
