initial_infected_perc,length,height,population_size,contagion_distance,critical_limit,amp_susc,amp_rec,amp_inf
0.016107810494480203,100,100,29,4.381622512985319,0.06876380603670362,2.44064462852263,1.1779915337530888,4.231043831762427
