initial_infected_perc,length,height,population_size,contagion_distance,critical_limit,amp_susc,amp_rec,amp_inf
0.006768550573736621,100,100,53,6.116020094131654,0.08112928808036957,6.863340933037746,7.7514330970644885,7.720891044429457
