initial_infected_perc,length,height,population_size,contagion_distance,critical_limit,amp_susc,amp_rec,amp_inf
0.04086184322978299,100,100,92,5.925316067120053,0.006448417323283218,0.09149314922051066,2.3986362031194384,0.23910459976776877
