initial_infected_perc,length,height,population_size,contagion_distance,critical_limit,amp_susc,amp_rec,amp_inf
0.022890401201904144,100,100,46,6.758948033817159,0.04180027625494734,1.2018853233764204,5.292561667719032,6.615593665735813
