initial_infected_perc,length,height,population_size,contagion_distance,critical_limit,amp_susc,amp_rec,amp_inf
0.00191402140284499,100,100,38,2.8611460104080253,0.047195491541023205,5.335880521873936,5.0185068440311085,5.915567040680396
