initial_infected_perc,length,height,population_size,contagion_distance,critical_limit,amp_susc,amp_rec,amp_inf
0.0494639719849166,100,100,34,8.440030399282454,0.03815485923347796,9.719174048577756,8.4261695711685,7.790121967491648
