initial_infected_perc,length,height,population_size,contagion_distance,critical_limit,amp_susc,amp_rec,amp_inf
0.04584106177015466,100,100,4,3.8936533047201527,0.08902973675703957,8.51584845154154,4.680852840302908,0.9689079200407769
