initial_infected_perc,length,height,population_size,contagion_distance,critical_limit,amp_susc,amp_rec,amp_inf
0.061965260748844564,100,100,40,0.13806485255018597,0.03225156915561354,6.871172495010801,8.558802756294256,7.734683348148138
