initial_infected_perc,length,height,population_size,contagion_distance,critical_limit,amp_susc,amp_rec,amp_inf
0.0918813271537991,100,100,13,7.697721963947345,0.018020792770275084,0.996101817756071,9.937990010136023,5.616332396114272
