initial_infected_perc,length,height,population_size,contagion_distance,critical_limit,amp_susc,amp_rec,amp_inf
0.034444009826185444,100,100,23,3.975567613489519,0.09563743762534088,9.822308701702603,1.9304857226157524,4.823543311084686
