initial_infected_perc,length,height,population_size,contagion_distance,critical_limit,amp_susc,amp_rec,amp_inf
0.08952018845145851,100,100,95,5.343449682764274,0.061237283876387875,8.81863951614044,7.8010827244769825,7.089174843842152
