initial_infected_perc,length,height,population_size,contagion_distance,critical_limit,amp_susc,amp_rec,amp_inf
0.019054374302333966,100,100,3,6.2258403028266045,0.09730228062105623,2.4069338568625986,0.8293959191636646,7.570199446692051
