initial_infected_perc,length,height,population_size,contagion_distance,critical_limit,amp_susc,amp_rec,amp_inf
0.016131987697203955,100,100,38,1.5270609624457598,0.020495919748423165,9.554048373421908,4.4272888318669885,6.183033566223516
