initial_infected_perc,length,height,population_size,contagion_distance,critical_limit,amp_susc,amp_rec,amp_inf
0.007683836213288487,100,100,67,2.526240478300558,0.05193419477849767,9.333018487538922,4.514882291821695,8.437514862142033
