initial_infected_perc,length,height,population_size,contagion_distance,critical_limit,amp_susc,amp_rec,amp_inf
0.05517304415307896,100,100,49,0.20508409834756658,0.07476290358926588,1.6845170353975991,4.616233057599606,2.9952437886850736
