initial_infected_perc,length,height,population_size,contagion_distance,critical_limit,amp_susc,amp_rec,amp_inf
0.03446909334157026,100,100,26,0.19558861704715436,0.057157745740900615,0.7114733146519014,6.324722480002532,6.302843055891421
