initial_infected_perc,length,height,population_size,contagion_distance,critical_limit,amp_susc,amp_rec,amp_inf
0.019692322486640625,100,100,77,2.7180155102963433,0.029947767443893603,1.0185169162557717,8.744011033773337,6.997249864143532
