initial_infected_perc,length,height,population_size,contagion_distance,critical_limit,amp_susc,amp_rec,amp_inf
0.042443021982766095,100,100,44,9.858297942084091,0.008928130829073833,5.728014969375495,4.808683446318774,4.081805738663935
