initial_infected_perc,length,height,population_size,contagion_distance,critical_limit,amp_susc,amp_rec,amp_inf
0.017640025788855897,100,100,71,1.1518275239756381,0.0677100639129132,7.153080768897679,5.401994227638326,8.49141275162738
