initial_infected_perc,length,height,population_size,contagion_distance,critical_limit,amp_susc,amp_rec,amp_inf
0.05824469383883118,100,100,17,8.99238906404355,0.06179554955196649,1.0596697343907624,3.1102567643739807,7.306792889917841
