initial_infected_perc,length,height,population_size,contagion_distance,critical_limit,amp_susc,amp_rec,amp_inf
0.07741308898722246,100,100,44,3.392646325523505,0.09436770468771331,2.644703890591723,4.373704276207576,4.040783749672421
