initial_infected_perc,length,height,population_size,contagion_distance,critical_limit,amp_susc,amp_rec,amp_inf
0.0909403890264755,100,100,88,6.341615720790222,0.05982189914014017,1.8981769847408747,5.211938574167167,9.658161396657762
