initial_infected_perc,length,height,population_size,contagion_distance,critical_limit,amp_susc,amp_rec,amp_inf
0.04273609521678187,100,100,18,1.3851748870718594,0.0016339242562708911,1.5301124955948564,6.335999198163311,3.6413387529301944
