initial_infected_perc,length,height,population_size,contagion_distance,critical_limit,amp_susc,amp_rec,amp_inf
0.06169739608800448,100,100,43,6.595710738657704,0.024346786415516488,3.8355420303660557,1.2056067742666488,1.1450645384283498
