initial_infected_perc,length,height,population_size,contagion_distance,critical_limit,amp_susc,amp_rec,amp_inf
0.06062722712361188,100,100,47,2.330210084853227,0.032775469358300356,6.745115601485412,2.555659805482662,9.727177733134656
