initial_infected_perc,length,height,population_size,contagion_distance,critical_limit,amp_susc,amp_rec,amp_inf
0.012323437785681313,100,100,72,2.3297040263428883,0.036816941952828884,9.224296482347683,7.364913095396711,1.0345898249860863
