initial_infected_perc,length,height,population_size,contagion_distance,critical_limit,amp_susc,amp_rec,amp_inf
0.06128408851175208,100,100,10,9.18411211094462,0.023353645923600133,3.240552335961068,4.508120965615526,3.240922058467972
