initial_infected_perc,length,height,population_size,contagion_distance,critical_limit,amp_susc,amp_rec,amp_inf
0.09436583341464717,100,100,35,0.7095826094781921,0.06824384075619896,4.099250793213471,6.311546249330945,1.3212792757579095
