initial_infected_perc,length,height,population_size,contagion_distance,critical_limit,amp_susc,amp_rec,amp_inf
0.003661268408624019,100,100,61,8.359911931251148,0.06354745561547426,9.867035591079155,1.924453495461771,9.552882585090378
