initial_infected_perc,length,height,population_size,contagion_distance,critical_limit,amp_susc,amp_rec,amp_inf
0.06912085511779059,100,100,11,0.6552023591243505,0.0180413529352785,0.3559880975569574,1.2367515691324171,5.776256114476274
