initial_infected_perc,length,height,population_size,contagion_distance,critical_limit,amp_susc,amp_rec,amp_inf
0.022326607713576297,100,100,78,4.51961626544783,0.05557065781158904,5.78091011499062,7.259874899635421,7.861222709616179
