initial_infected_perc,length,height,population_size,contagion_distance,critical_limit,amp_susc,amp_rec,amp_inf
0.036495175578674356,100,100,66,4.009379546675854,0.08043628985936392,5.146310820408116,6.168678055598678,4.335119491000203
