initial_infected_perc,length,height,population_size,contagion_distance,critical_limit,amp_susc,amp_rec,amp_inf
0.03246725670119162,100,100,86,7.274234365863064,0.09479215552070008,8.124439516104081,8.69740608879426,8.843230514678828
