initial_infected_perc,length,height,population_size,contagion_distance,critical_limit,amp_susc,amp_rec,amp_inf
0.047822665236401864,100,100,98,8.07012180294363,0.06462953209296479,5.680922889785078,7.151366037462888,8.984390397153216
