initial_infected_perc,length,height,population_size,contagion_distance,critical_limit,amp_susc,amp_rec,amp_inf
0.06509821095039454,100,100,49,2.7417702583914503,0.023875703970262133,0.4151658833580507,1.614569119769479,5.327884691569813
