initial_infected_perc,length,height,population_size,contagion_distance,critical_limit,amp_susc,amp_rec,amp_inf
0.09164976773839983,100,100,91,6.691459237096299,0.05719135087299174,6.027703452388666,6.14603862381106,3.183152739758234
