initial_infected_perc,length,height,population_size,contagion_distance,critical_limit,amp_susc,amp_rec,amp_inf
0.07928719080917115,100,100,62,9.73873823151553,0.039792692830019696,9.33798564908495,7.683497509738548,8.382591360498317
