initial_infected_perc,length,height,population_size,contagion_distance,critical_limit,amp_susc,amp_rec,amp_inf
0.052529540840800026,100,100,4,1.2016012498880724,0.0028384163240656626,4.327558247428758,7.592682679620726,4.136325895991772
