initial_infected_perc,length,height,population_size,contagion_distance,critical_limit,amp_susc,amp_rec,amp_inf
0.08218571161771027,100,100,2,9.491149788074306,0.04243371472732861,7.678629583992805,5.043847255115991,3.559460664636714
