initial_infected_perc,length,height,population_size,contagion_distance,critical_limit,amp_susc,amp_rec,amp_inf
0.009673470999876166,100,100,9,2.9383180415224364,0.07102326019929693,6.944984933062122,6.464137820334686,8.847636595928858
