initial_infected_perc,length,height,population_size,contagion_distance,critical_limit,amp_susc,amp_rec,amp_inf
0.08890929268226128,100,100,75,8.627434628689983,0.008733608174681152,8.679578291168964,8.628319177889264,2.755509696127194
