initial_infected_perc,length,height,population_size,contagion_distance,critical_limit,amp_susc,amp_rec,amp_inf
0.0742692199779908,100,100,12,0.7810197938900987,0.0367605739856302,0.0602361008466179,8.10182870660743,1.8260413771420714
