initial_infected_perc,length,height,population_size,contagion_distance,critical_limit,amp_susc,amp_rec,amp_inf
0.09825233929066889,100,100,49,9.407365825866588,0.06034992770282312,5.188959035172669,0.2797065316640146,4.312233906097285
