initial_infected_perc,length,height,population_size,contagion_distance,critical_limit,amp_susc,amp_rec,amp_inf
0.03236419291932723,100,100,20,5.39167400398202,0.09888636895139759,3.230491746586538,6.919739800697836,1.4575591589180315
