initial_infected_perc,length,height,population_size,contagion_distance,critical_limit,amp_susc,amp_rec,amp_inf
0.026462457320237255,100,100,92,7.1222468335549785,0.017372305278055146,6.881182713934574,4.554660945173595,9.806592525349895
