initial_infected_perc,length,height,population_size,contagion_distance,critical_limit,amp_susc,amp_rec,amp_inf
0.06919001293779506,100,100,15,8.532287981184483,0.007723291066671245,3.409648378735366,9.896990557385802,0.8239817383446857
