initial_infected_perc,length,height,population_size,contagion_distance,critical_limit,amp_susc,amp_rec,amp_inf
0.02735324450212655,100,100,59,7.916578990130951,0.06312014443771101,4.820421039207584,4.9919447040448315,6.924871155684641
