initial_infected_perc,length,height,population_size,contagion_distance,critical_limit,amp_susc,amp_rec,amp_inf
0.09281234967549326,100,100,40,0.0735495032747635,0.03782853546381343,5.171537985857162,0.6337204088848569,5.429656374007063
