initial_infected_perc,length,height,population_size,contagion_distance,critical_limit,amp_susc,amp_rec,amp_inf
0.07249802246993119,100,100,90,3.154787892227009,0.004522206172328536,4.680561072830623,6.496914565410242,3.31288695450237
