initial_infected_perc,length,height,population_size,contagion_distance,critical_limit,amp_susc,amp_rec,amp_inf
0.033781934043768704,100,100,37,3.8966806735022432,0.012510445330727739,6.632361887835382,2.9083358338757437,8.261815515982113
