initial_infected_perc,length,height,population_size,contagion_distance,critical_limit,amp_susc,amp_rec,amp_inf
0.06856972561554661,100,100,58,7.219568146666683,0.07558551447080383,9.823786292564575,6.962394562050632,4.112365084648042
