initial_infected_perc,length,height,population_size,contagion_distance,critical_limit,amp_susc,amp_rec,amp_inf
0.07511226496844253,100,100,97,8.455339910607115,0.048681775267718455,0.6327651414695246,2.983756613605789,8.410077069222812
