initial_infected_perc,length,height,population_size,contagion_distance,critical_limit,amp_susc,amp_rec,amp_inf
0.09445200274878779,100,100,28,5.3903451502744995,0.08003943615351228,2.41431782453285,3.233189726316985,6.643702051353303
