initial_infected_perc,length,height,population_size,contagion_distance,critical_limit,amp_susc,amp_rec,amp_inf
0.07530835069713941,100,100,54,8.87694724116273,0.058047376229739656,5.443157505071424,3.216901376234691,7.598610894309578
