initial_infected_perc,length,height,population_size,contagion_distance,critical_limit,amp_susc,amp_rec,amp_inf
0.05669255073780404,100,100,72,8.097866786024126,0.09414969302962949,6.9969218687315475,6.229454466378662,5.5089863262862515
