initial_infected_perc,length,height,population_size,contagion_distance,critical_limit,amp_susc,amp_rec,amp_inf
0.050595112609302356,100,100,63,6.74904876004226,0.08476033814908707,0.8582318603643879,6.21125294810703,9.62407520403547
