initial_infected_perc,length,height,population_size,contagion_distance,critical_limit,amp_susc,amp_rec,amp_inf
0.09597399405464438,100,100,99,9.32745398277737,0.09723599752869845,5.19727035426315,2.5252033394070947,2.221088080867041
