initial_infected_perc,length,height,population_size,contagion_distance,critical_limit,amp_susc,amp_rec,amp_inf
0.045453674480235455,100,100,58,0.2458524884712432,0.0437969475599872,2.582834411282766,6.219561958681311,3.720765667286371
