initial_infected_perc,length,height,population_size,contagion_distance,critical_limit,amp_susc,amp_rec,amp_inf
0.09879376722959075,100,100,7,9.781146127003108,0.024232181345873873,7.036462448816375,7.601091011195555,7.765667454425134
