initial_infected_perc,length,height,population_size,contagion_distance,critical_limit,amp_susc,amp_rec,amp_inf
0.05456955825688584,100,100,24,2.3371217357774365,0.06614369904292562,7.664680534880285,8.60039873557831,7.662786793465274
