initial_infected_perc,length,height,population_size,contagion_distance,critical_limit,amp_susc,amp_rec,amp_inf
0.03507325555999961,100,100,45,5.019959984986116,0.09223140781630312,6.572909133399331,2.8865497873609893,3.2629951126465793
