initial_infected_perc,length,height,population_size,contagion_distance,critical_limit,amp_susc,amp_rec,amp_inf
0.033218113033734835,100,100,6,1.5739721583614386,0.052115329904878605,4.010347079722898,5.601027636617846,4.960957968173019
