initial_infected_perc,length,height,population_size,contagion_distance,critical_limit,amp_susc,amp_rec,amp_inf
0.006305095517220628,100,100,9,8.823690657939684,0.06558180312132367,1.74302985729747,3.8290774792310978,9.119955025429958
