initial_infected_perc,length,height,population_size,contagion_distance,critical_limit,amp_susc,amp_rec,amp_inf
0.06101998329041272,100,100,11,2.0831988022361445,0.031810960504140055,3.12767892849082,5.017326539999142,3.8563595404899043
