initial_infected_perc,length,height,population_size,contagion_distance,critical_limit,amp_susc,amp_rec,amp_inf
0.010327864598691195,100,100,53,1.4260282598568064,0.017075786503117817,1.5458302778559962,3.592555481178279,1.9899214917751828
