initial_infected_perc,length,height,population_size,contagion_distance,critical_limit,amp_susc,amp_rec,amp_inf
0.08679560610494463,100,100,93,1.1493241667609,0.025211517229667937,1.0718822977375453,8.45141091289594,0.43345190047145876
