initial_infected_perc,length,height,population_size,contagion_distance,critical_limit,amp_susc,amp_rec,amp_inf
0.008540282330358084,100,100,62,4.120129672990097,0.00903029849503172,0.8313394218731707,2.592047130004719,2.059165968372103
