initial_infected_perc,length,height,population_size,contagion_distance,critical_limit,amp_susc,amp_rec,amp_inf
0.08566262430077512,100,100,12,7.432299386944862,0.08888574424595433,5.733430564146582,8.295758780290802,8.194161548785562
