initial_infected_perc,length,height,population_size,contagion_distance,critical_limit,amp_susc,amp_rec,amp_inf
0.00409860544536299,100,100,56,6.604786982139591,0.024240113600289694,6.2169948160799,4.908427877222799,3.9708022458871426
