initial_infected_perc,length,height,population_size,contagion_distance,critical_limit,amp_susc,amp_rec,amp_inf
0.016074550253371556,100,100,35,5.315552126045938,0.09957104264497735,3.0600366808956014,0.3950718868162406,7.394126882246351
