initial_infected_perc,length,height,population_size,contagion_distance,critical_limit,amp_susc,amp_rec,amp_inf
0.0017993241984910814,100,100,83,1.1954546802773214,0.08621142239857664,7.746606256930397,3.3273812642973857,6.984787305509257
