initial_infected_perc,length,height,population_size,contagion_distance,critical_limit,amp_susc,amp_rec,amp_inf
0.04588600471754142,100,100,19,4.665406027185445,0.09395936207186642,0.9255115856302132,6.90143960699411,1.5929391644270796
