initial_infected_perc,length,height,population_size,contagion_distance,critical_limit,amp_susc,amp_rec,amp_inf
0.08416666203595784,100,100,12,1.944153004806658,0.02938712881843707,6.347587673650088,9.955423464518327,8.965350220990345
