initial_infected_perc,length,height,population_size,contagion_distance,critical_limit,amp_susc,amp_rec,amp_inf
0.05929376980457843,100,100,85,6.042638312215722,0.0556249053075263,7.107112238599363,8.003817978059038,2.9062277552866487
