initial_infected_perc,length,height,population_size,contagion_distance,critical_limit,amp_susc,amp_rec,amp_inf
0.07245551956853301,100,100,63,7.362999828920249,0.047331582734703406,5.4515827353221615,3.5975083469994997,8.431141048548467
