initial_infected_perc,length,height,population_size,contagion_distance,critical_limit,amp_susc,amp_rec,amp_inf
0.003603525024842558,100,100,70,1.5166182297178044,0.024248845994280045,8.519613246548257,0.9911835130369895,7.1042492427374535
