initial_infected_perc,length,height,population_size,contagion_distance,critical_limit,amp_susc,amp_rec,amp_inf
0.07291892655041977,100,100,4,2.764363903610587,0.02012624673648601,3.965907238793646,9.773963998242493,3.496693077571477
