initial_infected_perc,length,height,population_size,contagion_distance,critical_limit,amp_susc,amp_rec,amp_inf
0.08182328105394325,100,100,42,6.134530198338286,0.013401515994005787,9.538510899958304,6.869071786145584,2.3068745755670994
