initial_infected_perc,length,height,population_size,contagion_distance,critical_limit,amp_susc,amp_rec,amp_inf
0.05164275699494802,100,100,76,1.3228773455444187,0.02200903694747776,5.0449272488523516,9.01926666613572,8.27072681301212
