initial_infected_perc,length,height,population_size,contagion_distance,critical_limit,amp_susc,amp_rec,amp_inf
0.007656841452098429,100,100,52,6.680735582411956,0.05840807379429047,4.947884864400579,3.1540349809923516,8.206987729777806
