initial_infected_perc,length,height,population_size,contagion_distance,critical_limit,amp_susc,amp_rec,amp_inf
0.09215574710934953,100,100,38,6.286162326859661,0.03994433361674459,7.691271684589197,6.669408526043338,8.548343357887623
