initial_infected_perc,length,height,population_size,contagion_distance,critical_limit,amp_susc,amp_rec,amp_inf
0.024499928038767937,100,100,67,4.6936476075497024,0.03480142967270113,3.9343183013024685,3.440688754531489,8.690394107695687
