initial_infected_perc,length,height,population_size,contagion_distance,critical_limit,amp_susc,amp_rec,amp_inf
0.054187321843287985,100,100,79,8.99041775815535,0.011614035974028537,8.017157719506935,1.6351634544894411,8.931168869821457
