initial_infected_perc,length,height,population_size,contagion_distance,critical_limit,amp_susc,amp_rec,amp_inf
0.046628714598220156,100,100,74,0.8372957938643211,0.0069726252418579665,4.5733567152326495,0.9545417532965628,2.0055561290204094
