initial_infected_perc,length,height,population_size,contagion_distance,critical_limit,amp_susc,amp_rec,amp_inf
0.09611526349132903,100,100,78,4.845143132850136,0.033532734745261104,3.376977610685512,7.937540191943543,3.211210273442516
