initial_infected_perc,length,height,population_size,contagion_distance,critical_limit,amp_susc,amp_rec,amp_inf
0.029671315068889016,100,100,10,3.60394137826213,0.09616978536846131,5.900364187780115,1.555928387753146,5.384143294517934
