initial_infected_perc,length,height,population_size,contagion_distance,critical_limit,amp_susc,amp_rec,amp_inf
0.04938668522401146,100,100,34,6.771536520273871,0.05070559639618141,2.7522549123010274,3.3713047266631744,9.721548208840666
