initial_infected_perc,length,height,population_size,contagion_distance,critical_limit,amp_susc,amp_rec,amp_inf
0.07664575348582708,100,100,88,8.198519283620797,0.024714819715038708,2.3580956700249125,5.2267801435575425,8.373220234908025
