initial_infected_perc,length,height,population_size,contagion_distance,critical_limit,amp_susc,amp_rec,amp_inf
0.0233292033517572,100,100,11,0.09443875196215035,0.07098657349015834,6.4155442261298345,7.198395143553106,8.8903841827022
