initial_infected_perc,length,height,population_size,contagion_distance,critical_limit,amp_susc,amp_rec,amp_inf
0.07257641006591095,100,100,79,4.724439603642433,0.0659132359274832,8.069119561624088,9.726028643232679,3.9045059787390057
