initial_infected_perc,length,height,population_size,contagion_distance,critical_limit,amp_susc,amp_rec,amp_inf
0.08624542497421425,100,100,3,0.21182351681925948,0.01982877893474704,8.390359757410508,8.806586357028761,5.884602562304479
