initial_infected_perc,length,height,population_size,contagion_distance,critical_limit,amp_susc,amp_rec,amp_inf
0.06258739439846377,100,100,97,8.726150911141934,0.04405290467428609,3.4150798971739937,9.911286639886777,4.079113070120149
