initial_infected_perc,length,height,population_size,contagion_distance,critical_limit,amp_susc,amp_rec,amp_inf
0.038523938080030434,100,100,53,0.15717450825299184,0.09822266067444091,1.06364274892366,9.17310754988627,8.6536328860345
