initial_infected_perc,length,height,population_size,contagion_distance,critical_limit,amp_susc,amp_rec,amp_inf
0.09331477436045206,100,100,53,5.444852256326355,0.09497000749721247,2.1523211526046837,0.9971975885129059,4.407237063002034
