initial_infected_perc,length,height,population_size,contagion_distance,critical_limit,amp_susc,amp_rec,amp_inf
0.0992590840964565,100,100,74,3.9882882057013225,0.033622445283102,6.180386503275105,8.921804951149886,7.417842802812885
