initial_infected_perc,length,height,population_size,contagion_distance,critical_limit,amp_susc,amp_rec,amp_inf
0.0027372715158184625,100,100,76,9.136500884912675,0.09946122614889406,3.4655506121233515,4.5856063495606625,5.644888163739342
