initial_infected_perc,length,height,population_size,contagion_distance,critical_limit,amp_susc,amp_rec,amp_inf
0.023247653172641727,100,100,66,0.10970639638666846,0.06507739803868927,9.897251640107076,4.407791852103518,0.10313249662122881
