initial_infected_perc,length,height,population_size,contagion_distance,critical_limit,amp_susc,amp_rec,amp_inf
0.054547972554921734,100,100,53,5.729686640250758,0.09144252454857278,0.6926684075298439,4.199338221851942,0.9350236923066069
