initial_infected_perc,length,height,population_size,contagion_distance,critical_limit,amp_susc,amp_rec,amp_inf
0.08808174106532,100,100,62,0.43635681637696044,0.07566991829472998,9.122916420691515,5.2846202264967665,3.3260659924083305
