initial_infected_perc,length,height,population_size,contagion_distance,critical_limit,amp_susc,amp_rec,amp_inf
0.09048867842524594,100,100,15,6.709635310398935,0.029826503538672423,0.12056386262275232,3.886322576066731,8.74394983210402
