initial_infected_perc,length,height,population_size,contagion_distance,critical_limit,amp_susc,amp_rec,amp_inf
0.07571304925701716,100,100,42,0.025265871711473986,0.04036980633727957,6.653853888015478,3.4640915845317375,8.181203614527679
