initial_infected_perc,length,height,population_size,contagion_distance,critical_limit,amp_susc,amp_rec,amp_inf
0.09866458460859875,100,100,98,9.250713566256955,0.002985575878856872,9.146045721344725,5.311899430264411,5.054827488152506
