initial_infected_perc,length,height,population_size,contagion_distance,critical_limit,amp_susc,amp_rec,amp_inf
0.0408768078515446,100,100,11,7.5943581834407015,0.08212045343984266,1.9388226467908354,4.9937745273175285,8.80516766467297
