initial_infected_perc,length,height,population_size,contagion_distance,critical_limit,amp_susc,amp_rec,amp_inf
0.08442318231118356,100,100,97,7.165740051699514,0.06632743780799073,5.179420893097852,3.108184752732317,4.182451401174009
