initial_infected_perc,length,height,population_size,contagion_distance,critical_limit,amp_susc,amp_rec,amp_inf
0.05912862391141169,100,100,99,6.9913431418593275,0.044763905956154794,3.325437254926269,8.291049388052912,4.194424051481683
