initial_infected_perc,length,height,population_size,contagion_distance,critical_limit,amp_susc,amp_rec,amp_inf
0.00789272538860404,100,100,60,1.6570839334710674,0.0774058929542066,6.117836479481444,7.144248379816773,0.4040468884939863
