initial_infected_perc,length,height,population_size,contagion_distance,critical_limit,amp_susc,amp_rec,amp_inf
0.03267653637884262,100,100,50,9.070409077231414,0.07181069779299055,4.667168523402053,7.863917015390983,1.7517813456720133
