initial_infected_perc,length,height,population_size,contagion_distance,critical_limit,amp_susc,amp_rec,amp_inf
0.01151973682913895,100,100,82,9.315910971659404,0.017329317907661634,7.681343613803591,9.378840651061012,9.697843706730211
