initial_infected_perc,length,height,population_size,contagion_distance,critical_limit,amp_susc,amp_rec,amp_inf
0.037476998391888394,100,100,12,0.7558362972124899,0.09033999245163712,8.653247787764993,6.7169225236939205,3.848895360515383
