initial_infected_perc,length,height,population_size,contagion_distance,critical_limit,amp_susc,amp_rec,amp_inf
0.04744995618056045,100,100,39,9.827261654482808,0.057461325958084036,2.177792046156297,8.675589530569114,1.3640778562828293
