initial_infected_perc,length,height,population_size,contagion_distance,critical_limit,amp_susc,amp_rec,amp_inf
0.023197675231537554,100,100,88,7.099669853500171,0.09723076859234202,3.9295960890334136,0.347589394756429,4.924791422283304
