initial_infected_perc,length,height,population_size,contagion_distance,critical_limit,amp_susc,amp_rec,amp_inf
0.010315811449824509,100,100,94,7.6913602359055,0.04411780721391631,3.0846713405636903,7.925649871690844,7.417263280312648
