initial_infected_perc,length,height,population_size,contagion_distance,critical_limit,amp_susc,amp_rec,amp_inf
0.08314781921767475,100,100,18,6.320783073197248,0.07628554051541442,6.029141775722879,8.390396833022773,1.5865809479507387
