initial_infected_perc,length,height,population_size,contagion_distance,critical_limit,amp_susc,amp_rec,amp_inf
0.09607278282907346,100,100,91,6.444390578983818,0.02418083550865482,4.264059136299617,1.2052747586252388,1.3820018951413549
