initial_infected_perc,length,height,population_size,contagion_distance,critical_limit,amp_susc,amp_rec,amp_inf
0.05977866027344058,100,100,69,7.1050981374139734,0.05149859780790298,6.641320302979558,3.17660436172023,7.420670128874791
