initial_infected_perc,length,height,population_size,contagion_distance,critical_limit,amp_susc,amp_rec,amp_inf
0.07701384582801446,100,100,50,9.499727712949369,0.0700502941365022,4.707016441088143,9.904195206653693,2.64075466821053
