initial_infected_perc,length,height,population_size,contagion_distance,critical_limit,amp_susc,amp_rec,amp_inf
0.007786972125350267,100,100,13,4.319098109361588,0.08047687679971292,0.7645234170622606,4.156985046571479,6.200963992738597
