initial_infected_perc,length,height,population_size,contagion_distance,critical_limit,amp_susc,amp_rec,amp_inf
0.029757379670326045,100,100,93,7.918534664986271,0.07180321926810901,5.104357697679726,4.87867919019651,1.1138199125940385
