initial_infected_perc,length,height,population_size,contagion_distance,critical_limit,amp_susc,amp_rec,amp_inf
0.016862761669708095,100,100,27,6.2417206393043445,0.05889867656859987,6.030716718428312,1.7924833694130404,2.751300777724486
