initial_infected_perc,length,height,population_size,contagion_distance,critical_limit,amp_susc,amp_rec,amp_inf
0.05720745098085082,100,100,11,1.2628786326773633,0.09978592302863352,9.739728024828063,0.7742854518129716,4.479970673885
