initial_infected_perc,length,height,population_size,contagion_distance,critical_limit,amp_susc,amp_rec,amp_inf
0.0722760319671426,100,100,9,3.034249485506759,0.029102013697253338,6.314476587398171,8.800396351439886,8.185085683690486
