initial_infected_perc,length,height,population_size,contagion_distance,critical_limit,amp_susc,amp_rec,amp_inf
0.034605129823403115,100,100,42,6.225891868768004,0.05469401404433227,3.263857319477661,1.2303254878586944,3.5169997977902456
