initial_infected_perc,length,height,population_size,contagion_distance,critical_limit,amp_susc,amp_rec,amp_inf
0.06331408520831365,100,100,92,6.687258187768439,0.039754703861132834,9.034969114907268,2.7430072643845738,8.950171858849307
