initial_infected_perc,length,height,population_size,contagion_distance,critical_limit,amp_susc,amp_rec,amp_inf
0.03609289932683431,100,100,27,7.701927505884207,0.09680211219723754,2.9219648039106536,5.645876140869534,2.2848915945200385
