initial_infected_perc,length,height,population_size,contagion_distance,critical_limit,amp_susc,amp_rec,amp_inf
0.040295342555067,100,100,84,5.910886824822964,0.025960264125232748,1.508459628044193,6.666789900709147,6.346519663922386
