initial_infected_perc,length,height,population_size,contagion_distance,critical_limit,amp_susc,amp_rec,amp_inf
0.024519254774704527,100,100,99,1.4323011806700747,0.09659092722586776,8.742264714690664,2.012756435834836,1.7940142501870582
