initial_infected_perc,length,height,population_size,contagion_distance,critical_limit,amp_susc,amp_rec,amp_inf
0.03590949686791341,100,100,19,0.386938210438188,0.048982519645207556,5.1499704705321285,9.452302923419678,4.993238484755111
