initial_infected_perc,length,height,population_size,contagion_distance,critical_limit,amp_susc,amp_rec,amp_inf
0.07517838073539035,100,100,17,9.368056846248443,0.07015903896931205,2.0079404774577014,6.350846616214608,8.512672771290479
