initial_infected_perc,length,height,population_size,contagion_distance,critical_limit,amp_susc,amp_rec,amp_inf
0.07972375471807464,100,100,40,9.80109035007012,0.054281733064544396,1.7877088047983714,4.044971198032993,2.7767742233954107
