initial_infected_perc,length,height,population_size,contagion_distance,critical_limit,amp_susc,amp_rec,amp_inf
0.01755249246452615,100,100,98,5.482277710453048,0.08736928362862628,9.402397591941936,5.199944293303394,8.456792629959136
