initial_infected_perc,length,height,population_size,contagion_distance,critical_limit,amp_susc,amp_rec,amp_inf
0.0718909186586439,100,100,91,8.910241117955183,0.0019210949301852742,1.3037877620580274,7.187829325026053,5.642175006907113
