initial_infected_perc,length,height,population_size,contagion_distance,critical_limit,amp_susc,amp_rec,amp_inf
0.04720871883641612,100,100,50,3.8463303105652127,0.09419292581030593,7.2826541387403045,9.66629829878903,5.906508894131401
