initial_infected_perc,length,height,population_size,contagion_distance,critical_limit,amp_susc,amp_rec,amp_inf
0.06728029545202668,100,100,28,8.722011591696644,0.042125120456995874,1.3356911878352307,2.834434438687788,4.352418000662461
