initial_infected_perc,length,height,population_size,contagion_distance,critical_limit,amp_susc,amp_rec,amp_inf
0.010112544382349277,100,100,56,5.357309223530243,0.09152648363774749,3.7960171871370108,5.189702789765035,9.56509013450255
