initial_infected_perc,length,height,population_size,contagion_distance,critical_limit,amp_susc,amp_rec,amp_inf
0.03934112591154564,100,100,39,7.996662640740867,0.031999926035097735,4.31077614411792,7.637777531583171,2.1041532380778283
