initial_infected_perc,length,height,population_size,contagion_distance,critical_limit,amp_susc,amp_rec,amp_inf
0.08588940217412172,100,100,52,8.972807977444532,0.07926492872195859,0.13838109397926512,0.8958509586048413,5.852396245110895
