initial_infected_perc,length,height,population_size,contagion_distance,critical_limit,amp_susc,amp_rec,amp_inf
0.035730678048854624,100,100,22,5.5006235682615445,0.07331880388473654,9.297264244556132,1.1597592824875158,6.246736411419079
