initial_infected_perc,length,height,population_size,contagion_distance,critical_limit,amp_susc,amp_rec,amp_inf
0.0034785583552079946,100,100,92,9.68198963702217,0.044376731419419724,1.7771525946779387,9.89225766472519,2.174359299561347
