initial_infected_perc,length,height,population_size,contagion_distance,critical_limit,amp_susc,amp_rec,amp_inf
0.05042379367855276,100,100,39,6.176052466589291,0.09396185115657511,0.03739030671076948,3.642346562775206,5.788926211467912
