initial_infected_perc,length,height,population_size,contagion_distance,critical_limit,amp_susc,amp_rec,amp_inf
0.054491548397469086,100,100,51,1.2339483176873955,0.07868001257894143,6.293827540715691,8.92379931291458,7.9851718490602694
