initial_infected_perc,length,height,population_size,contagion_distance,critical_limit,amp_susc,amp_rec,amp_inf
0.02261906680523397,100,100,45,7.392386844940817,0.02137687857981322,6.4607606717049,8.399486211445222,0.46094988883821353
