initial_infected_perc,initial_immune_perc,length,height,population_size,contagion_distance,critical_limit,amp_susc,amp_rec,amp_inf,response
0.06726517371512135,0.00889401627329317,100,100,118,5,0.05,19.634361416056457,9.930499203458904,6.588966182274598,0.029722790953336596
