initial_infected_perc,initial_immune_perc,length,height,population_size,contagion_distance,critical_limit,amp_susc,amp_rec,amp_inf,response
0.06294000897854717,0.07015071574874357,100,100,118,5,0.05,2.077493188135311,0.838635329919708,10.564601861359545,0.20119960890669225
