initial_infected_perc,initial_immune_perc,length,height,population_size,contagion_distance,critical_limit,amp_susc,amp_rec,amp_inf,response
0.09044027236332675,0.057986966848994716,100,100,118,5,0.05,3.0114177749821613,16.183508478353016,7.66188782159997,0.018729484058150492
