initial_infected_perc,initial_immune_perc,length,height,population_size,contagion_distance,critical_limit,amp_susc,amp_rec,amp_inf,response
0.09098722514748292,0.07790318899157854,100,100,118,5,0.05,3.9941673351816998,14.364201110205421,8.673228187755358,0.16588656720263303
