initial_infected_perc,initial_immune_perc,length,height,population_size,contagion_distance,critical_limit,amp_susc,amp_rec,amp_inf,response
0.04622551680386714,0.056892589514508686,100,100,118,5,0.05,3.330135108361665,18.38701409459192,9.623107824988125,0.19743066534217288
