initial_infected_perc,initial_immune_perc,length,height,population_size,contagion_distance,critical_limit,amp_susc,amp_rec,amp_inf,response
0.09141030878878903,0.09523872908604085,100,100,118,5,0.05,5.667898201421691,16.863838404964195,19.027085722125413,0.25320085018308297
