initial_infected_perc,initial_immune_perc,length,height,population_size,contagion_distance,critical_limit,amp_susc,amp_rec,amp_inf,response
0.08880021799138565,0.00037910450890182856,100,100,118,5,0.05,9.03854458869981,4.2760933326401185,10.971153277533311,0.07955214601205979
