initial_infected_perc,initial_immune_perc,length,height,population_size,contagion_distance,critical_limit,amp_susc,amp_rec,amp_inf,response
0.0010601032290512014,0.042264173452018085,100,100,118,5,0.05,17.594499875846495,14.818703486344463,4.420392746641433,0.021415578028324077
