initial_infected_perc,initial_immune_perc,length,height,population_size,contagion_distance,critical_limit,amp_susc,amp_rec,amp_inf,response
0.04430111798451828,0.05215995362011405,100,100,118,5,0.05,9.650129442871302,13.419581099994993,18.695827469700056,0.027020782654674558
