initial_infected_perc,initial_immune_perc,length,height,population_size,contagion_distance,critical_limit,amp_susc,amp_rec,amp_inf,response
0.06050619277305644,0.08934551175005878,100,100,118,5,0.05,3.955565449459708,2.403452613634962,9.176287528260744,0.16157600125240992
