initial_infected_perc,initial_immune_perc,length,height,population_size,contagion_distance,critical_limit,amp_susc,amp_rec,amp_inf,response
0.061111719438064094,0.04593691282938697,100,100,118,5,0.05,5.974828171567054,8.558547560992471,8.344542804099897,0.25764906742969557
