initial_infected_perc,initial_immune_perc,length,height,population_size,contagion_distance,critical_limit,amp_susc,amp_rec,amp_inf,response
0.0913023083751329,0.0031282068168840605,100,100,118,5,0.05,12.141068961227273,14.978887060646905,12.083954496258047,0.21639015660029912
