initial_infected_perc,initial_immune_perc,length,height,population_size,contagion_distance,critical_limit,amp_susc,amp_rec,amp_inf,response
0.06125599852239904,0.04955290104846571,100,100,118,5,0.05,5.677365122274082,18.08890256095566,5.145462790338378,0.13777002210024666
