initial_infected_perc,initial_immune_perc,length,height,population_size,contagion_distance,critical_limit,amp_susc,amp_rec,amp_inf,response
0.06019166545412467,0.012953229315435244,100,100,118,5,0.05,8.159089467621898,12.895043177993069,3.398700918469144,0.08961443281813987
