initial_infected_perc,initial_immune_perc,length,height,population_size,contagion_distance,critical_limit,amp_susc,amp_rec,amp_inf,response
0.05467000367188612,0.07840699970506394,100,100,118,5,0.05,7.791034718955132,8.725381059359115,10.24812758406745,0.009431709696162471
