initial_infected_perc,initial_immune_perc,length,height,population_size,contagion_distance,critical_limit,amp_susc,amp_rec,amp_inf,response
0.0006555715192906209,0.0870961087258182,100,100,118,5,0.05,14.49323706119982,12.673639495462858,6.569234141232892,0.1997752630619362
