initial_infected_perc,initial_immune_perc,length,height,population_size,contagion_distance,critical_limit,amp_susc,amp_rec,amp_inf,response
0.03326810356551059,0.014546620504325281,100,100,118,5,0.05,18.200624314565466,7.337789054156161,10.894851352555202,0.12897573385850783
