initial_infected_perc,initial_immune_perc,length,height,population_size,contagion_distance,critical_limit,amp_susc,amp_rec,amp_inf,response
0.06677878570398796,0.09882068179415247,100,100,118,5,0.05,16.01676399490989,9.10847363212623,3.5066483784838054,0.1309785178439532
