initial_infected_perc,initial_immune_perc,length,height,population_size,contagion_distance,critical_limit,amp_susc,amp_rec,amp_inf,response
0.024486920449932083,0.08640876542980488,100,100,118,5,0.05,8.25552725842767,14.89729203149542,11.579927046599165,0.2120360703590428
