initial_infected_perc,initial_immune_perc,length,height,population_size,contagion_distance,critical_limit,amp_susc,amp_rec,amp_inf,response
0.00296055145492955,0.09736416117492108,100,100,118,5,0.05,9.284352669667895,5.61367559588799,0.4180832593594208,0.12955529368527785
