initial_infected_perc,initial_immune_perc,length,height,population_size,contagion_distance,critical_limit,amp_susc,amp_rec,amp_inf,response
0.017921827612597762,0.035593522105448465,100,100,118,5,0.05,7.370018494345983,13.287346553571233,18.611733899342337,0.03717520326229849
