initial_infected_perc,initial_immune_perc,length,height,population_size,contagion_distance,critical_limit,amp_susc,amp_rec,amp_inf,response
0.07134894797446877,0.07699438359687664,100,100,118,5,0.05,11.807934564876625,13.180358369238574,13.128577025550769,0.17919763520806628
