initial_infected_perc,initial_immune_perc,length,height,population_size,contagion_distance,critical_limit,amp_susc,amp_rec,amp_inf,response
0.08851263579615595,0.09684878758864739,100,100,118,5,0.05,12.609552223934875,12.900335913260502,1.1482487457909518,0.1685942748598783
