initial_infected_perc,initial_immune_perc,length,height,population_size,contagion_distance,critical_limit,amp_susc,amp_rec,amp_inf,response
0.08958718748162867,0.06715889938808417,100,100,118,5,0.05,19.27162135406442,7.924549588861812,0.3664862352162457,0.01054837367045207
