initial_infected_perc,initial_immune_perc,length,height,population_size,contagion_distance,critical_limit,amp_susc,amp_rec,amp_inf,response
0.030148639359084763,0.035059201873027614,100,100,118,5,0.05,1.2577138291828782,18.977649135446363,0.7444253557958325,0.20249887959446974
