initial_infected_perc,initial_immune_perc,length,height,population_size,contagion_distance,critical_limit,amp_susc,amp_rec,amp_inf,response
0.05431040682012111,0.044133649012198684,100,100,118,5,0.05,18.321277666861405,5.9422291848043685,8.383420096258828,0.22174860459019285
