initial_infected_perc,initial_immune_perc,length,height,population_size,contagion_distance,critical_limit,amp_susc,amp_rec,amp_inf,response
0.06056899648734998,0.04222273847191173,100,100,118,5,0.05,13.454634126011875,10.893180869074651,15.683000957883404,0.21230521929916543
