initial_infected_perc,initial_immune_perc,length,height,population_size,contagion_distance,critical_limit,amp_susc,amp_rec,amp_inf,response
0.0585748060139084,0.09260615964583423,100,100,118,5,0.05,17.717023973563776,5.052938035932986,17.375733374735113,0.03986884258272042
