initial_infected_perc,initial_immune_perc,length,height,population_size,contagion_distance,critical_limit,amp_susc,amp_rec,amp_inf,response
0.0960792323214057,0.05936946515211675,100,100,118,5,0.05,9.249190836074884,10.569487298478052,0.588395341834369,0.2251534807812783
