initial_infected_perc,initial_immune_perc,length,height,population_size,contagion_distance,critical_limit,amp_susc,amp_rec,amp_inf,response
0.028177701633012676,0.09654218235360032,100,100,118,5,0.05,7.815431977539397,9.91406635917943,16.148226213399806,0.29891234001438105
