initial_infected_perc,initial_immune_perc,length,height,population_size,contagion_distance,critical_limit,amp_susc,amp_rec,amp_inf,response
0.0960358888333592,0.07257918629136803,100,100,118,5,0.05,18.67408360213582,2.6385318336676633,12.420232143718115,0.23467716892850338
