initial_infected_perc,initial_immune_perc,length,height,population_size,contagion_distance,critical_limit,amp_susc,amp_rec,amp_inf,response
0.030328003167824302,0.09499273160441679,100,100,118,5,0.05,14.102933008782085,1.8573476928482546,5.767240950999133,0.08785016720097268
