initial_infected_perc,initial_immune_perc,length,height,population_size,contagion_distance,critical_limit,amp_susc,amp_rec,amp_inf,response
0.09971061032383172,0.0005828253541838247,100,100,118,5,0.05,3.6039079639695992,5.720819246074029,3.5264531985656578,0.2852246454164165
