initial_infected_perc,initial_immune_perc,length,height,population_size,contagion_distance,critical_limit,amp_susc,amp_rec,amp_inf,response
0.030465277853824337,0.01983584644799018,100,100,118,5,0.05,11.154467386477464,19.377678947346503,18.79027613745105,0.1324511634385781
