initial_infected_perc,initial_immune_perc,length,height,population_size,contagion_distance,critical_limit,amp_susc,amp_rec,amp_inf,response
0.07328412454153051,0.09390341605014249,100,100,118,5,0.05,10.703201079422955,0.7323486393854961,12.50335253628969,0.1294310215257931
