initial_infected_perc,initial_immune_perc,length,height,population_size,contagion_distance,critical_limit,amp_susc,amp_rec,amp_inf,response
0.08518131751930216,0.05117200981113989,100,100,118,5,0.05,6.078283672646874,17.11668715126476,16.58104387449733,0.2920488158147005
