initial_infected_perc,initial_immune_perc,length,height,population_size,contagion_distance,critical_limit,amp_susc,amp_rec,amp_inf,response
0.09388921597762476,0.04657956119817052,100,100,118,5,0.05,5.385562201124339,19.195787991628592,0.9175696800598021,0.2909348727459678
