initial_infected_perc,initial_immune_perc,length,height,population_size,contagion_distance,critical_limit,amp_susc,amp_rec,amp_inf,response
0.04982709839411106,0.021251540067269516,100,100,118,5,0.05,17.782709220115194,13.360454181615706,1.0358406588463565,0.13589044700779104
