initial_infected_perc,initial_immune_perc,length,height,population_size,contagion_distance,critical_limit,amp_susc,amp_rec,amp_inf,response
0.08549887959714954,0.0481773851751561,100,100,118,5,0.05,17.36917995048899,8.60513251038913,8.818683777537268,0.013657253099912435
