initial_infected_perc,initial_immune_perc,length,height,population_size,contagion_distance,critical_limit,amp_susc,amp_rec,amp_inf,response
0.04657408018699612,0.05884220002408287,100,100,118,5,0.05,13.953740707443568,18.15716338392811,15.82431642253939,0.2923889792247951
