initial_infected_perc,initial_immune_perc,length,height,population_size,contagion_distance,critical_limit,amp_susc,amp_rec,amp_inf,response
0.03403556070736435,0.03817368234638372,100,100,118,5,0.05,4.664431336740005,19.26270544256678,7.453121911640244,0.09330500045930994
