initial_infected_perc,initial_immune_perc,length,height,population_size,contagion_distance,critical_limit,amp_susc,amp_rec,amp_inf,response
0.033863929099850525,0.09536533748163899,100,100,118,5,0.05,2.4207579760662434,4.052039200036431,16.197831091920683,0.19748531627487592
