initial_infected_perc,initial_immune_perc,length,height,population_size,contagion_distance,critical_limit,amp_susc,amp_rec,amp_inf,response
0.01721526715892735,0.06679117384322486,100,100,118,5,0.05,4.1539907092574175,3.9439457187473814,8.603452119715973,0.10422203722634976
