initial_infected_perc,initial_immune_perc,length,height,population_size,contagion_distance,critical_limit,amp_susc,amp_rec,amp_inf,response
0.019533422530435843,0.08379823999915685,100,100,118,5,0.05,6.911494049910312,8.867272699750119,4.174224757516072,0.2599175312185199
