initial_infected_perc,initial_immune_perc,length,height,population_size,contagion_distance,critical_limit,amp_susc,amp_rec,amp_inf,response
0.04074798754578168,0.017204149985468844,100,100,118,5,0.05,11.489568375428421,11.957599590853308,0.23723418329600898,0.023558819301472522
