initial_infected_perc,initial_immune_perc,length,height,population_size,contagion_distance,critical_limit,amp_susc,amp_rec,amp_inf,response
0.02342931185611552,0.015595364253605326,100,100,118,5,0.05,19.415993429811216,3.313685439142906,15.467433533780072,0.18505204940222336
