initial_infected_perc,initial_immune_perc,length,height,population_size,contagion_distance,critical_limit,amp_susc,amp_rec,amp_inf,response
0.07277472088873291,0.08693073771016488,100,100,118,5,0.05,18.93556226767434,6.977118123895687,2.737234510887532,0.16143680740453079
