initial_infected_perc,initial_immune_perc,length,height,population_size,contagion_distance,critical_limit,amp_susc,amp_rec,amp_inf,response
0.017131868904545967,0.04803411120883876,100,100,118,5,0.05,16.199048743650277,7.708076554085714,19.026618014782922,0.2704127688855815
