initial_infected_perc,initial_immune_perc,length,height,population_size,contagion_distance,critical_limit,amp_susc,amp_rec,amp_inf,response
0.028936826724869438,0.017612278770375668,100,100,118,5,0.05,10.231744411958598,8.440372074918653,15.85518073835049,0.11309279505899344
