initial_infected_perc,initial_immune_perc,length,height,population_size,contagion_distance,critical_limit,amp_susc,amp_rec,amp_inf,response
0.04454167273816252,0.05961048969219294,100,100,118,5,0.05,15.45393015817329,12.95631991984403,11.036540730065312,0.01477515223506346
