initial_infected_perc,initial_immune_perc,length,height,population_size,contagion_distance,critical_limit,amp_susc,amp_rec,amp_inf,response
0.0628735411599783,0.024063880647206527,100,100,118,5,0.05,3.125059080421957,6.217985706037627,3.0003247770936237,0.10909064521345574
