initial_infected_perc,initial_immune_perc,length,height,population_size,contagion_distance,critical_limit,amp_susc,amp_rec,amp_inf,response
0.06686946634597779,0.09335827130740167,100,100,118,5,0.05,7.681344017068881,3.5845326451988124,3.8363859560806546,0.014899712780508799
