initial_infected_perc,initial_immune_perc,length,height,population_size,contagion_distance,critical_limit,amp_susc,amp_rec,amp_inf,response
0.07343318183654625,0.007171199320885991,100,100,118,5,0.05,7.6308701033587,12.3715108386474,2.411753933071983,0.2823554939024739
