initial_infected_perc,initial_immune_perc,length,height,population_size,contagion_distance,critical_limit,amp_susc,amp_rec,amp_inf,response
0.0390306114892131,0.07851210510287161,100,100,118,5,0.05,15.604940447584038,2.8257336886437967,6.013157212166014,0.05045957512428619
