initial_infected_perc,initial_immune_perc,length,height,population_size,contagion_distance,critical_limit,amp_susc,amp_rec,amp_inf,response
0.06508984693934669,0.07972307773588927,100,100,118,5,0.05,6.623173434486351,7.32991477343103,4.616674391056856,0.23275047970025262
