initial_infected_perc,initial_immune_perc,length,height,population_size,contagion_distance,critical_limit,amp_susc,amp_rec,amp_inf,response
0.015702791643089,0.08671621032955724,100,100,118,5,0.05,3.7301735909525213,14.871191300262916,15.661781234046227,0.26618938859030034
