initial_infected_perc,initial_immune_perc,length,height,population_size,contagion_distance,critical_limit,amp_susc,amp_rec,amp_inf,response
0.020456827712323156,0.09730926995002975,100,100,118,5,0.05,0.9845747969135576,16.139357899799393,9.364692788065636,0.027697955695904306
