initial_infected_perc,initial_immune_perc,length,height,population_size,contagion_distance,critical_limit,amp_susc,amp_rec,amp_inf,response
0.03506696486835105,0.045821624131596086,100,100,118,5,0.05,2.9488280060574534,19.75225689613103,6.110885719266554,0.14882005417026772
