initial_infected_perc,initial_immune_perc,length,height,population_size,contagion_distance,critical_limit,amp_susc,amp_rec,amp_inf,response
0.073135192063908,0.01420992676604186,100,100,118,5,0.05,17.246985037323263,5.308662894823546,11.324336115573496,0.20116926942519298
