initial_infected_perc,initial_immune_perc,length,height,population_size,contagion_distance,critical_limit,amp_susc,amp_rec,amp_inf,response
0.04005004177005237,0.04628225738531562,100,100,118,5,0.05,11.224727139628419,4.874771581904566,16.581354463766896,0.24508385469551192
