initial_infected_perc,initial_immune_perc,length,height,population_size,contagion_distance,critical_limit,amp_susc,amp_rec,amp_inf,response
0.0426174651468487,0.08591599180863668,100,100,118,5,0.05,9.049144056099415,4.03513719225101,0.6433873941344603,0.2638896807293982
