initial_infected_perc,initial_immune_perc,length,height,population_size,contagion_distance,critical_limit,amp_susc,amp_rec,amp_inf,response
0.04486441581933079,0.09439941002394098,100,100,118,5,0.05,2.29865801110408,2.071139965582971,11.162240322229115,0.14506893449296923
