initial_infected_perc,initial_immune_perc,length,height,population_size,contagion_distance,critical_limit,amp_susc,amp_rec,amp_inf,response
0.03542987442464964,0.011062904070179826,100,100,118,5,0.05,5.591947317851032,0.6682838145178405,8.430990557530594,0.1796319152394869
