initial_infected_perc,initial_immune_perc,length,height,population_size,contagion_distance,critical_limit,amp_susc,amp_rec,amp_inf,response
0.05743339221149407,0.04014695858938438,100,100,118,5,0.05,13.471546654864838,7.539009831160406,8.69243335003829,0.24208867715015825
