initial_infected_perc,initial_immune_perc,length,height,population_size,contagion_distance,critical_limit,amp_susc,amp_rec,amp_inf,response
0.04150789048243789,0.08285302957275059,100,100,118,5,0.05,16.294100441543815,14.42950171948375,19.203935667238184,0.169502957997069
