initial_infected_perc,initial_immune_perc,length,height,population_size,contagion_distance,critical_limit,amp_susc,amp_rec,amp_inf,response
0.0689988668361762,0.09557232953293233,100,100,118,5,0.05,15.963848463203046,2.5509985380630473,4.203954800332143,0.2990866887024969
