initial_infected_perc,initial_immune_perc,length,height,population_size,contagion_distance,critical_limit,amp_susc,amp_rec,amp_inf,response
0.0317282813116218,0.07365018163078536,100,100,118,5,0.05,12.973184052536212,19.162451257185502,8.110199345074076,0.2269686747375407
