initial_infected_perc,initial_immune_perc,length,height,population_size,contagion_distance,critical_limit,amp_susc,amp_rec,amp_inf,response
0.010527309352799042,0.08566552982954274,100,100,118,5,0.05,6.266490704411063,13.486960008534627,9.518829472215407,0.06005836224706784
