initial_infected_perc,initial_immune_perc,length,height,population_size,contagion_distance,critical_limit,amp_susc,amp_rec,amp_inf,response
0.07324743546766536,0.04479175521985205,100,100,118,5,0.05,6.662554736816261,2.21876731367197,3.1969363696955133,0.02642793075310106
