initial_infected_perc,initial_immune_perc,length,height,population_size,contagion_distance,critical_limit,amp_susc,amp_rec,amp_inf,response
0.09973214736452399,0.04327372125894299,100,100,118,5,0.05,13.303458603617917,2.9093209380293694,0.42911160624264477,0.008343092923646477
