initial_infected_perc,initial_immune_perc,length,height,population_size,contagion_distance,critical_limit,amp_susc,amp_rec,amp_inf,response
0.06662918870257596,0.08953917593807686,100,100,118,5,0.05,2.893347662250305,9.763202736189907,0.0644398843403815,0.012370410674812593
