initial_infected_perc,initial_immune_perc,length,height,population_size,contagion_distance,critical_limit,amp_susc,amp_rec,amp_inf,response
0.09693065889454183,0.004709699950237723,100,100,118,5,0.05,16.467027517164677,7.978741253024202,5.796629801283819,0.23281225405928338
