initial_infected_perc,initial_immune_perc,length,height,population_size,contagion_distance,critical_limit,amp_susc,amp_rec,amp_inf,response
0.0763823747005201,0.057849967964944154,100,100,118,5,0.05,4.318491967150273,12.601034449482409,2.374641328169098,0.10315179486317805
