initial_infected_perc,initial_immune_perc,length,height,population_size,contagion_distance,critical_limit,amp_susc,amp_rec,amp_inf,response
0.07760585639222237,0.02259860338555421,100,100,118,5,0.05,4.518466216115209,18.697691707091618,6.712458021474424,0.23108568157773343
