initial_infected_perc,initial_immune_perc,length,height,population_size,contagion_distance,critical_limit,amp_susc,amp_rec,amp_inf,response
0.0784348759845435,0.05068120905620929,100,100,118,5,0.05,16.247652056195317,11.206731538808617,8.150488776512756,0.18292656181437175
