initial_infected_perc,initial_immune_perc,length,height,population_size,contagion_distance,critical_limit,amp_susc,amp_rec,amp_inf,response
0.0396626411315187,0.012829502562261175,100,100,118,5,0.05,7.881085938458736,12.520163945970701,15.971040753813481,0.1403129173270031
