initial_infected_perc,initial_immune_perc,length,height,population_size,contagion_distance,critical_limit,amp_susc,amp_rec,amp_inf,response
0.013402103987224268,0.031201130443977976,100,100,118,5,0.05,10.06628786580447,6.694046286889077,8.180152462981994,0.11707165328155641
