initial_infected_perc,initial_immune_perc,length,height,population_size,contagion_distance,critical_limit,amp_susc,amp_rec,amp_inf,response
0.055962272053825646,0.07972541369993019,100,100,118,5,0.05,10.361345275628109,12.395377305622297,19.735729446752558,0.0885290033117695
