initial_infected_perc,initial_immune_perc,length,height,population_size,contagion_distance,critical_limit,amp_susc,amp_rec,amp_inf,response
0.05365999327209552,0.08190477978618266,100,100,118,5,0.05,2.546324239606501,2.4600354389444545,7.066068928125753,0.041727589720312895
