initial_infected_perc,initial_immune_perc,length,height,population_size,contagion_distance,critical_limit,amp_susc,amp_rec,amp_inf,response
0.07686137106420964,0.024940225008741358,100,100,118,5,0.05,13.39644557950088,1.4242980216710532,0.8659596844508255,0.07299425153475043
