initial_infected_perc,initial_immune_perc,length,height,population_size,contagion_distance,critical_limit,amp_susc,amp_rec,amp_inf,response
0.07823736772475476,0.05252869890007977,100,100,118,5,0.05,1.6803224323010646,19.45127661047017,14.014744611796782,0.24319715171804823
