initial_infected_perc,initial_immune_perc,length,height,population_size,contagion_distance,critical_limit,amp_susc,amp_rec,amp_inf,response
0.0017468579820951735,5.051707215999457e-05,100,100,118,5,0.05,14.149630573687304,11.009703660197676,16.72669005491054,0.0733790685946421
