initial_infected_perc,initial_immune_perc,length,height,population_size,contagion_distance,critical_limit,amp_susc,amp_rec,amp_inf,response
0.0514339098092591,0.01832030752765862,100,100,118,5,0.05,13.3608499641048,8.368917207118463,16.44284938033565,0.12527649970448995
