initial_infected_perc,initial_immune_perc,length,height,population_size,contagion_distance,critical_limit,amp_susc,amp_rec,amp_inf,response
0.029570549855797348,0.005969981825328774,100,100,118,5,0.05,9.66266456771066,5.240965477864998,4.915851347382095,0.2973760871159704
