initial_infected_perc,initial_immune_perc,length,height,population_size,contagion_distance,critical_limit,amp_susc,amp_rec,amp_inf,response
0.061747856705967386,0.05548643512588101,100,100,118,5,0.05,15.749288028920061,10.333903390116339,17.58408869329591,0.2888797517214516
