initial_infected_perc,initial_immune_perc,length,height,population_size,contagion_distance,critical_limit,amp_susc,amp_rec,amp_inf,response
0.029678795272249404,0.055787715508942515,100,100,118,5,0.05,12.469593967646786,2.546490227654228,11.33946482334026,0.031220107100151405
