initial_infected_perc,initial_immune_perc,length,height,population_size,contagion_distance,critical_limit,amp_susc,amp_rec,amp_inf,response
0.011427142959430071,0.021175452801969686,100,100,118,5,0.05,3.603299128791575,1.736658731364411,8.333228508356667,0.18173729244122164
