initial_infected_perc,initial_immune_perc,length,height,population_size,contagion_distance,critical_limit,amp_susc,amp_rec,amp_inf,response
0.03322222290414092,0.09413208661759793,100,100,118,5,0.05,19.78188046895761,3.6214056014088536,1.8023240655835493,0.03944749903003573
