initial_infected_perc,initial_immune_perc,length,height,population_size,contagion_distance,critical_limit,amp_susc,amp_rec,amp_inf,response
0.03400326226681643,0.050979699373733645,100,100,118,5,0.05,17.694568905490122,17.572766422657097,9.342902548083085,0.0366540200485098
