initial_infected_perc,initial_immune_perc,length,height,population_size,contagion_distance,critical_limit,amp_susc,amp_rec,amp_inf,response
0.002578504045193564,0.08958715713110406,100,100,118,5,0.05,17.909440630570256,7.106655695252632,9.027072432212353,0.29674125966711545
