initial_infected_perc,initial_immune_perc,length,height,population_size,contagion_distance,critical_limit,amp_susc,amp_rec,amp_inf,response
0.07852900777895112,0.07596021795590063,100,100,118,5,0.05,6.261930200272172,3.659412819950245,3.2275771931548425,0.2504769899113078
