initial_infected_perc,initial_immune_perc,length,height,population_size,contagion_distance,critical_limit,amp_susc,amp_rec,amp_inf,response
0.06299697922581816,0.061070585962143945,100,100,118,5,0.05,6.021337157229841,11.136305046985912,1.4475020204609867,0.15975723791333757
