initial_infected_perc,initial_immune_perc,length,height,population_size,contagion_distance,critical_limit,amp_susc,amp_rec,amp_inf,response
0.08404751309820785,0.06232294926172254,100,100,118,5,0.05,1.6411736375753616,17.802837785629606,7.465103501386552,0.16952254214175522
