initial_infected_perc,initial_immune_perc,length,height,population_size,contagion_distance,critical_limit,amp_susc,amp_rec,amp_inf,response
0.04571777875791766,0.0017100552177910623,100,100,118,5,0.05,2.6973183620451713,10.404953830850097,14.864843260553576,0.13595026049083866
