initial_infected_perc,initial_immune_perc,length,height,population_size,contagion_distance,critical_limit,amp_susc,amp_rec,amp_inf,response
0.08997911133822867,0.02467607198794826,100,100,118,5,0.05,14.127841894774653,12.347134988877325,19.79073119007453,0.28290164705972476
