initial_infected_perc,initial_immune_perc,length,height,population_size,contagion_distance,critical_limit,amp_susc,amp_rec,amp_inf,response
0.07997684477385886,0.027681672161812332,100,100,118,5,0.05,6.200763624809634,5.472683700244694,8.313933529898193,0.0046935370679311635
