initial_infected_perc,initial_immune_perc,length,height,population_size,contagion_distance,critical_limit,amp_susc,amp_rec,amp_inf,response
0.06912548978364728,0.0665864307461858,100,100,118,5,0.05,12.811412919136444,4.875026714697805,18.276641490640372,0.04454099903465879
