initial_infected_perc,initial_immune_perc,length,height,population_size,contagion_distance,critical_limit,amp_susc,amp_rec,amp_inf,response
0.04088535999656785,0.03712103655582234,100,100,118,5,0.05,4.630314752926132,3.7150508646267033,11.635652875500393,0.09697018226004729
