initial_infected_perc,initial_immune_perc,length,height,population_size,contagion_distance,critical_limit,amp_susc,amp_rec,amp_inf,response
0.047327786159213674,0.04586275681269462,100,100,118,5,0.05,12.747016372756457,11.967002481303126,11.925727194075574,0.27834235672254715
