initial_infected_perc,initial_immune_perc,length,height,population_size,contagion_distance,critical_limit,amp_susc,amp_rec,amp_inf,response
0.06399688724772244,0.0256724328352984,100,100,118,5,0.05,6.961085791178519,9.62448011458191,8.401061441204458,0.20115782680943792
