initial_infected_perc,initial_immune_perc,length,height,population_size,contagion_distance,critical_limit,amp_susc,amp_rec,amp_inf,response
0.023891655917014754,0.09987021278774233,100,100,118,5,0.05,7.840382630784617,10.399696292740963,19.529315457479377,0.045779507534046304
