initial_infected_perc,initial_immune_perc,length,height,population_size,contagion_distance,critical_limit,amp_susc,amp_rec,amp_inf,response
0.05880030968623722,0.07151789670086281,100,100,118,5,0.05,16.961229030020654,1.9713173915440185,5.984430770911386,0.0020046881794800408
