initial_infected_perc,initial_immune_perc,length,height,population_size,contagion_distance,critical_limit,amp_susc,amp_rec,amp_inf,response
0.05920885750856528,0.03287629296592324,100,100,118,5,0.05,4.389300494100931,8.383855990202003,13.581630984950026,0.16138322813837971
