initial_infected_perc,initial_immune_perc,length,height,population_size,contagion_distance,critical_limit,amp_susc,amp_rec,amp_inf,response
0.041794629723024314,0.05009598343958643,100,100,118,5,0.05,5.999747136391411,9.340900280632365,7.520981280527814,0.03265119219151987
