initial_infected_perc,initial_immune_perc,length,height,population_size,contagion_distance,critical_limit,amp_susc,amp_rec,amp_inf,response
0.03621834646549421,0.0844848620474471,100,100,118,5,0.05,3.4266975881790462,4.822876484892067,14.96974737688939,0.03430349514652542
