initial_infected_perc,initial_immune_perc,length,height,population_size,contagion_distance,critical_limit,amp_susc,amp_rec,amp_inf,response
0.09623039110753767,0.0471910117037194,100,100,118,5,0.05,13.226061592019553,0.7640462919609181,18.75502056561656,0.2970504277168747
