initial_infected_perc,initial_immune_perc,length,height,population_size,contagion_distance,critical_limit,amp_susc,amp_rec,amp_inf,response
0.052547878451746535,0.07383672198337957,100,100,118,5,0.05,1.82056578188857,4.8214435845764765,13.23155282811099,0.17477359762020778
