initial_infected_perc,initial_immune_perc,length,height,population_size,contagion_distance,critical_limit,amp_susc,amp_rec,amp_inf,response
0.09656173596228079,0.04812112376433495,100,100,118,5,0.05,2.328119305428731,4.398055516710775,4.710158935592734,0.05515272660276066
