initial_infected_perc,initial_immune_perc,length,height,population_size,contagion_distance,critical_limit,amp_susc,amp_rec,amp_inf,response
0.017271692430219754,0.053910418305047315,100,100,118,5,0.05,14.605211691838688,13.064375464769714,10.883054346489423,0.15100857012119975
