initial_infected_perc,initial_immune_perc,length,height,population_size,contagion_distance,critical_limit,amp_susc,amp_rec,amp_inf,response
0.07116832749503413,0.031998743989653265,100,100,118,5,0.05,3.9841355666711498,7.257392893695396,14.897621154652438,0.17684276499737958
