initial_infected_perc,initial_immune_perc,length,height,population_size,contagion_distance,critical_limit,amp_susc,amp_rec,amp_inf,response
0.054599574754257335,0.021239208994842475,100,100,118,5,0.05,3.3034497006775276,19.05470299951257,12.556122272988508,0.08772391186255318
