initial_infected_perc,initial_immune_perc,length,height,population_size,contagion_distance,critical_limit,amp_susc,amp_rec,amp_inf,response
0.06490737704246623,0.006949163321372066,100,100,118,5,0.05,14.393168699979935,14.169390243317501,9.57977081843672,0.21156942818907917
