initial_infected_perc,initial_immune_perc,length,height,population_size,contagion_distance,critical_limit,amp_susc,amp_rec,amp_inf,response
0.08603990537496858,0.059037831627908335,100,100,118,5,0.05,11.237949728806376,6.08082030508389,14.442398476213384,0.1543702081505132
