initial_infected_perc,initial_immune_perc,length,height,population_size,contagion_distance,critical_limit,amp_susc,amp_rec,amp_inf,response
0.08656864900063899,0.019449086631321846,100,100,118,5,0.05,16.76411739323441,15.330169949453886,5.1058277551081765,0.0545734926280788
