initial_infected_perc,initial_immune_perc,length,height,population_size,contagion_distance,critical_limit,amp_susc,amp_rec,amp_inf,response
0.07319177231302716,0.002999528116249406,100,100,118,5,0.05,13.826483354151271,7.496152373875907,18.05003806856768,0.11813311354415644
