initial_infected_perc,initial_immune_perc,length,height,population_size,contagion_distance,critical_limit,amp_susc,amp_rec,amp_inf,response
0.09646391402817439,0.031252523808645384,100,100,118,5,0.05,15.271278959758872,19.102688524773157,17.60250979999136,0.08816259356914642
