initial_infected_perc,initial_immune_perc,length,height,population_size,contagion_distance,critical_limit,amp_susc,amp_rec,amp_inf,response
0.03971112375207447,0.07248939365784574,100,100,118,5,0.05,4.701926522306841,16.38598655309796,13.958216418916667,0.10242607664145213
