initial_infected_perc,initial_immune_perc,length,height,population_size,contagion_distance,critical_limit,amp_susc,amp_rec,amp_inf,response
0.07047595714956455,0.07051214650625358,100,100,118,5,0.05,0.36109609637514195,17.10844244893654,9.991118523528977,0.12624153511783742
