initial_infected_perc,initial_immune_perc,length,height,population_size,contagion_distance,critical_limit,amp_susc,amp_rec,amp_inf,response
0.03767487480784381,0.02288126418054246,100,100,118,5,0.05,18.20260575498826,12.482301178628312,2.496902220961139,0.22282765749654773
