initial_infected_perc,initial_immune_perc,length,height,population_size,contagion_distance,critical_limit,amp_susc,amp_rec,amp_inf,response
0.06124851837582991,0.09392822807938807,100,100,118,5,0.05,0.8808189812150835,9.164015356612987,18.9673325582249,0.20790350202926547
