initial_infected_perc,initial_immune_perc,length,height,population_size,contagion_distance,critical_limit,amp_susc,amp_rec,amp_inf,response
0.04419592271946091,0.025656036279447084,100,100,118,5,0.05,14.12834388539045,16.30724765678013,9.820502981264465,0.11224291342566994
