initial_infected_perc,initial_immune_perc,length,height,population_size,contagion_distance,critical_limit,amp_susc,amp_rec,amp_inf,response
0.05750070293600487,0.03301889111972916,100,100,118,5,0.05,17.592647763285942,7.840765737810848,1.3276122940739032,0.10170877600339065
