initial_infected_perc,initial_immune_perc,length,height,population_size,contagion_distance,critical_limit,amp_susc,amp_rec,amp_inf,response
0.09322322836080893,0.007545577264148962,100,100,118,5,0.05,7.011812423337873,9.424095067221291,18.414233389440973,0.2745623927660796
