initial_infected_perc,initial_immune_perc,length,height,population_size,contagion_distance,critical_limit,amp_susc,amp_rec,amp_inf,response
0.06948670521327306,0.04777527140900981,100,100,118,5,0.05,16.98455509258274,6.583578797231764,11.541413025952302,0.1372828314379468
