initial_infected_perc,initial_immune_perc,length,height,population_size,contagion_distance,critical_limit,amp_susc,amp_rec,amp_inf,response
0.037329620996162306,0.0037574113443067715,100,100,118,5,0.05,10.84774842485463,4.000963109165632,1.3432494551641616,0.12117992318733464
