initial_infected_perc,initial_immune_perc,length,height,population_size,contagion_distance,critical_limit,amp_susc,amp_rec,amp_inf,response
0.014630890761855276,0.0008353718037489966,100,100,118,5,0.05,3.1737508918169266,8.910748370976393,1.274098532318153,0.12969162051874852
