initial_infected_perc,initial_immune_perc,length,height,population_size,contagion_distance,critical_limit,amp_susc,amp_rec,amp_inf,response
0.09702629447164646,0.06910608260501587,100,100,118,5,0.05,12.932824777690083,10.387725016986488,8.460058219792684,0.17905533011657546
