initial_infected_perc,initial_immune_perc,length,height,population_size,contagion_distance,critical_limit,amp_susc,amp_rec,amp_inf,response
0.06368240800655094,0.0237312165998145,100,100,118,5,0.05,6.2830891635723045,7.881872352735235,6.471251064229795,0.08598712360484459
