initial_infected_perc,initial_immune_perc,length,height,population_size,contagion_distance,critical_limit,amp_susc,amp_rec,amp_inf,response
0.051128671536385145,0.09631043871460111,100,100,118,5,0.05,0.40981604991489284,13.977482286122232,17.922769812084006,0.26025454298079126
