initial_infected_perc,initial_immune_perc,length,height,population_size,contagion_distance,critical_limit,amp_susc,amp_rec,amp_inf,response
0.041894253918663464,0.025488437119857012,100,100,118,5,0.05,1.4957190404488863,15.76498864559721,14.19470697632141,0.12641060706321602
