initial_infected_perc,initial_immune_perc,length,height,population_size,contagion_distance,critical_limit,amp_susc,amp_rec,amp_inf,response
0.09939651485472645,0.07390369441234072,100,100,118,5,0.05,18.791250300359064,9.125085721670272,15.674109900408153,0.24939483899486614
