initial_infected_perc,initial_immune_perc,length,height,population_size,contagion_distance,critical_limit,amp_susc,amp_rec,amp_inf,response
0.007107917038109779,0.06474798217552837,100,100,118,5,0.05,17.606235626497856,4.790151565797098,3.8538695944606527,0.07816403148722353
