initial_infected_perc,initial_immune_perc,length,height,population_size,contagion_distance,critical_limit,amp_susc,amp_rec,amp_inf,response
0.09995621525330887,0.01943247812893778,100,100,118,5,0.05,13.764111616362078,1.5911715364905765,9.676200091986079,0.27783003628770825
