initial_infected_perc,initial_immune_perc,length,height,population_size,contagion_distance,critical_limit,amp_susc,amp_rec,amp_inf,response
0.03916249038496004,0.06440577274255142,100,100,118,5,0.05,12.039131436209553,2.1746152667400986,5.611703558211558,0.23020060287609867
