initial_infected_perc,initial_immune_perc,length,height,population_size,contagion_distance,critical_limit,amp_susc,amp_rec,amp_inf,response
0.052039583334184805,0.05870147414199605,100,100,118,5,0.05,0.08045705481001475,14.262887734048576,11.569179759319093,0.1613277684917694
