initial_infected_perc,initial_immune_perc,length,height,population_size,contagion_distance,critical_limit,amp_susc,amp_rec,amp_inf,response
0.040270284954725816,0.0015972937653688124,100,100,118,5,0.05,11.856393641873987,2.0224712733844763,12.755899614034657,0.07759987778521682
