initial_infected_perc,initial_immune_perc,length,height,population_size,contagion_distance,critical_limit,amp_susc,amp_rec,amp_inf,response
0.049157886016793106,0.0020602322187433077,100,100,118,5,0.05,5.159532517649503,1.1371428532158956,2.4505252618289397,0.0016683833514001267
