initial_infected_perc,initial_immune_perc,length,height,population_size,contagion_distance,critical_limit,amp_susc,amp_rec,amp_inf,response
0.09372361848358576,0.011758893839183871,100,100,118,5,0.05,15.337198531521528,15.86730055924178,4.318948254801834,0.2185940059791803
