initial_infected_perc,initial_immune_perc,length,height,population_size,contagion_distance,critical_limit,amp_susc,amp_rec,amp_inf,response
0.08581700985656576,0.007468538146882176,100,100,118,5,0.05,12.840930134677924,2.1167909470079826,4.082015705470241,0.06679268385137938
