initial_infected_perc,initial_immune_perc,length,height,population_size,contagion_distance,critical_limit,amp_susc,amp_rec,amp_inf,response
0.0685759214679747,0.04817476844698524,100,100,118,5,0.05,9.029476523622561,18.837326860828426,10.581023836270628,0.06844265387709954
