initial_infected_perc,initial_immune_perc,length,height,population_size,contagion_distance,critical_limit,amp_susc,amp_rec,amp_inf,response
0.06812031823804046,0.022489096701728318,100,100,118,5,0.05,14.851357591090814,1.8798636180436823,14.985363657987648,0.06790116310230158
