initial_infected_perc,initial_immune_perc,length,height,population_size,contagion_distance,critical_limit,amp_susc,amp_rec,amp_inf,response
0.027511332694823476,0.08969822623439813,100,100,118,5,0.05,9.433364833914142,15.102228521682042,14.857892213116825,0.17193847090976846
