initial_infected_perc,initial_immune_perc,length,height,population_size,contagion_distance,critical_limit,amp_susc,amp_rec,amp_inf,response
0.017376427827131315,0.07813933921518204,100,100,118,5,0.05,7.142033880107713,12.230717218368712,16.4905354969135,0.01584065372689224
