initial_infected_perc,initial_immune_perc,length,height,population_size,contagion_distance,critical_limit,amp_susc,amp_rec,amp_inf,response
0.02597618338703054,0.09445813286266824,100,100,118,5,0.05,1.140887992389834,5.275380630233711,8.023883938830155,0.12324287085968909
