initial_infected_perc,initial_immune_perc,length,height,population_size,contagion_distance,critical_limit,amp_susc,amp_rec,amp_inf,response
0.08482032914165033,0.010599277097840355,100,100,118,5,0.05,12.75742863461371,6.585514457706911,9.7532991589819,0.06682730710561131
