initial_infected_perc,initial_immune_perc,length,height,population_size,contagion_distance,critical_limit,amp_susc,amp_rec,amp_inf,response
0.09227048247369772,0.031574069812438044,100,100,118,5,0.05,19.774972387758336,9.167013391813947,7.394069114744848,0.10376592857850908
