initial_infected_perc,initial_immune_perc,length,height,population_size,contagion_distance,critical_limit,amp_susc,amp_rec,amp_inf,response
0.0502616436440975,0.08447680821723552,100,100,118,5,0.05,17.103158574213733,4.818700028314085,19.24620980067877,0.1394355469307241
