initial_infected_perc,initial_immune_perc,length,height,population_size,contagion_distance,critical_limit,amp_susc,amp_rec,amp_inf,response
0.024070168916153403,0.019817706166460926,100,100,118,5,0.05,1.1763190098177279,18.916067517218508,5.646589207233577,0.05991560139498141
