initial_infected_perc,initial_immune_perc,length,height,population_size,contagion_distance,critical_limit,amp_susc,amp_rec,amp_inf,response
0.09075825328716931,0.051372500898821484,100,100,118,5,0.05,14.962021547553539,16.627820428193104,10.398234495403562,0.18742369489357907
