initial_infected_perc,initial_immune_perc,length,height,population_size,contagion_distance,critical_limit,amp_susc,amp_rec,amp_inf,response
0.0027418406738616064,0.030733310869205267,100,100,118,5,0.05,16.790588324725736,8.7102696979244,17.35314094190299,0.26582322541043757
