initial_infected_perc,initial_immune_perc,length,height,population_size,contagion_distance,critical_limit,amp_susc,amp_rec,amp_inf,response
0.06125632038429845,0.034033503498434536,100,100,118,5,0.05,3.103892109409838,6.881731164977736,2.672971204807555,0.2912910192406716
