initial_infected_perc,initial_immune_perc,length,height,population_size,contagion_distance,critical_limit,amp_susc,amp_rec,amp_inf,response
0.08096949393767242,0.07813301171827525,100,100,118,5,0.05,9.446222886523206,5.473669547493845,9.923003811285248,0.06986469279637948
