initial_infected_perc,initial_immune_perc,length,height,population_size,contagion_distance,critical_limit,amp_susc,amp_rec,amp_inf,response
0.007089479330720106,0.056762410580157824,100,100,118,5,0.05,4.23334056893167,19.589661825937736,2.6471041014492136,0.04784250804704597
