initial_infected_perc,initial_immune_perc,length,height,population_size,contagion_distance,critical_limit,amp_susc,amp_rec,amp_inf,response
0.06646573857316387,0.009808634727857002,100,100,118,5,0.05,17.002691048944506,19.447496048783044,10.017513480163906,0.25534080233199297
