initial_infected_perc,initial_immune_perc,length,height,population_size,contagion_distance,critical_limit,amp_susc,amp_rec,amp_inf,response
0.00813617992564052,0.09806362344297018,100,100,118,5,0.05,1.0318125496532327,1.5163994941021275,13.163163080485333,0.07905634551876092
