initial_infected_perc,initial_immune_perc,length,height,population_size,contagion_distance,critical_limit,amp_susc,amp_rec,amp_inf,response
0.07568915516828864,0.05459779688686172,100,100,118,5,0.05,12.076896551873173,14.938559090631859,16.25254995913497,0.05813839936883931
