initial_infected_perc,initial_immune_perc,length,height,population_size,contagion_distance,critical_limit,amp_susc,amp_rec,amp_inf,response
0.019836366145426276,0.06670638577375652,100,100,118,5,0.05,2.190490721681684,5.982825664317879,13.615906868920513,0.25843540078318555
