initial_infected_perc,initial_immune_perc,length,height,population_size,contagion_distance,critical_limit,amp_susc,amp_rec,amp_inf,response
0.043115279075310355,0.07544647591749548,100,100,118,5,0.05,5.917268013942887,15.713522103391853,2.116889253128149,0.17699463180775576
