initial_infected_perc,initial_immune_perc,length,height,population_size,contagion_distance,critical_limit,amp_susc,amp_rec,amp_inf,response
0.07758565913418781,0.017347390283630016,100,100,118,5,0.05,9.005560151403476,17.782725543374617,1.7029010166780578,0.24380820545280993
