initial_infected_perc,initial_immune_perc,length,height,population_size,contagion_distance,critical_limit,amp_susc,amp_rec,amp_inf,response
0.06756879567279575,0.0964460219600956,100,100,118,5,0.05,2.910370474357953,8.152849907543613,2.0866981718707067,0.1431846567792758
