initial_infected_perc,initial_immune_perc,length,height,population_size,contagion_distance,critical_limit,amp_susc,amp_rec,amp_inf,response
0.010181971367242205,0.001646023265043939,100,100,118,5,0.05,13.362458081402819,18.10140365192665,13.251235783714453,0.21695678073036884
