initial_infected_perc,initial_immune_perc,length,height,population_size,contagion_distance,critical_limit,amp_susc,amp_rec,amp_inf,response
0.0054742312253298064,0.03270177819963226,100,100,118,5,0.05,12.627306103751877,14.680820375709194,19.072199549551346,0.23581458098524488
