initial_infected_perc,initial_immune_perc,length,height,population_size,contagion_distance,critical_limit,amp_susc,amp_rec,amp_inf,response
0.026015358550214876,0.04759533210551952,100,100,118,5,0.05,6.569702204181905,8.841974501225124,6.629450744959213,0.06489059112422697
