initial_infected_perc,initial_immune_perc,length,height,population_size,contagion_distance,critical_limit,amp_susc,amp_rec,amp_inf,response
0.005461962226930528,0.090761490621763,100,100,118,5,0.05,17.120850846465817,6.53413630766164,9.136632574965278,0.180044095232791
