initial_infected_perc,initial_immune_perc,length,height,population_size,contagion_distance,critical_limit,amp_susc,amp_rec,amp_inf,response
0.0542191921291614,0.03212641986280468,100,100,118,5,0.05,14.623773334775631,11.914150259191915,15.119693707177852,0.06592923928186661
