initial_infected_perc,initial_immune_perc,length,height,population_size,contagion_distance,critical_limit,amp_susc,amp_rec,amp_inf,response
0.062128820790554866,0.0002593213288691665,100,100,118,5,0.05,0.8043300439380219,11.649940762871116,13.105489116425279,0.0942032445753968
