initial_infected_perc,initial_immune_perc,length,height,population_size,contagion_distance,critical_limit,amp_susc,amp_rec,amp_inf,response
0.0772549191463304,0.022957354028205337,100,100,118,5,0.05,16.25425552019093,5.92924320623605,12.192433092916648,0.23901990464025022
