initial_infected_perc,initial_immune_perc,length,height,population_size,contagion_distance,critical_limit,amp_susc,amp_rec,amp_inf,response
0.08470030724559968,0.046902216506126804,100,100,118,5,0.05,14.926797598102372,16.4032318381556,6.637290654721073,0.2344478269813952
