initial_infected_perc,initial_immune_perc,length,height,population_size,contagion_distance,critical_limit,amp_susc,amp_rec,amp_inf,response
0.08424332038093478,0.031140314615314316,100,100,118,5,0.05,14.03064462624532,16.747372588960527,5.706295735682754,0.2817810713466943
