initial_infected_perc,initial_immune_perc,length,height,population_size,contagion_distance,critical_limit,amp_susc,amp_rec,amp_inf,response
0.06712553366219785,0.05280309457093996,100,100,118,5,0.05,9.34268096430111,10.329477173635542,18.165490216450518,0.018027247891843578
