initial_infected_perc,initial_immune_perc,length,height,population_size,contagion_distance,critical_limit,amp_susc,amp_rec,amp_inf,response
0.018635508950001413,0.02469377886211376,100,100,118,5,0.05,16.433524635597664,4.411993451878953,17.999318984732746,0.2381267763494239
