initial_infected_perc,initial_immune_perc,length,height,population_size,contagion_distance,critical_limit,amp_susc,amp_rec,amp_inf,response
0.07319176110139185,0.07873278953316253,100,100,118,5,0.05,19.03196375103908,3.5431067815518924,3.1622468523891323,0.16317420398647464
