initial_infected_perc,initial_immune_perc,length,height,population_size,contagion_distance,critical_limit,amp_susc,amp_rec,amp_inf,response
0.05021840847599144,0.08830102956167081,100,100,118,5,0.05,12.253780121256872,3.8198060933660205,11.530812411045206,0.12658012978544161
