initial_infected_perc,initial_immune_perc,length,height,population_size,contagion_distance,critical_limit,amp_susc,amp_rec,amp_inf,response
0.08212833119708764,0.04414941214080551,100,100,118,5,0.05,12.79049614650027,18.94382674135346,3.097485268598994,0.17139518633910744
