initial_infected_perc,initial_immune_perc,length,height,population_size,contagion_distance,critical_limit,amp_susc,amp_rec,amp_inf,response
0.03845961763036561,0.03492333075286591,100,100,118,5,0.05,12.022241501918893,1.6642558950569186,14.713943804706611,0.1820766919001508
