initial_infected_perc,initial_immune_perc,length,height,population_size,contagion_distance,critical_limit,amp_susc,amp_rec,amp_inf,response
0.05516211275272176,0.08617283369812524,100,100,118,5,0.05,10.169867008299143,0.7196083395375874,11.766931573504264,0.08391361110727995
