initial_infected_perc,initial_immune_perc,length,height,population_size,contagion_distance,critical_limit,amp_susc,amp_rec,amp_inf,response
0.031181416254945773,0.01053351163835088,100,100,118,5,0.05,5.935467730113356,7.644719330014134,6.353174571211843,0.04055275431623172
