initial_infected_perc,initial_immune_perc,length,height,population_size,contagion_distance,critical_limit,amp_susc,amp_rec,amp_inf,response
0.04779880547567133,0.058769909804709614,100,100,118,5,0.05,3.9057264478131426,15.640239663352617,11.228578924291758,0.2115147895929062
