initial_infected_perc,initial_immune_perc,length,height,population_size,contagion_distance,critical_limit,amp_susc,amp_rec,amp_inf,response
0.06292857841605434,0.052591787538807735,100,100,118,5,0.05,16.508611713161457,14.019687671077634,13.28154487582063,0.24374286090214883
