initial_infected_perc,initial_immune_perc,length,height,population_size,contagion_distance,critical_limit,amp_susc,amp_rec,amp_inf,response
0.05850175045887917,0.06889119980317947,100,100,118,5,0.05,17.75319752062164,7.397256182998106,15.050452102906434,0.19275433975371847
