initial_infected_perc,initial_immune_perc,length,height,population_size,contagion_distance,critical_limit,amp_susc,amp_rec,amp_inf,response
0.04417528216923592,0.012410693300667264,100,100,118,5,0.05,3.902610894198637,18.321079737822576,10.937227044774211,0.2474807126468397
