initial_infected_perc,initial_immune_perc,length,height,population_size,contagion_distance,critical_limit,amp_susc,amp_rec,amp_inf,response
0.06856586002712774,0.05598252578971841,100,100,118,5,0.05,7.3920440695195495,7.4450006784462115,13.880025456596211,0.14097782822778865
