initial_infected_perc,initial_immune_perc,length,height,population_size,contagion_distance,critical_limit,amp_susc,amp_rec,amp_inf,response
0.056527252437381964,0.04490789218103994,100,100,118,5,0.05,3.434826913653244,2.9966039929353716,13.4361746206778,0.07572615013591386
