initial_infected_perc,initial_immune_perc,length,height,population_size,contagion_distance,critical_limit,amp_susc,amp_rec,amp_inf,response
0.05082475919762425,0.0298965864599111,100,100,118,5,0.05,8.983895387919379,12.292978943662403,9.280909553445106,0.04041423924463261
