initial_infected_perc,initial_immune_perc,length,height,population_size,contagion_distance,critical_limit,amp_susc,amp_rec,amp_inf,response
0.04678538621559084,0.08808781591619702,100,100,118,5,0.05,12.681701948694883,10.020926341272741,13.512325721788017,0.17232443128622535
