initial_infected_perc,initial_immune_perc,length,height,population_size,contagion_distance,critical_limit,amp_susc,amp_rec,amp_inf,response
0.09522132789421667,0.008479295625142857,100,100,118,5,0.05,1.306009598535487,8.436924274800191,1.3057658746275425,0.2914032987798408
