initial_infected_perc,initial_immune_perc,length,height,population_size,contagion_distance,critical_limit,amp_susc,amp_rec,amp_inf,response
0.07018376370333976,0.08294915646602435,100,100,118,5,0.05,5.17872549523041,0.3900593258508245,12.935915279583048,0.22214648512736043
