initial_infected_perc,initial_immune_perc,length,height,population_size,contagion_distance,critical_limit,amp_susc,amp_rec,amp_inf,response
0.06435070872315726,0.08630007687491813,100,100,118,5,0.05,8.697440905484648,5.136194655751325,14.54380861873932,0.09397337911775289
