initial_infected_perc,initial_immune_perc,length,height,population_size,contagion_distance,critical_limit,amp_susc,amp_rec,amp_inf,response
0.05043632502904907,0.019835369612752188,100,100,118,5,0.05,5.492326721316925,6.034760410442446,7.5867357130557895,0.2875969292521496
