initial_infected_perc,initial_immune_perc,length,height,population_size,contagion_distance,critical_limit,amp_susc,amp_rec,amp_inf,response
0.05578790397090891,0.0874964068636077,100,100,118,5,0.05,10.775592983684295,6.05612828709771,19.782663059263975,0.0015179619534375522
