initial_infected_perc,initial_immune_perc,length,height,population_size,contagion_distance,critical_limit,amp_susc,amp_rec,amp_inf,response
0.014808348376828585,0.09638607813684132,100,100,118,5,0.05,16.872523992222487,15.841794918575951,5.241973776362514,0.2340265720192172
