initial_infected_perc,initial_immune_perc,length,height,population_size,contagion_distance,critical_limit,amp_susc,amp_rec,amp_inf,response
0.03345255855639208,0.07290579562546583,100,100,118,5,0.05,6.283580018259776,3.3672434983967703,17.148335476944734,0.07466579946401299
