initial_infected_perc,initial_immune_perc,length,height,population_size,contagion_distance,critical_limit,amp_susc,amp_rec,amp_inf,response
0.007417129415225854,0.0008858807920604895,100,100,118,5,0.05,0.9043035297460267,0.1265353272890124,9.080581136302083,0.14320036353676383
