initial_infected_perc,initial_immune_perc,length,height,population_size,contagion_distance,critical_limit,amp_susc,amp_rec,amp_inf,response
0.017024130367483438,0.0331188010082003,100,100,118,5,0.05,16.215221395867207,3.770759262351817,0.6107509789560361,0.06372472774011786
