initial_infected_perc,initial_immune_perc,length,height,population_size,contagion_distance,critical_limit,amp_susc,amp_rec,amp_inf,response
0.027432749230963917,0.052988583454638076,100,100,118,5,0.05,3.768782563103643,11.098951942873697,16.82379991509071,0.22933228364669475
