initial_infected_perc,initial_immune_perc,length,height,population_size,contagion_distance,critical_limit,amp_susc,amp_rec,amp_inf,response
0.08607255896582097,0.03853942531541711,100,100,118,5,0.05,5.858974217939606,14.40986484059669,18.936151648703436,0.24011806576262074
