initial_infected_perc,initial_immune_perc,length,height,population_size,contagion_distance,critical_limit,amp_susc,amp_rec,amp_inf,response
0.02158043842826253,0.05334663886236747,100,100,118,5,0.05,11.736997266083728,9.419913065207163,2.09248041983632,0.059359225335069085
