initial_infected_perc,initial_immune_perc,length,height,population_size,contagion_distance,critical_limit,amp_susc,amp_rec,amp_inf,response
0.09109415739476234,0.07536940764317207,100,100,118,5,0.05,4.614366401661187,0.2520019199386492,8.541740865939968,0.20722846800248215
