initial_infected_perc,initial_immune_perc,length,height,population_size,contagion_distance,critical_limit,amp_susc,amp_rec,amp_inf,response
0.038034742024879914,0.08781836457123957,100,100,118,5,0.05,19.11631008254663,8.88208827455532,19.87957117475366,0.03796513728489343
