initial_infected_perc,initial_immune_perc,length,height,population_size,contagion_distance,critical_limit,amp_susc,amp_rec,amp_inf,response
0.07992948463526488,0.06251062041089443,100,100,118,5,0.05,9.471031662275733,6.347937767747782,3.4056452479184873,0.0739822810668706
