initial_infected_perc,initial_immune_perc,length,height,population_size,contagion_distance,critical_limit,amp_susc,amp_rec,amp_inf,response
0.06820093978874672,0.03075168810157898,100,100,118,5,0.05,4.860103147546795,9.515795576805,7.284324634053121,0.2642885648835689
