initial_infected_perc,initial_immune_perc,length,height,population_size,contagion_distance,critical_limit,amp_susc,amp_rec,amp_inf,response
0.04711117943249075,0.03480416341027731,100,100,118,5,0.05,11.882671402398909,8.85759635861522,5.6290113769382,0.23836168863547708
