initial_infected_perc,initial_immune_perc,length,height,population_size,contagion_distance,critical_limit,amp_susc,amp_rec,amp_inf,response
0.02682656022991399,0.021596599287124388,100,100,118,5,0.05,2.7734245981471073,0.35835543830130545,11.521178557947975,0.274863542839097
