initial_infected_perc,initial_immune_perc,length,height,population_size,contagion_distance,critical_limit,amp_susc,amp_rec,amp_inf,response
0.017610504668709916,0.012409547417372336,100,100,118,5,0.05,16.65107252372447,15.327087623501427,15.196984242411666,0.06456186042873548
