initial_infected_perc,initial_immune_perc,length,height,population_size,contagion_distance,critical_limit,amp_susc,amp_rec,amp_inf,response
0.07279410682257291,0.026845443964112183,100,100,118,5,0.05,18.712034072836627,18.396151615318377,9.716000249649536,0.24333475292492873
