initial_infected_perc,initial_immune_perc,length,height,population_size,contagion_distance,critical_limit,amp_susc,amp_rec,amp_inf,response
0.08891303652021425,0.01569581544965819,100,100,118,5,0.05,10.3979078590406,7.030047018593606,12.16352439549605,0.08461443557614735
