initial_infected_perc,initial_immune_perc,length,height,population_size,contagion_distance,critical_limit,amp_susc,amp_rec,amp_inf,response
0.09629506196562831,0.02282716393125679,100,100,118,5,0.05,1.502535197431869,16.30687044203971,13.379669791025336,0.13431780749865782
