initial_infected_perc,initial_immune_perc,length,height,population_size,contagion_distance,critical_limit,amp_susc,amp_rec,amp_inf,response
0.03932159834155055,0.008058667414696796,100,100,118,5,0.05,18.076858671514447,17.612121546659875,19.16213803767874,0.22174543331560823
