initial_infected_perc,initial_immune_perc,length,height,population_size,contagion_distance,critical_limit,amp_susc,amp_rec,amp_inf,response
0.044321640218422824,0.09193627402944833,100,100,118,5,0.05,7.7890786671706564,15.781401602795068,4.697429191340079,0.10833232812138394
