initial_infected_perc,initial_immune_perc,length,height,population_size,contagion_distance,critical_limit,amp_susc,amp_rec,amp_inf,response
0.06996719590399918,0.0915534661024704,100,100,118,5,0.05,2.386249831219296,18.684821755716836,19.00545074273498,0.2909769441121684
