initial_infected_perc,initial_immune_perc,length,height,population_size,contagion_distance,critical_limit,amp_susc,amp_rec,amp_inf,response
0.012731530017918559,0.037646448559283875,100,100,118,5,0.05,8.997615143609716,11.74465157820978,4.127543619457619,0.09621839571644326
