initial_infected_perc,initial_immune_perc,length,height,population_size,contagion_distance,critical_limit,amp_susc,amp_rec,amp_inf,response
0.00994016844201514,0.019730036652226127,100,100,118,5,0.05,19.051064234868356,7.1612377716774445,6.331904074518723,0.12106222930871431
