initial_infected_perc,initial_immune_perc,length,height,population_size,contagion_distance,critical_limit,amp_susc,amp_rec,amp_inf,response
0.062432345724941246,0.04042048228199732,100,100,118,5,0.05,5.644142871861559,8.872528401681656,8.601819919217581,0.25065361284558524
