initial_infected_perc,initial_immune_perc,length,height,population_size,contagion_distance,critical_limit,amp_susc,amp_rec,amp_inf,response
0.07313825463650772,0.05376527999084612,100,100,118,5,0.05,16.56563555958908,18.655384299866405,1.1408130072722256,0.21358031825616183
