initial_infected_perc,initial_immune_perc,length,height,population_size,contagion_distance,critical_limit,amp_susc,amp_rec,amp_inf,response
0.011983351292800593,0.036137166810453904,100,100,118,5,0.05,18.7818985352958,5.94550387713859,2.428560511236284,0.21929118124902178
