initial_infected_perc,initial_immune_perc,length,height,population_size,contagion_distance,critical_limit,amp_susc,amp_rec,amp_inf,response
0.00974766283896268,0.08026204098619572,100,100,118,5,0.05,12.443861337522597,2.540942863022335,15.416621748632055,0.058823620136910955
