initial_infected_perc,initial_immune_perc,length,height,population_size,contagion_distance,critical_limit,amp_susc,amp_rec,amp_inf,response
0.028618890260656407,0.07970494006620497,100,100,118,5,0.05,1.3302061551832822,3.8978307773868703,0.25859442583050507,0.007140117747886121
