initial_infected_perc,initial_immune_perc,length,height,population_size,contagion_distance,critical_limit,amp_susc,amp_rec,amp_inf,response
0.01968739256355231,0.09325741615588276,100,100,118,5,0.05,18.888063611900648,5.13951537951193,8.614875074735808,0.21244709906127457
