initial_infected_perc,initial_immune_perc,length,height,population_size,contagion_distance,critical_limit,amp_susc,amp_rec,amp_inf,response
0.014307527713676937,0.08126420905596975,100,100,118,5,0.05,0.6088777672948553,6.101080769512402,6.954464239129039,0.2046839667960492
