initial_infected_perc,initial_immune_perc,length,height,population_size,contagion_distance,critical_limit,amp_susc,amp_rec,amp_inf,response
0.06657999534724032,0.018699887456607,100,100,118,5,0.05,7.108905053493439,15.875435731114226,12.19202389960756,0.023899874411474353
