initial_infected_perc,initial_immune_perc,length,height,population_size,contagion_distance,critical_limit,amp_susc,amp_rec,amp_inf,response
0.035972214698604024,0.030377975609775267,100,100,118,5,0.05,15.549407218606417,7.052683224835585,18.60252809141136,0.0045426770418383385
