initial_infected_perc,initial_immune_perc,length,height,population_size,contagion_distance,critical_limit,amp_susc,amp_rec,amp_inf,response
0.08931270271154805,0.05440491602541826,100,100,118,5,0.05,5.441185045365621,0.5017371522483094,2.2711321349940228,0.11794391508621033
