initial_infected_perc,initial_immune_perc,length,height,population_size,contagion_distance,critical_limit,amp_susc,amp_rec,amp_inf,response
0.01325703076855016,0.06565342903235982,100,100,118,5,0.05,17.373668155873666,18.460242798883677,7.842512748959205,0.23746571902928154
