initial_infected_perc,initial_immune_perc,length,height,population_size,contagion_distance,critical_limit,amp_susc,amp_rec,amp_inf,response
0.048863612527853054,0.07601904473890936,100,100,118,5,0.05,6.456969905234735,4.237185275949078,3.8095605463288673,0.27805681034777135
