initial_infected_perc,initial_immune_perc,length,height,population_size,contagion_distance,critical_limit,amp_susc,amp_rec,amp_inf,response
0.037732532640061295,0.09125449654434996,100,100,118,5,0.05,19.50747904957638,16.69630946593361,4.075439322984371,0.1246470722392749
