initial_infected_perc,initial_immune_perc,length,height,population_size,contagion_distance,critical_limit,amp_susc,amp_rec,amp_inf,response
0.02629726043063293,0.026843326365629874,100,100,118,5,0.05,17.508399966326976,17.139112494266392,16.023797207866714,0.2572665648199428
