initial_infected_perc,initial_immune_perc,length,height,population_size,contagion_distance,critical_limit,amp_susc,amp_rec,amp_inf,response
0.02104218811401929,0.06080862096081401,100,100,118,5,0.05,15.393258029326251,10.675347988906411,18.025628760819114,0.12293765455438838
