initial_infected_perc,initial_immune_perc,length,height,population_size,contagion_distance,critical_limit,amp_susc,amp_rec,amp_inf,response
0.05922598384140231,0.07662558239707279,100,100,118,5,0.05,9.21009645041843,18.932752423375394,12.150824591620372,0.212761201636926
