initial_infected_perc,initial_immune_perc,length,height,population_size,contagion_distance,critical_limit,amp_susc,amp_rec,amp_inf,response
0.0707206723574945,0.005649436977894895,100,100,118,5,0.05,15.636159894624841,8.637267152407455,5.909305371702345,0.22723727482526254
