initial_infected_perc,initial_immune_perc,length,height,population_size,contagion_distance,critical_limit,amp_susc,amp_rec,amp_inf,response
0.06077564366169224,0.02647745714010773,100,100,118,5,0.05,16.147824841043004,18.21851036728888,18.598202137736333,0.22920941712930984
