initial_infected_perc,initial_immune_perc,length,height,population_size,contagion_distance,critical_limit,amp_susc,amp_rec,amp_inf,response
0.0680838158784049,0.09891054326457899,100,100,118,5,0.05,18.606377496650563,10.945079057763682,7.704530953674762,0.012898866406070552
