initial_infected_perc,initial_immune_perc,length,height,population_size,contagion_distance,critical_limit,amp_susc,amp_rec,amp_inf,response
0.038467130398999044,0.07633880687790558,100,100,118,5,0.05,17.316704702171847,6.597912142273417,12.658465554571944,0.2551624700666262
