initial_infected_perc,initial_immune_perc,length,height,population_size,contagion_distance,critical_limit,amp_susc,amp_rec,amp_inf,response
0.033659953866338986,0.010695450157478316,100,100,118,5,0.05,11.296741663676402,17.823550014819695,3.8906609182668683,0.29383321449209965
