initial_infected_perc,initial_immune_perc,length,height,population_size,contagion_distance,critical_limit,amp_susc,amp_rec,amp_inf,response
0.024673245645714905,0.0031529489035859283,100,100,118,5,0.05,3.2272684171968713,13.196596866354419,11.899817259394078,0.018928736544637014
