initial_infected_perc,initial_immune_perc,length,height,population_size,contagion_distance,critical_limit,amp_susc,amp_rec,amp_inf,response
0.09142948467044822,0.0707475970615928,100,100,118,5,0.05,16.18130148058887,17.929964666654858,14.743198871190744,0.02902378986979043
