initial_infected_perc,initial_immune_perc,length,height,population_size,contagion_distance,critical_limit,amp_susc,amp_rec,amp_inf,response
0.05067334460176647,0.069172229504054,100,100,118,5,0.05,6.7242253452535135,5.333415140308415,12.7704873553213,0.09422065595136171
