initial_infected_perc,initial_immune_perc,length,height,population_size,contagion_distance,critical_limit,amp_susc,amp_rec,amp_inf,response
0.054695319300547246,0.09616189362199178,100,100,118,5,0.05,19.099553885528596,1.7550114198182332,1.6845254100012252,0.11617705715293641
