initial_infected_perc,initial_immune_perc,length,height,population_size,contagion_distance,critical_limit,amp_susc,amp_rec,amp_inf,response
0.08005686288727512,0.042983542956724186,100,100,118,5,0.05,17.969656613234356,16.368863789698544,3.4361347451015245,0.1970374588721276
