initial_infected_perc,initial_immune_perc,length,height,population_size,contagion_distance,critical_limit,amp_susc,amp_rec,amp_inf,response
0.08937729055363984,0.06714389214072478,100,100,118,5,0.05,1.0548710400184391,3.7791662265984916,18.38440775959551,0.05916631103374844
