initial_infected_perc,initial_immune_perc,length,height,population_size,contagion_distance,critical_limit,amp_susc,amp_rec,amp_inf,response
0.05241280280659786,0.07469308139639697,100,100,118,5,0.05,17.79163481507943,18.925256964857475,0.9287368111101868,0.0670047462932056
