initial_infected_perc,initial_immune_perc,length,height,population_size,contagion_distance,critical_limit,amp_susc,amp_rec,amp_inf,response
0.09326846507920965,0.07992133192637135,100,100,118,5,0.05,3.3555916533607077,19.713497659721508,0.23966669696470877,0.17555078016015532
