initial_infected_perc,initial_immune_perc,length,height,population_size,contagion_distance,critical_limit,amp_susc,amp_rec,amp_inf,response
0.08863583188333848,0.045943233576189006,100,100,118,5,0.05,2.475083609131783,8.261518462649436,4.492113209078868,0.29584174071638814
