initial_infected_perc,initial_immune_perc,length,height,population_size,contagion_distance,critical_limit,amp_susc,amp_rec,amp_inf,response
0.05709688117107764,0.08117680118406424,100,100,118,5,0.05,2.8770651950878534,10.356934609682153,9.57645481626804,0.04862564971614246
