initial_infected_perc,initial_immune_perc,length,height,population_size,contagion_distance,critical_limit,amp_susc,amp_rec,amp_inf,response
0.02603866399014967,0.07081566161981788,100,100,118,5,0.05,8.120819697530218,15.555213616253354,12.834814191047457,0.23755611857425357
