initial_infected_perc,initial_immune_perc,length,height,population_size,contagion_distance,critical_limit,amp_susc,amp_rec,amp_inf,response
0.057389891185386545,0.05337126689336226,100,100,118,5,0.05,0.3578652582294706,8.66710183013999,11.941571784949934,0.2684189385233628
