initial_infected_perc,initial_immune_perc,length,height,population_size,contagion_distance,critical_limit,amp_susc,amp_rec,amp_inf,response
0.06006807053154535,0.02108058353213791,100,100,118,5,0.05,16.382704733528996,4.2042927098800265,8.918892122658406,0.2842276748175844
