initial_infected_perc,initial_immune_perc,length,height,population_size,contagion_distance,critical_limit,amp_susc,amp_rec,amp_inf,response
0.061144942201833224,0.09364741417121256,100,100,118,5,0.05,13.457103772789004,17.34775237412659,12.381294549193635,0.18564948200594508
