initial_infected_perc,initial_immune_perc,length,height,population_size,contagion_distance,critical_limit,amp_susc,amp_rec,amp_inf,response
0.054403794251939454,0.022611645851711715,100,100,118,5,0.05,14.668514877488636,13.996539575785068,8.12356522121086,0.10284056609197509
