initial_infected_perc,initial_immune_perc,length,height,population_size,contagion_distance,critical_limit,amp_susc,amp_rec,amp_inf,response
0.015415362430790414,0.06466078427375972,100,100,118,5,0.05,7.314583223178113,5.694322504899592,3.8850784030982055,0.11537704014388012
