initial_infected_perc,initial_immune_perc,length,height,population_size,contagion_distance,critical_limit,amp_susc,amp_rec,amp_inf,response
0.09846835700090492,0.08322044013666778,100,100,118,5,0.05,4.254189758418356,19.27538660141662,18.588725592866815,0.29506463629892926
