initial_infected_perc,initial_immune_perc,length,height,population_size,contagion_distance,critical_limit,amp_susc,amp_rec,amp_inf,response
0.08053641777668172,0.01696354842968557,100,100,118,5,0.05,19.6857449857435,3.9287751798253057,5.782963942753582,0.16440162662212793
