initial_infected_perc,initial_immune_perc,length,height,population_size,contagion_distance,critical_limit,amp_susc,amp_rec,amp_inf,response
0.023311688064595184,0.059266880017481864,100,100,118,5,0.05,4.651690791824219,3.414276768708311,9.775049776987787,0.0022357938548022813
