initial_infected_perc,initial_immune_perc,length,height,population_size,contagion_distance,critical_limit,amp_susc,amp_rec,amp_inf,response
0.051448561942570796,0.04926261676307973,100,100,118,5,0.05,7.463923117751166,12.262405006518154,12.643947077344059,0.03674723956729263
