initial_infected_perc,initial_immune_perc,length,height,population_size,contagion_distance,critical_limit,amp_susc,amp_rec,amp_inf,response
0.08923989519441393,0.006680984987609318,100,100,118,5,0.05,8.351384908616868,16.58403370369083,14.2334211439891,0.1700906747435509
