initial_infected_perc,initial_immune_perc,length,height,population_size,contagion_distance,critical_limit,amp_susc,amp_rec,amp_inf,response
0.03034494444089112,0.06133558357558477,100,100,118,5,0.05,7.621945354008329,11.93362373394783,5.283619083955862,0.05813995872211881
