initial_infected_perc,initial_immune_perc,length,height,population_size,contagion_distance,critical_limit,amp_susc,amp_rec,amp_inf,response
0.014418699347151499,0.07202043861095274,100,100,118,5,0.05,10.900078243036852,2.296048997350859,0.6902555010614408,0.16069998527127824
