initial_infected_perc,initial_immune_perc,length,height,population_size,contagion_distance,critical_limit,amp_susc,amp_rec,amp_inf,response
0.0724513891049023,0.05539004070318877,100,100,118,5,0.05,1.2887997348944547,5.548804352463894,17.53514776081035,0.21710535791333543
