initial_infected_perc,initial_immune_perc,length,height,population_size,contagion_distance,critical_limit,amp_susc,amp_rec,amp_inf,response
0.030819829393944,0.022727314630239262,100,100,118,5,0.05,16.372980333418198,14.583426477356502,19.464963827402237,0.22379137641836538
