initial_infected_perc,initial_immune_perc,length,height,population_size,contagion_distance,critical_limit,amp_susc,amp_rec,amp_inf,response
0.06985525797087903,0.026386441144803333,100,100,118,5,0.05,2.4126310481324498,17.968522641035378,18.362316401205096,0.22488869142278212
