initial_infected_perc,initial_immune_perc,length,height,population_size,contagion_distance,critical_limit,amp_susc,amp_rec,amp_inf,response
0.07592608105185894,0.09446239459833379,100,100,118,5,0.05,18.771333948037007,6.478494361281837,19.476722884678082,0.24916112813429614
