initial_infected_perc,initial_immune_perc,length,height,population_size,contagion_distance,critical_limit,amp_susc,amp_rec,amp_inf,response
0.07565044837244989,0.004755991797184844,100,100,118,5,0.05,14.746464156962373,6.468798416872317,2.7005753888771045,0.04570146226263314
