initial_infected_perc,initial_immune_perc,length,height,population_size,contagion_distance,critical_limit,amp_susc,amp_rec,amp_inf,response
0.044925137477475334,0.036843534824980796,100,100,118,5,0.05,3.1170159100620864,18.13319344048422,4.29695213904491,0.019818856726213172
