initial_infected_perc,initial_immune_perc,length,height,population_size,contagion_distance,critical_limit,amp_susc,amp_rec,amp_inf,response
0.05138316610779366,0.09485860530270526,100,100,118,5,0.05,0.5166936870556471,4.393095924228268,7.468038919869966,0.06877724132825644
