initial_infected_perc,initial_immune_perc,length,height,population_size,contagion_distance,critical_limit,amp_susc,amp_rec,amp_inf,response
0.0487948554252417,0.05847463156131336,100,100,118,5,0.05,14.816265446885716,14.328002589680027,6.896561093782207,0.2118350444205338
