initial_infected_perc,initial_immune_perc,length,height,population_size,contagion_distance,critical_limit,amp_susc,amp_rec,amp_inf,response
0.09308792257385522,0.04568181162301256,100,100,118,5,0.05,14.87171821422455,1.895224352835767,4.834858059030058,0.24098890851025823
