initial_infected_perc,initial_immune_perc,length,height,population_size,contagion_distance,critical_limit,amp_susc,amp_rec,amp_inf,response
0.010400259406864077,0.09236963779752548,100,100,118,5,0.05,15.443864110825576,4.06264827527804,2.1687565896866023,0.2711895809645695
