initial_infected_perc,initial_immune_perc,length,height,population_size,contagion_distance,critical_limit,amp_susc,amp_rec,amp_inf,response
0.0486628902288439,0.058836244302063995,100,100,118,5,0.05,1.9101310601215449,18.25529246262995,15.94556431143581,0.12810863850669954
