initial_infected_perc,initial_immune_perc,length,height,population_size,contagion_distance,critical_limit,amp_susc,amp_rec,amp_inf,response
0.06882132640720484,0.03874612872636938,100,100,118,5,0.05,17.790926620384557,5.7159052362014995,5.370699515063362,0.14290429061313326
