initial_infected_perc,initial_immune_perc,length,height,population_size,contagion_distance,critical_limit,amp_susc,amp_rec,amp_inf,response
0.08815371629545626,0.04491634276155955,100,100,118,5,0.05,14.409505714365975,2.966914042024762,6.915067496054814,0.22575923410674262
