initial_infected_perc,initial_immune_perc,length,height,population_size,contagion_distance,critical_limit,amp_susc,amp_rec,amp_inf,response
0.09586376021344367,0.06737873142624627,100,100,118,5,0.05,0.8221616776604623,2.1289796145604356,8.752946833453274,0.12060401865770765
