initial_infected_perc,initial_immune_perc,length,height,population_size,contagion_distance,critical_limit,amp_susc,amp_rec,amp_inf,response
0.04119253032063617,0.007703116746891903,100,100,118,5,0.05,13.506035300177182,5.004894928777855,4.791584125710743,0.22565135048117738
