initial_infected_perc,initial_immune_perc,length,height,population_size,contagion_distance,critical_limit,amp_susc,amp_rec,amp_inf,response
0.020519057334263548,0.017043020358017493,100,100,118,5,0.05,2.903422234375199,9.632489742969348,4.267822075104471,0.16587490647161177
