initial_infected_perc,initial_immune_perc,length,height,population_size,contagion_distance,critical_limit,amp_susc,amp_rec,amp_inf,response
0.02415535282015431,0.03582555759280285,100,100,118,5,0.05,18.34799576118715,7.375071305569723,9.001540114798292,0.11755505285089579
