initial_infected_perc,initial_immune_perc,length,height,population_size,contagion_distance,critical_limit,amp_susc,amp_rec,amp_inf,response
0.0551012477628587,0.02782905421258325,100,100,118,5,0.05,17.05284884066245,12.760236331764842,14.857950580950654,0.18220029511545652
