initial_infected_perc,initial_immune_perc,length,height,population_size,contagion_distance,critical_limit,amp_susc,amp_rec,amp_inf,response
0.05633781708345295,0.03793937316992561,100,100,118,5,0.05,0.2202570428753492,2.133646655568102,1.2497700860027483,0.11042529710254796
