initial_infected_perc,initial_immune_perc,length,height,population_size,contagion_distance,critical_limit,amp_susc,amp_rec,amp_inf,response
0.003345018347068718,0.07701526401562402,100,100,118,5,0.05,15.973008970205989,18.139065870719293,2.221421440627911,0.2546667419630972
