initial_infected_perc,initial_immune_perc,length,height,population_size,contagion_distance,critical_limit,amp_susc,amp_rec,amp_inf,response
0.02718798864784311,0.08844397572617373,100,100,118,5,0.05,8.500330293477967,17.203632148100134,9.968200534380383,0.28815212472612994
