initial_infected_perc,initial_immune_perc,length,height,population_size,contagion_distance,critical_limit,amp_susc,amp_rec,amp_inf,response
0.03217983488210551,0.010444085729294228,100,100,118,5,0.05,8.010805525518096,11.096711570504329,17.750863121401217,0.29282215896092423
