initial_infected_perc,initial_immune_perc,length,height,population_size,contagion_distance,critical_limit,amp_susc,amp_rec,amp_inf,response
0.06440699821491368,0.04565421780002691,100,100,118,5,0.05,0.6813703981642671,10.145172072015265,12.76423450968186,0.2189204760309062
