initial_infected_perc,initial_immune_perc,length,height,population_size,contagion_distance,critical_limit,amp_susc,amp_rec,amp_inf,response
0.08387754436695605,0.006453169595731567,100,100,118,5,0.05,9.524147689146114,4.155561940254611,14.281447645394337,0.187859611902531
