initial_infected_perc,initial_immune_perc,length,height,population_size,contagion_distance,critical_limit,amp_susc,amp_rec,amp_inf,response
0.007754906675452578,0.008819157294746983,100,100,118,5,0.05,13.316330655781723,6.9310877054235664,14.606794682713893,0.022859695105921094
