initial_infected_perc,initial_immune_perc,length,height,population_size,contagion_distance,critical_limit,amp_susc,amp_rec,amp_inf,response
0.008223015146959034,0.07536481844684513,100,100,118,5,0.05,4.776236860151899,0.8846340967132726,16.736898398088858,0.0932842947921886
