initial_infected_perc,initial_immune_perc,length,height,population_size,contagion_distance,critical_limit,amp_susc,amp_rec,amp_inf,response
0.07512786783325894,0.08259383327314304,100,100,118,5,0.05,14.35164946879854,19.92609371325248,2.360045701980902,0.1017395975982376
