initial_infected_perc,initial_immune_perc,length,height,population_size,contagion_distance,critical_limit,amp_susc,amp_rec,amp_inf,response
0.09974534708712851,0.0034446195339328913,100,100,118,5,0.05,14.118394486647022,1.7039149125806285,2.339547710833132,0.07270895887242759
