initial_infected_perc,initial_immune_perc,length,height,population_size,contagion_distance,critical_limit,amp_susc,amp_rec,amp_inf,response
0.09995116124287023,0.09543977752428841,100,100,118,5,0.05,18.372831063519804,11.851184751423094,2.0429066191047474,0.19891673569151433
