initial_infected_perc,initial_immune_perc,length,height,population_size,contagion_distance,critical_limit,amp_susc,amp_rec,amp_inf,response
0.00048492249694197524,0.04823464140206424,100,100,118,5,0.05,1.3504155939183393,11.151233462394972,17.48453520463818,0.09226618952324957
