initial_infected_perc,initial_immune_perc,length,height,population_size,contagion_distance,critical_limit,amp_susc,amp_rec,amp_inf,response
0.07663858440365234,0.04706026020186502,100,100,118,5,0.05,17.571103574253783,16.647503051844836,16.298841364081667,0.09397477867163874
