initial_infected_perc,initial_immune_perc,length,height,population_size,contagion_distance,critical_limit,amp_susc,amp_rec,amp_inf,response
0.07141230956502997,0.05657322124036073,100,100,118,5,0.05,10.894461054509698,10.236362773721497,15.146405861454364,0.06503676853593336
