initial_infected_perc,initial_immune_perc,length,height,population_size,contagion_distance,critical_limit,amp_susc,amp_rec,amp_inf,response
0.0998690864046344,0.0030531863572654696,100,100,118,5,0.05,9.118430323401478,12.03102865020467,14.470812580148976,0.2549112520147293
