initial_infected_perc,initial_immune_perc,length,height,population_size,contagion_distance,critical_limit,amp_susc,amp_rec,amp_inf,response
0.03547883187972955,0.08394880618510552,100,100,118,5,0.05,14.942056850126468,3.743866431767755,12.516922500798414,0.28297857477933774
