initial_infected_perc,initial_immune_perc,length,height,population_size,contagion_distance,critical_limit,amp_susc,amp_rec,amp_inf,response
0.023632443117150237,0.08446207111474474,100,100,118,5,0.05,19.10583127213709,16.66786190491988,18.178399157484396,0.06540478471219008
