initial_infected_perc,initial_immune_perc,length,height,population_size,contagion_distance,critical_limit,amp_susc,amp_rec,amp_inf,response
0.0012865245848572627,0.09577473250768298,100,100,118,5,0.05,10.207324333353627,5.258240937993762,8.858359879588885,0.01424472997735402
