initial_infected_perc,initial_immune_perc,length,height,population_size,contagion_distance,critical_limit,amp_susc,amp_rec,amp_inf,response
0.05836690032510085,0.058204973197629656,100,100,118,5,0.05,10.142991213900789,10.647491657095287,6.788199300643316,0.21641787291293066
