initial_infected_perc,initial_immune_perc,length,height,population_size,contagion_distance,critical_limit,amp_susc,amp_rec,amp_inf,response
0.006378992743259759,0.03346424253343205,100,100,118,5,0.05,3.959484710091381,4.753177627189147,1.676984138744031,0.22004133352502295
