initial_infected_perc,initial_immune_perc,length,height,population_size,contagion_distance,critical_limit,amp_susc,amp_rec,amp_inf,response
0.085864087687768,0.04779922962467125,100,100,118,5,0.05,2.813000422668761,4.007219716635914,13.446841218193317,0.26667719280899976
