initial_infected_perc,initial_immune_perc,length,height,population_size,contagion_distance,critical_limit,amp_susc,amp_rec,amp_inf,response
0.035923052443006635,0.018844424457962194,100,100,118,5,0.05,18.72670385877913,8.417166807282321,9.9541466141118,0.029162089560785486
