initial_infected_perc,initial_immune_perc,length,height,population_size,contagion_distance,critical_limit,amp_susc,amp_rec,amp_inf,response
0.03906638854002135,0.03916877753560706,100,100,118,5,0.05,4.713431085697302,0.8347693903503917,11.736832121483067,0.22699235493154651
