initial_infected_perc,initial_immune_perc,length,height,population_size,contagion_distance,critical_limit,amp_susc,amp_rec,amp_inf,response
0.026802813898044987,0.023905545975899348,100,100,118,5,0.05,18.80097309562352,18.636797706174658,13.180736260048977,0.18618550320584595
