initial_infected_perc,initial_immune_perc,length,height,population_size,contagion_distance,critical_limit,amp_susc,amp_rec,amp_inf,response
0.0915896640101625,0.03968268631402725,100,100,118,5,0.05,17.277083157186482,13.927838003782343,6.3728416903291585,0.25522321759681427
