initial_infected_perc,initial_immune_perc,length,height,population_size,contagion_distance,critical_limit,amp_susc,amp_rec,amp_inf,response
0.024695995575911112,0.008061751060974166,100,100,118,5,0.05,14.98503502856873,7.266684925143714,5.022444630318626,0.18230382595407138
