initial_infected_perc,initial_immune_perc,length,height,population_size,contagion_distance,critical_limit,amp_susc,amp_rec,amp_inf,response
0.03436255394938329,0.03189759370963117,100,100,118,5,0.05,17.3131192942239,13.579198942103947,8.319361027250704,0.2801818009830235
