initial_infected_perc,initial_immune_perc,length,height,population_size,contagion_distance,critical_limit,amp_susc,amp_rec,amp_inf,response
0.05762315288625111,0.08376272699685845,100,100,118,5,0.05,11.619114392913797,3.316813254584079,8.067967431764156,0.21276533656370236
