initial_infected_perc,initial_immune_perc,length,height,population_size,contagion_distance,critical_limit,amp_susc,amp_rec,amp_inf,response
0.020608548255120207,0.07743208939076499,100,100,118,5,0.05,2.2734387778053344,15.02194611058864,4.405564755750023,0.226804812418452
