initial_infected_perc,initial_immune_perc,length,height,population_size,contagion_distance,critical_limit,amp_susc,amp_rec,amp_inf,response
0.026792757966341042,0.04830049617091753,100,100,118,5,0.05,14.447778898723808,8.716828888692218,0.3418191706100093,0.0663845054078183
