initial_infected_perc,initial_immune_perc,length,height,population_size,contagion_distance,critical_limit,amp_susc,amp_rec,amp_inf,response
0.0684757537056907,0.03877315166849632,100,100,118,5,0.05,6.4757735965276435,3.316337280023496,16.385540742740133,0.018834754814394238
