initial_infected_perc,initial_immune_perc,length,height,population_size,contagion_distance,critical_limit,amp_susc,amp_rec,amp_inf,response
0.04287191829232472,0.08614789246659721,100,100,118,5,0.05,18.391917529632952,7.57129673738544,9.399654433117103,0.023263227446071632
