initial_infected_perc,initial_immune_perc,length,height,population_size,contagion_distance,critical_limit,amp_susc,amp_rec,amp_inf,response
0.03236426091806514,0.08796678070957392,100,100,118,5,0.05,6.2439260961087655,7.226726589367265,5.4520314713657925,0.11444661746646584
