initial_infected_perc,initial_immune_perc,length,height,population_size,contagion_distance,critical_limit,amp_susc,amp_rec,amp_inf,response
0.08314233659133768,0.06541354856466419,100,100,118,5,0.05,2.7214992558745688,19.65428608827263,19.725869274526758,0.04283047381418313
