initial_infected_perc,initial_immune_perc,length,height,population_size,contagion_distance,critical_limit,amp_susc,amp_rec,amp_inf,response
0.042240201721051474,0.0509631758270145,100,100,118,5,0.05,14.998139565778574,4.198001409175481,19.672486550243566,0.18765485660227518
