initial_infected_perc,initial_immune_perc,length,height,population_size,contagion_distance,critical_limit,amp_susc,amp_rec,amp_inf,response
0.07918534829827419,0.01785927715757556,100,100,118,5,0.05,6.9540637887946,3.779440928411375,19.065553501518462,0.12932581238665383
