initial_infected_perc,initial_immune_perc,length,height,population_size,contagion_distance,critical_limit,amp_susc,amp_rec,amp_inf,response
0.0019078502046771418,0.012109935429041308,100,100,118,5,0.05,17.186660599514646,10.512292943465795,2.006430244024968,0.14288378860457798
