initial_infected_perc,initial_immune_perc,length,height,population_size,contagion_distance,critical_limit,amp_susc,amp_rec,amp_inf,response
0.0050289428137052505,0.09330840890806844,100,100,118,5,0.05,10.884710531339387,10.650933676729498,17.843083215183405,0.15383133671951207
