initial_infected_perc,initial_immune_perc,length,height,population_size,contagion_distance,critical_limit,amp_susc,amp_rec,amp_inf,response
0.06821128023726461,0.006992030833666941,100,100,118,5,0.05,18.13301622916265,12.98944026427588,9.592193713888236,0.09051457612187702
