initial_infected_perc,initial_immune_perc,length,height,population_size,contagion_distance,critical_limit,amp_susc,amp_rec,amp_inf,response
0.044514202397321824,0.09299738371788671,100,100,118,5,0.05,11.329031913412432,4.013812166423958,15.250343389852175,0.18604771852874016
