initial_infected_perc,initial_immune_perc,length,height,population_size,contagion_distance,critical_limit,amp_susc,amp_rec,amp_inf,response
0.08495359708055156,0.09133353444370891,100,100,118,5,0.05,10.575902368677792,9.881405246269843,14.404098992484894,0.14010778145892697
