initial_infected_perc,initial_immune_perc,length,height,population_size,contagion_distance,critical_limit,amp_susc,amp_rec,amp_inf,response
0.08268669319083966,0.06173750722637731,100,100,118,5,0.05,1.7352520207700417,12.40557663819618,4.827008564271543,0.18144527811419014
