initial_infected_perc,initial_immune_perc,length,height,population_size,contagion_distance,critical_limit,amp_susc,amp_rec,amp_inf,response
0.0656796034346487,0.04278754901775236,100,100,118,5,0.05,2.7439593046079414,8.881923976746783,1.3767410917468936,0.24496732076136718
