initial_infected_perc,initial_immune_perc,length,height,population_size,contagion_distance,critical_limit,amp_susc,amp_rec,amp_inf,response
0.028026206454745486,0.08729941942219115,100,100,118,5,0.05,9.153513065778892,16.802102763786813,0.8030962923194673,0.269999255960919
