initial_infected_perc,initial_immune_perc,length,height,population_size,contagion_distance,critical_limit,amp_susc,amp_rec,amp_inf,response
0.09414913859443876,0.06666444121161656,100,100,118,5,0.05,9.077714281604779,0.8605009175561085,14.00788122059298,0.014996747853389536
