initial_infected_perc,initial_immune_perc,length,height,population_size,contagion_distance,critical_limit,amp_susc,amp_rec,amp_inf,response
0.037800345608188436,0.023636003581728706,100,100,118,5,0.05,18.91626991477192,11.307899680822668,16.204194537574644,0.2778426087555464
