initial_infected_perc,initial_immune_perc,length,height,population_size,contagion_distance,critical_limit,amp_susc,amp_rec,amp_inf,response
0.025234473417130213,0.0442601185058083,100,100,118,5,0.05,17.314895043493635,18.127227404404852,14.769176655741138,0.016461974342985883
