initial_infected_perc,initial_immune_perc,length,height,population_size,contagion_distance,critical_limit,amp_susc,amp_rec,amp_inf,response
0.0895574218473097,0.018108026826126732,100,100,118,5,0.05,10.183086322297923,1.7828621931227961,18.374561577647764,0.11749227578341537
