initial_infected_perc,initial_immune_perc,length,height,population_size,contagion_distance,critical_limit,amp_susc,amp_rec,amp_inf,response
0.09058415144176506,0.07322165448716529,100,100,118,5,0.05,14.56997203124909,8.37290215717628,3.032134475320478,0.021055621178918814
