initial_infected_perc,initial_immune_perc,length,height,population_size,contagion_distance,critical_limit,amp_susc,amp_rec,amp_inf,response
0.024255993667659216,0.015600582295947863,100,100,118,5,0.05,8.186844379957066,15.717631978915367,6.92912753269473,0.27282747058885
