initial_infected_perc,initial_immune_perc,length,height,population_size,contagion_distance,critical_limit,amp_susc,amp_rec,amp_inf,response
0.03913782076561678,0.08520734749612796,100,100,118,5,0.05,0.11705747946449074,18.711607250806594,7.337465388339794,0.11663198738583218
