initial_infected_perc,initial_immune_perc,length,height,population_size,contagion_distance,critical_limit,amp_susc,amp_rec,amp_inf,response
0.06712973741027589,0.08912334324840482,100,100,118,5,0.05,12.496943998516398,4.337176739624198,7.255470193992779,0.03989158402604807
