initial_infected_perc,initial_immune_perc,length,height,population_size,contagion_distance,critical_limit,amp_susc,amp_rec,amp_inf,response
0.09288178708410215,0.04414856151839944,100,100,118,5,0.05,14.420608117229667,4.508495212642758,5.725732419633798,0.13707774180877313
