initial_infected_perc,initial_immune_perc,length,height,population_size,contagion_distance,critical_limit,amp_susc,amp_rec,amp_inf,response
0.07645573067404955,0.049001495141708706,100,100,118,5,0.05,5.294476539617672,16.560630358570656,17.77965075925926,0.26520911519377166
