initial_infected_perc,initial_immune_perc,length,height,population_size,contagion_distance,critical_limit,amp_susc,amp_rec,amp_inf,response
0.002744380154733539,0.07755236168879934,100,100,118,5,0.05,8.471218767156042,18.42705759739146,16.48732348067103,0.01672200625566832
