initial_infected_perc,initial_immune_perc,length,height,population_size,contagion_distance,critical_limit,amp_susc,amp_rec,amp_inf,response
0.0468822289522374,0.054820977851494826,100,100,118,5,0.05,6.342362979648179,8.28291917566636,5.413603402965428,0.11350308513433209
