initial_infected_perc,initial_immune_perc,length,height,population_size,contagion_distance,critical_limit,amp_susc,amp_rec,amp_inf,response
0.04969605337602859,0.019913798835899634,100,100,118,5,0.05,1.0293425675075607,1.535139158827703,18.29296115873855,0.1416966940373131
