initial_infected_perc,initial_immune_perc,length,height,population_size,contagion_distance,critical_limit,amp_susc,amp_rec,amp_inf,response
0.000724197283286987,0.015599002549794773,100,100,118,5,0.05,1.8392833272124953,15.026270523028487,4.991300159986183,0.2695137825319959
