initial_infected_perc,initial_immune_perc,length,height,population_size,contagion_distance,critical_limit,amp_susc,amp_rec,amp_inf,response
0.07074927922681494,0.0016618890736299075,100,100,118,5,0.05,6.143872357762068,0.8709900450623898,9.850669034272528,0.19172730882098962
