initial_infected_perc,initial_immune_perc,length,height,population_size,contagion_distance,critical_limit,amp_susc,amp_rec,amp_inf,response
0.042553429154398505,0.07729260999436147,100,100,118,5,0.05,14.872386904169723,19.34465746110888,4.693003115585929,0.2957566100319211
