initial_infected_perc,initial_immune_perc,length,height,population_size,contagion_distance,critical_limit,amp_susc,amp_rec,amp_inf,response
0.08920010966704191,0.030413668762329774,100,100,118,5,0.05,16.757783835967,1.5897253761978791,17.976973401333108,0.22459314927232718
