initial_infected_perc,initial_immune_perc,length,height,population_size,contagion_distance,critical_limit,amp_susc,amp_rec,amp_inf,response
0.000593780213016204,0.07772814304950328,100,100,118,5,0.05,11.070890790592152,7.201438231015247,7.953123250170934,0.09153811601791643
