initial_infected_perc,initial_immune_perc,length,height,population_size,contagion_distance,critical_limit,amp_susc,amp_rec,amp_inf,response
0.06672574887541073,0.027195129989294776,100,100,118,5,0.05,12.383186029694759,4.072035883681875,8.401698331154602,0.17103561744998944
