initial_infected_perc,initial_immune_perc,length,height,population_size,contagion_distance,critical_limit,amp_susc,amp_rec,amp_inf,response
0.09112975065359946,0.08446923926012051,100,100,118,5,0.05,0.3792541717136433,4.610051052778415,11.670158566753122,0.11572750431092757
