initial_infected_perc,initial_immune_perc,length,height,population_size,contagion_distance,critical_limit,amp_susc,amp_rec,amp_inf,response
0.05564020485960933,0.0530353280181623,100,100,118,5,0.05,16.01055258167716,13.10856838949614,11.794880940396164,0.06118094979568492
