initial_infected_perc,initial_immune_perc,length,height,population_size,contagion_distance,critical_limit,amp_susc,amp_rec,amp_inf,response
0.07506562430587399,0.056704041042042574,100,100,118,5,0.05,18.6739155689937,16.939308850201225,2.019669091731431,0.09097080348804594
