initial_infected_perc,initial_immune_perc,length,height,population_size,contagion_distance,critical_limit,amp_susc,amp_rec,amp_inf,response
0.04625676080543761,0.08392187442592138,100,100,118,5,0.05,6.414892286981169,12.123383905433764,10.07032647629339,0.09340977943047082
