initial_infected_perc,initial_immune_perc,length,height,population_size,contagion_distance,critical_limit,amp_susc,amp_rec,amp_inf,response
0.09174451865071469,0.02271560865799054,100,100,118,5,0.05,3.6770438544138817,10.517726567951264,5.079544064439531,0.14934713066663483
