initial_infected_perc,initial_immune_perc,length,height,population_size,contagion_distance,critical_limit,amp_susc,amp_rec,amp_inf,response
0.09211215097034008,0.04414957171193717,100,100,118,5,0.05,8.245814571065333,10.768827512726144,16.49245187519491,0.20776764433811373
