initial_infected_perc,initial_immune_perc,length,height,population_size,contagion_distance,critical_limit,amp_susc,amp_rec,amp_inf,response
0.013684719402820312,0.03365397720975418,100,100,118,5,0.05,14.495838968882424,1.8956845628961738,9.445042304972816,0.2419719575108425
