initial_infected_perc,initial_immune_perc,length,height,population_size,contagion_distance,critical_limit,amp_susc,amp_rec,amp_inf,response
0.0009419736667143797,0.038757477043947955,100,100,118,5,0.05,12.79378432185722,17.170038243083813,1.3082019575743375,0.10626373792540982
