initial_infected_perc,initial_immune_perc,length,height,population_size,contagion_distance,critical_limit,amp_susc,amp_rec,amp_inf,response
0.07153792659057256,0.021980354467380937,100,100,118,5,0.05,18.13925346502719,8.65140070026084,10.082139818511259,0.277892909550507
