initial_infected_perc,initial_immune_perc,length,height,population_size,contagion_distance,critical_limit,amp_susc,amp_rec,amp_inf,response
0.058110935923500764,0.00905649311732768,100,100,118,5,0.05,5.699294083654656,16.08825391996011,1.1447683060473612,0.022228048036051606
