initial_infected_perc,initial_immune_perc,length,height,population_size,contagion_distance,critical_limit,amp_susc,amp_rec,amp_inf,response
0.03403439486870857,0.06184882717620971,100,100,118,5,0.05,17.122275062924174,19.86524150059183,6.7563962001823334,0.1557713779050686
