initial_infected_perc,initial_immune_perc,length,height,population_size,contagion_distance,critical_limit,amp_susc,amp_rec,amp_inf,response
0.06992862124010076,0.04870207518710759,100,100,118,5,0.05,11.295607596590706,12.90472407589691,2.7559156960495224,0.09032890623274904
