initial_infected_perc,initial_immune_perc,length,height,population_size,contagion_distance,critical_limit,amp_susc,amp_rec,amp_inf,response
0.04203044714489543,0.07623562132956423,100,100,118,5,0.05,11.410459975378519,4.5032157220725155,2.0272036447240294,0.04066133437915609
