initial_infected_perc,initial_immune_perc,length,height,population_size,contagion_distance,critical_limit,amp_susc,amp_rec,amp_inf,response
0.017352311708325463,0.09171454762075805,100,100,118,5,0.05,7.1492141455587905,1.5039978644470997,16.866241870993413,0.06821043074256919
