initial_infected_perc,initial_immune_perc,length,height,population_size,contagion_distance,critical_limit,amp_susc,amp_rec,amp_inf,response
0.044260933531167716,0.01784187649341388,100,100,118,5,0.05,15.578182305122075,18.285067591042065,7.207167672599171,0.2903198095731835
