initial_infected_perc,initial_immune_perc,length,height,population_size,contagion_distance,critical_limit,amp_susc,amp_rec,amp_inf,response
0.022857204318953907,0.07033460485064746,100,100,118,5,0.05,19.629920481841857,19.029727717152433,7.576811030528217,0.03585741678836824
