initial_infected_perc,initial_immune_perc,length,height,population_size,contagion_distance,critical_limit,amp_susc,amp_rec,amp_inf,response
0.06399023226520859,0.006716126010667001,100,100,118,5,0.05,15.991655694416217,14.750690768791653,10.071148800578452,0.18847257465496126
