initial_infected_perc,initial_immune_perc,length,height,population_size,contagion_distance,critical_limit,amp_susc,amp_rec,amp_inf,response
0.02221884559760541,0.07282829004821216,100,100,118,5,0.05,16.901836286289743,12.33959612196054,8.255788093186371,0.1980568003551432
