initial_infected_perc,initial_immune_perc,length,height,population_size,contagion_distance,critical_limit,amp_susc,amp_rec,amp_inf,response
0.0036213583499367877,0.06640626915996073,100,100,118,5,0.05,16.507504581056516,5.637391980283393,3.4941219807093504,0.2559578235261001
