initial_infected_perc,initial_immune_perc,length,height,population_size,contagion_distance,critical_limit,amp_susc,amp_rec,amp_inf,response
0.027069842770973643,0.00469753278188666,100,100,118,5,0.05,8.630216019853002,3.8335151193560235,15.60699819640045,0.2784005707688598
