initial_infected_perc,initial_immune_perc,length,height,population_size,contagion_distance,critical_limit,amp_susc,amp_rec,amp_inf,response
0.06003326118280594,0.05381663797460519,100,100,118,5,0.05,19.67896357844215,1.0153925093106775,8.572975747488826,0.10633798294810537
