initial_infected_perc,initial_immune_perc,length,height,population_size,contagion_distance,critical_limit,amp_susc,amp_rec,amp_inf,response
0.06445547428627522,0.02070069345291492,100,100,118,5,0.05,2.6439873794758384,16.620451676716627,5.175457542335704,0.2651566229457615
