initial_infected_perc,initial_immune_perc,length,height,population_size,contagion_distance,critical_limit,amp_susc,amp_rec,amp_inf,response
0.08209718198760038,0.04435686170457638,100,100,118,5,0.05,5.795351831027991,18.060989960235034,9.939063211311396,0.22849548252209415
