initial_infected_perc,initial_immune_perc,length,height,population_size,contagion_distance,critical_limit,amp_susc,amp_rec,amp_inf,response
0.059896667065788015,0.0009274097053264985,100,100,118,5,0.05,12.329092464033728,14.88472092868513,15.367393344285187,0.22531465163596875
