initial_infected_perc,initial_immune_perc,length,height,population_size,contagion_distance,critical_limit,amp_susc,amp_rec,amp_inf,response
0.024445815395954362,0.0318436125741828,100,100,118,5,0.05,7.232555212257326,15.124491110213281,16.97002518492463,0.03832838269631793
