initial_infected_perc,initial_immune_perc,length,height,population_size,contagion_distance,critical_limit,amp_susc,amp_rec,amp_inf,response
0.09116392669852791,0.02755359037263142,100,100,118,5,0.05,19.886179286527096,1.6374224085741051,5.510905084882307,0.0900219540791001
