initial_infected_perc,initial_immune_perc,length,height,population_size,contagion_distance,critical_limit,amp_susc,amp_rec,amp_inf,response
0.009594590622382016,0.07765760363663471,100,100,118,5,0.05,0.2068638344226037,0.534402738884665,17.874174892090732,0.23169623549359727
