initial_infected_perc,initial_immune_perc,length,height,population_size,contagion_distance,critical_limit,amp_susc,amp_rec,amp_inf,response
0.09532845381266397,0.004017582417590759,100,100,118,5,0.05,4.912721468142833,19.75976261292233,0.562738197840853,0.04605129358139589
