initial_infected_perc,initial_immune_perc,length,height,population_size,contagion_distance,critical_limit,amp_susc,amp_rec,amp_inf,response
0.09886167426666859,0.055195689100535655,100,100,118,5,0.05,6.235810354808926,8.42791203781535,9.093601146731114,0.10107068998054163
