initial_infected_perc,initial_immune_perc,length,height,population_size,contagion_distance,critical_limit,amp_susc,amp_rec,amp_inf,response
0.0451222850003713,0.011708856902311382,100,100,118,5,0.05,11.176494205010473,2.515490617307816,10.69549649475677,0.0763693764627726
