initial_infected_perc,initial_immune_perc,length,height,population_size,contagion_distance,critical_limit,amp_susc,amp_rec,amp_inf,response
0.08908265401111147,0.096293442563497,100,100,118,5,0.05,1.7991643721372186,17.025688764279575,6.047513733895309,0.07207647966334543
