initial_infected_perc,initial_immune_perc,length,height,population_size,contagion_distance,critical_limit,amp_susc,amp_rec,amp_inf,response
0.09489962646322547,0.0041284110432617815,100,100,118,5,0.05,17.41873112542898,5.54164794953369,7.438084847928447,0.12268815140079183
