initial_infected_perc,initial_immune_perc,length,height,population_size,contagion_distance,critical_limit,amp_susc,amp_rec,amp_inf,response
0.03839669683647126,0.0517824213314312,100,100,118,5,0.05,19.8481147154908,14.476354026571228,9.483918919400288,0.12328452054912134
