initial_infected_perc,initial_immune_perc,length,height,population_size,contagion_distance,critical_limit,amp_susc,amp_rec,amp_inf,response
0.06352218962297793,0.006725062577564778,100,100,118,5,0.05,10.4482888456597,18.28616825746576,18.7635125656454,0.2004618554237721
