initial_infected_perc,initial_immune_perc,length,height,population_size,contagion_distance,critical_limit,amp_susc,amp_rec,amp_inf,response
0.042748659000824155,0.00162730395482108,100,100,118,5,0.05,6.949372201601931,17.546547500223014,3.8410871172792183,0.00027002001121805285
