initial_infected_perc,initial_immune_perc,length,height,population_size,contagion_distance,critical_limit,amp_susc,amp_rec,amp_inf,response
0.09848246162390921,0.009139806752005809,100,100,118,5,0.05,11.779971860187208,2.167116622322438,14.941528507799521,0.10655773363993366
