initial_infected_perc,initial_immune_perc,length,height,population_size,contagion_distance,critical_limit,amp_susc,amp_rec,amp_inf,response
0.06393383322194791,0.05053645660190255,100,100,118,5,0.05,2.7220215051053165,17.91316091261055,7.09144661169427,0.25796257069004613
