initial_infected_perc,initial_immune_perc,length,height,population_size,contagion_distance,critical_limit,amp_susc,amp_rec,amp_inf,response
0.09977461222094335,0.06658855930713721,100,100,118,5,0.05,11.475487815909291,7.029902505370595,4.479572342687346,0.013149872708663246
