initial_infected_perc,initial_immune_perc,length,height,population_size,contagion_distance,critical_limit,amp_susc,amp_rec,amp_inf,response
0.05827817389302915,0.03922031060211348,100,100,118,5,0.05,16.55231718745393,1.9969944095335146,9.5171009945042,0.2287561026599249
