initial_infected_perc,initial_immune_perc,length,height,population_size,contagion_distance,critical_limit,amp_susc,amp_rec,amp_inf,response
0.09028837263542516,0.0023442484030934186,100,100,118,5,0.05,17.13491093389679,8.595783541591285,6.800104935388715,0.03320713880144925
