initial_infected_perc,initial_immune_perc,length,height,population_size,contagion_distance,critical_limit,amp_susc,amp_rec,amp_inf,response
0.03982346193824417,0.021587434104672943,100,100,118,5,0.05,4.4538795680763705,1.9181028454336158,6.779266749710848,0.17679656203432279
