initial_infected_perc,initial_immune_perc,length,height,population_size,contagion_distance,critical_limit,amp_susc,amp_rec,amp_inf,response
0.06509843719882297,0.09747579316145745,100,100,118,5,0.05,5.060762077104686,15.641610379160543,8.14488263632345,0.2407314402696992
