initial_infected_perc,initial_immune_perc,length,height,population_size,contagion_distance,critical_limit,amp_susc,amp_rec,amp_inf,response
0.08022940138375817,0.06038657027511601,100,100,118,5,0.05,6.419219526311584,4.413603157427923,12.163767889227778,0.16864019453491985
