initial_infected_perc,initial_immune_perc,length,height,population_size,contagion_distance,critical_limit,amp_susc,amp_rec,amp_inf,response
0.02432216519204579,0.0909846973854744,100,100,118,5,0.05,19.45935739906933,16.78120903103315,5.786831733100293,0.12787011533558182
