initial_infected_perc,initial_immune_perc,length,height,population_size,contagion_distance,critical_limit,amp_susc,amp_rec,amp_inf,response
0.02660309305040927,0.052314442497055594,100,100,118,5,0.05,15.454302517463404,14.62273056308054,13.952351514077195,0.13483836931043883
