initial_infected_perc,initial_immune_perc,length,height,population_size,contagion_distance,critical_limit,amp_susc,amp_rec,amp_inf,response
0.08170148355416237,0.026961802852486227,100,100,118,5,0.05,3.2675073852287406,15.51240755256889,10.476980296850712,0.01700763081338493
