initial_infected_perc,initial_immune_perc,length,height,population_size,contagion_distance,critical_limit,amp_susc,amp_rec,amp_inf,response
0.09308386019701476,0.0956484947704386,100,100,118,5,0.05,16.059449632402156,13.220047448571336,1.2681248604609574,0.081879271580236
