initial_infected_perc,initial_immune_perc,length,height,population_size,contagion_distance,critical_limit,amp_susc,amp_rec,amp_inf,response
0.09111888043149641,0.08547391631722968,100,100,118,5,0.05,16.07459731985629,2.682542606455647,15.143948508789691,0.20739880596172952
