initial_infected_perc,initial_immune_perc,length,height,population_size,contagion_distance,critical_limit,amp_susc,amp_rec,amp_inf,response
0.07918632060843793,0.04590595122499385,100,100,118,5,0.05,16.418103054126924,2.711780407693991,12.797263241442883,0.08627354999428875
