initial_infected_perc,initial_immune_perc,length,height,population_size,contagion_distance,critical_limit,amp_susc,amp_rec,amp_inf,response
0.07974281369411079,0.09914327137148732,100,100,118,5,0.05,9.796069166700212,6.045373778703955,3.351579887774714,0.13546488724063574
