initial_infected_perc,initial_immune_perc,length,height,population_size,contagion_distance,critical_limit,amp_susc,amp_rec,amp_inf,response
0.016800367354063216,0.017956313850753303,100,100,118,5,0.05,15.099006682681955,0.599162101199,3.283152143128496,0.049839751961909005
