initial_infected_perc,initial_immune_perc,length,height,population_size,contagion_distance,critical_limit,amp_susc,amp_rec,amp_inf,response
0.0620178633034244,0.04898829666200122,100,100,118,5,0.05,11.240072951553914,18.803283218379296,1.2059003144727587,0.14756342554519036
