initial_infected_perc,initial_immune_perc,length,height,population_size,contagion_distance,critical_limit,amp_susc,amp_rec,amp_inf,response
0.05778613760228303,0.058978783460398546,100,100,118,5,0.05,5.098723188279468,19.6026906814197,12.443822548700329,0.21703454637494662
