initial_infected_perc,initial_immune_perc,length,height,population_size,contagion_distance,critical_limit,amp_susc,amp_rec,amp_inf,response
0.042022701788681276,0.07457470404812218,100,100,118,5,0.05,12.761583548809181,7.402118384793404,7.598844393730726,0.2533463414551398
