initial_infected_perc,initial_immune_perc,length,height,population_size,contagion_distance,critical_limit,amp_susc,amp_rec,amp_inf,response
0.013703858177011242,0.07619356447593634,100,100,118,5,0.05,14.037387620911302,17.277750264145432,15.571905334811238,0.16392897123793362
