initial_infected_perc,initial_immune_perc,length,height,population_size,contagion_distance,critical_limit,amp_susc,amp_rec,amp_inf,response
0.029551991173437833,0.006816343407990722,100,100,118,5,0.05,19.58302251933138,19.22326733949934,14.808459777332654,0.08023276443592213
