initial_infected_perc,initial_immune_perc,length,height,population_size,contagion_distance,critical_limit,amp_susc,amp_rec,amp_inf,response
0.016279254755129303,0.07016350795533453,100,100,118,5,0.05,0.37200057880173,14.740863705299097,7.177052006655613,0.25368049966725165
