initial_infected_perc,initial_immune_perc,length,height,population_size,contagion_distance,critical_limit,amp_susc,amp_rec,amp_inf,response
0.013614325910489757,0.03029970918815346,100,100,118,5,0.05,14.794635372597515,19.807132198018923,1.5279632255275755,0.19255460585544265
