initial_infected_perc,initial_immune_perc,length,height,population_size,contagion_distance,critical_limit,amp_susc,amp_rec,amp_inf,response
0.03335527958781947,0.09691744097868134,100,100,118,5,0.05,18.018766641747387,9.910066087357677,6.427052016166512,0.2644883729859051
