initial_infected_perc,initial_immune_perc,length,height,population_size,contagion_distance,critical_limit,amp_susc,amp_rec,amp_inf,response
0.055546599794924545,0.08250798752533806,100,100,118,5,0.05,8.218776563286834,18.1502725554926,7.337479117357186,0.059183408059179876
