initial_infected_perc,initial_immune_perc,length,height,population_size,contagion_distance,critical_limit,amp_susc,amp_rec,amp_inf,response
0.03518645045893516,0.026139361358892034,100,100,118,5,0.05,2.535576463129905,1.670441286884512,5.957885238421117,0.04349464893723298
