initial_infected_perc,initial_immune_perc,length,height,population_size,contagion_distance,critical_limit,amp_susc,amp_rec,amp_inf,response
0.014652292327724326,0.057938579043658345,100,100,118,5,0.05,10.646638713507915,12.270800655083846,11.665601688758251,0.07555793895688093
