initial_infected_perc,initial_immune_perc,length,height,population_size,contagion_distance,critical_limit,amp_susc,amp_rec,amp_inf,response
0.016991470208681803,0.09041740379056412,100,100,118,5,0.05,1.44329931515083,6.205611366429662,1.952116260049892,0.29580479131258175
