initial_infected_perc,initial_immune_perc,length,height,population_size,contagion_distance,critical_limit,amp_susc,amp_rec,amp_inf,response
0.06444829622780403,0.01125171228817209,100,100,118,5,0.05,6.943875483325024,8.606916271335471,8.382181214577802,0.041438891996592606
