initial_infected_perc,initial_immune_perc,length,height,population_size,contagion_distance,critical_limit,amp_susc,amp_rec,amp_inf,response
0.07233763610042733,0.046461100224231555,100,100,118,5,0.05,17.416490804756712,2.4257552202874666,4.655448161805456,0.1391107081121437
