initial_infected_perc,initial_immune_perc,length,height,population_size,contagion_distance,critical_limit,amp_susc,amp_rec,amp_inf,response
0.07132013253848705,0.05876595530032685,100,100,118,5,0.05,1.9114991987394059,4.536439815020239,12.08006178409056,0.25293371961355904
