initial_infected_perc,initial_immune_perc,length,height,population_size,contagion_distance,critical_limit,amp_susc,amp_rec,amp_inf,response
0.08699558659842438,0.09824026121982704,100,100,118,5,0.05,5.281381550672101,6.08995278065477,2.758457773146996,0.2865750193794412
