initial_infected_perc,initial_immune_perc,length,height,population_size,contagion_distance,critical_limit,amp_susc,amp_rec,amp_inf,response
0.07477939165075374,0.01733978961499364,100,100,118,5,0.05,4.079427959742484,15.817624300230712,18.628092395362092,0.11150794157069917
