initial_infected_perc,initial_immune_perc,length,height,population_size,contagion_distance,critical_limit,amp_susc,amp_rec,amp_inf,response
0.018671129919211993,0.0895870569857603,100,100,118,5,0.05,12.673617123831098,2.070407947583124,18.985947160352595,0.22811807536219003
