initial_infected_perc,initial_immune_perc,length,height,population_size,contagion_distance,critical_limit,amp_susc,amp_rec,amp_inf,response
0.002947015092174288,0.024773877203491,100,100,118,5,0.05,19.051769835596023,17.043557800621862,17.78301226991931,0.1158371777194839
