initial_infected_perc,initial_immune_perc,length,height,population_size,contagion_distance,critical_limit,amp_susc,amp_rec,amp_inf,response
0.06386183937668995,0.03241389694707029,100,100,118,5,0.05,6.0298355000869375,14.220001246959608,10.868952999660129,0.23452394497427145
