initial_infected_perc,initial_immune_perc,length,height,population_size,contagion_distance,critical_limit,amp_susc,amp_rec,amp_inf,response
0.022608244571123294,0.08525561907042406,100,100,118,5,0.05,1.1380792005425233,0.2689576066125321,5.715859164988208,0.15715193316191692
