initial_infected_perc,initial_immune_perc,length,height,population_size,contagion_distance,critical_limit,amp_susc,amp_rec,amp_inf,response
0.08535107437931154,0.09978026301798223,100,100,118,5,0.05,9.276038475629914,18.59296748520702,10.329300882033278,0.23552923723007935
