initial_infected_perc,initial_immune_perc,length,height,population_size,contagion_distance,critical_limit,amp_susc,amp_rec,amp_inf,response
0.0733631433871868,0.016948968941083442,100,100,118,5,0.05,0.372779673603556,6.124160432778978,18.293516398039706,0.21473781895564772
