initial_infected_perc,initial_immune_perc,length,height,population_size,contagion_distance,critical_limit,amp_susc,amp_rec,amp_inf,response
0.054159367085330125,0.04684099965252075,100,100,118,5,0.05,17.966771127686773,10.816087153619593,3.1115138500781847,0.03795230577208188
