initial_infected_perc,initial_immune_perc,length,height,population_size,contagion_distance,critical_limit,amp_susc,amp_rec,amp_inf,response
0.09952931510716263,0.07880591237554004,100,100,118,5,0.05,12.60949521692418,19.94335879055444,7.572375448732425,0.10926797008810692
