initial_infected_perc,initial_immune_perc,length,height,population_size,contagion_distance,critical_limit,amp_susc,amp_rec,amp_inf,response
0.06509060080865922,0.08729171401586366,100,100,118,5,0.05,16.344739569164663,8.329050462935381,9.242622238555157,0.2895434831877346
