initial_infected_perc,initial_immune_perc,length,height,population_size,contagion_distance,critical_limit,amp_susc,amp_rec,amp_inf,response
0.08780641167933696,0.008826227722552139,100,100,118,5,0.05,16.366240835235637,3.8936479503264576,16.845802686238514,0.13819061523876955
