initial_infected_perc,initial_immune_perc,length,height,population_size,contagion_distance,critical_limit,amp_susc,amp_rec,amp_inf,response
0.07064681169101993,0.016484180388257975,100,100,118,5,0.05,6.498349766683129,18.852497923705855,9.923572710363,0.1318041722318728
