initial_infected_perc,initial_immune_perc,length,height,population_size,contagion_distance,critical_limit,amp_susc,amp_rec,amp_inf,response
0.0895492833135475,0.07788087152379933,100,100,118,5,0.05,6.69655383314846,17.76749473197252,16.2223333792118,0.1106879153958016
