initial_infected_perc,initial_immune_perc,length,height,population_size,contagion_distance,critical_limit,amp_susc,amp_rec,amp_inf,response
0.004396568676030987,0.03716675501757973,100,100,118,5,0.05,0.284198028549254,17.40679529374426,9.404166129283027,0.16560672029119142
