initial_infected_perc,initial_immune_perc,length,height,population_size,contagion_distance,critical_limit,amp_susc,amp_rec,amp_inf,response
0.05173902183268553,0.09543906984646677,100,100,118,5,0.05,15.61572309252056,1.738661299786437,8.736782961027822,0.1182144647097607
