initial_infected_perc,initial_immune_perc,length,height,population_size,contagion_distance,critical_limit,amp_susc,amp_rec,amp_inf,response
0.04145710032071263,0.012434435966801095,100,100,118,5,0.05,18.906919356809237,13.77802763654019,18.88973950390026,0.24366062986510578
