initial_infected_perc,initial_immune_perc,length,height,population_size,contagion_distance,critical_limit,amp_susc,amp_rec,amp_inf,response
0.024754619931964462,0.06745119476322878,100,100,118,5,0.05,12.7103426468271,14.154479220213648,3.669515408078341,0.1189767312917222
