initial_infected_perc,initial_immune_perc,length,height,population_size,contagion_distance,critical_limit,amp_susc,amp_rec,amp_inf,response
0.019437483717847738,0.08984834889988537,100,100,118,5,0.05,5.923211331492801,4.696829851362825,12.595139465123475,0.24868039335812137
