initial_infected_perc,initial_immune_perc,length,height,population_size,contagion_distance,critical_limit,amp_susc,amp_rec,amp_inf,response
0.055025792041247794,0.02623719831668806,100,100,118,5,0.05,16.17854563163754,7.568449785481935,15.733469744051165,0.22721630416080532
