initial_infected_perc,initial_immune_perc,length,height,population_size,contagion_distance,critical_limit,amp_susc,amp_rec,amp_inf,response
0.09631025586271474,0.09843113984311752,100,100,118,5,0.05,10.509363811716366,1.2262712076379878,2.3700520790561908,0.09354404695474954
