initial_infected_perc,initial_immune_perc,length,height,population_size,contagion_distance,critical_limit,amp_susc,amp_rec,amp_inf,response
0.0813893403205816,0.08619553372429878,100,100,118,5,0.05,9.499935997627777,9.407150182673565,19.4716251713394,0.2977734842609222
