initial_infected_perc,initial_immune_perc,length,height,population_size,contagion_distance,critical_limit,amp_susc,amp_rec,amp_inf,response
0.009154849321310455,0.09567385583180484,100,100,118,5,0.05,7.452564608238685,13.156102484821616,6.075151557930472,0.1623864670590922
