initial_infected_perc,initial_immune_perc,length,height,population_size,contagion_distance,critical_limit,amp_susc,amp_rec,amp_inf,response
0.01151415141580574,0.09819658955953584,100,100,118,5,0.05,18.834902518464542,14.656160823426212,10.87096648432384,0.22368995230906533
