initial_infected_perc,initial_immune_perc,length,height,population_size,contagion_distance,critical_limit,amp_susc,amp_rec,amp_inf,response
0.07637928800885423,0.04155494562655605,100,100,118,5,0.05,2.0963953606790486,19.917987158428588,15.07037858557789,0.006972663691254532
