initial_infected_perc,initial_immune_perc,length,height,population_size,contagion_distance,critical_limit,amp_susc,amp_rec,amp_inf,response
0.07159177758931616,0.006403029042670716,100,100,118,5,0.05,8.123934025697757,6.55223841026455,18.98868692066832,0.22907284224716046
