initial_infected_perc,initial_immune_perc,length,height,population_size,contagion_distance,critical_limit,amp_susc,amp_rec,amp_inf,response
0.02460810397814278,0.040547910104639866,100,100,118,5,0.05,18.77839960750419,5.0008414083923025,9.02707058442581,0.2302723811237951
