initial_infected_perc,initial_immune_perc,length,height,population_size,contagion_distance,critical_limit,amp_susc,amp_rec,amp_inf,response
0.036492090938540445,0.03046640886380977,100,100,118,5,0.05,12.026919772980262,2.169372337572857,3.0739103026464143,0.2423994776071483
