initial_infected_perc,initial_immune_perc,length,height,population_size,contagion_distance,critical_limit,amp_susc,amp_rec,amp_inf,response
0.04597454625829076,0.0059403879393270746,100,100,118,5,0.05,8.161396446545982,15.988875264751421,18.622473502237312,0.14954648119433553
