initial_infected_perc,initial_immune_perc,length,height,population_size,contagion_distance,critical_limit,amp_susc,amp_rec,amp_inf,response
0.00783409354110194,0.08926268375928287,100,100,118,5,0.05,17.514158385627777,13.511433819643488,12.541012558641132,0.21353922356947377
