initial_infected_perc,initial_immune_perc,length,height,population_size,contagion_distance,critical_limit,amp_susc,amp_rec,amp_inf,response
0.004381736407595461,0.08711627531079251,100,100,118,5,0.05,9.658793633062698,2.648746900287926,7.91041157771152,0.21112579967990808
