initial_infected_perc,initial_immune_perc,length,height,population_size,contagion_distance,critical_limit,amp_susc,amp_rec,amp_inf,response
0.0076755411419839,0.03841532179001798,100,100,118,5,0.05,17.310842879816224,18.82708386832782,19.361469281463354,0.0654361538003243
