initial_infected_perc,initial_immune_perc,length,height,population_size,contagion_distance,critical_limit,amp_susc,amp_rec,amp_inf,response
0.015725207945084852,0.03957627826217446,100,100,118,5,0.05,11.330973906788746,15.08855290817306,3.914457247938745,0.005355675831783746
