initial_infected_perc,initial_immune_perc,length,height,population_size,contagion_distance,critical_limit,amp_susc,amp_rec,amp_inf,response
0.015425075900218766,0.04064914384038262,100,100,118,5,0.05,7.032731036406488,7.548211969650522,6.158623787165254,0.024267140109580743
