initial_infected_perc,initial_immune_perc,length,height,population_size,contagion_distance,critical_limit,amp_susc,amp_rec,amp_inf,response
0.012384545878988518,0.06890480676334133,100,100,118,5,0.05,12.704545251061957,6.479114950299123,6.452325932325378,0.2984219384519795
