initial_infected_perc,initial_immune_perc,length,height,population_size,contagion_distance,critical_limit,amp_susc,amp_rec,amp_inf,response
0.08988791961694861,0.057352783845263905,100,100,118,5,0.05,4.482897536220937,0.47631425692186813,18.282411402578244,0.2784067017339422
