initial_infected_perc,initial_immune_perc,length,height,population_size,contagion_distance,critical_limit,amp_susc,amp_rec,amp_inf,response
0.05778425316054771,0.07801769935511096,100,100,118,5,0.05,2.3011348752775507,2.296268933792125,6.154867589460751,0.0005742000093332256
