initial_infected_perc,initial_immune_perc,length,height,population_size,contagion_distance,critical_limit,amp_susc,amp_rec,amp_inf,response
0.05173945189394046,0.006981488170276474,100,100,118,5,0.05,3.1462181011140355,16.451418980389324,5.897752799040241,0.26329026873830064
