initial_infected_perc,initial_immune_perc,length,height,population_size,contagion_distance,critical_limit,amp_susc,amp_rec,amp_inf,response
0.020223229112932863,0.06404972464128607,100,100,118,5,0.05,17.00852514864227,17.550166778661755,15.091646770550849,0.06312237155570029
