initial_infected_perc,initial_immune_perc,length,height,population_size,contagion_distance,critical_limit,amp_susc,amp_rec,amp_inf,response
0.03747780951401817,0.06718189691329954,100,100,118,5,0.05,0.06901025129832261,11.718144615872879,6.603317518525671,0.19453543453607058
