initial_infected_perc,initial_immune_perc,length,height,population_size,contagion_distance,critical_limit,amp_susc,amp_rec,amp_inf,response
0.05785182915970626,0.08844892728571549,100,100,118,5,0.05,0.5000862536430395,10.175201028151415,15.719608970914532,0.1360070049460213
