initial_infected_perc,initial_immune_perc,length,height,population_size,contagion_distance,critical_limit,amp_susc,amp_rec,amp_inf,response
0.05751297520707395,0.03859930708217192,100,100,118,5,0.05,12.899139084259367,12.534347527535575,6.1738680561118775,0.21045360356332393
