initial_infected_perc,initial_immune_perc,length,height,population_size,contagion_distance,critical_limit,amp_susc,amp_rec,amp_inf,response
0.08032046345810184,0.044356682212061266,100,100,118,5,0.05,18.59813875368472,18.53935187276504,17.136711180385454,0.2656870998196915
