initial_infected_perc,initial_immune_perc,length,height,population_size,contagion_distance,critical_limit,amp_susc,amp_rec,amp_inf,response
0.041165179102984256,0.03310266480488359,100,100,118,5,0.05,15.775092031244657,13.910721283399761,3.6456315124617333,0.10173319882470701
