initial_infected_perc,initial_immune_perc,length,height,population_size,contagion_distance,critical_limit,amp_susc,amp_rec,amp_inf,response
0.06136020617088788,0.017629506881033163,100,100,118,5,0.05,13.280054726426545,7.035882984892556,2.600337155641199,0.2714159848395859
