initial_infected_perc,initial_immune_perc,length,height,population_size,contagion_distance,critical_limit,amp_susc,amp_rec,amp_inf,response
0.007956501017313678,0.08724041357662872,100,100,118,5,0.05,12.329674841643353,5.73939356375192,10.84233338060483,0.007774004590340211
