initial_infected_perc,initial_immune_perc,length,height,population_size,contagion_distance,critical_limit,amp_susc,amp_rec,amp_inf,response
0.09196258805721919,0.05541840473361155,100,100,118,5,0.05,8.713149295287101,7.66655228827627,0.9759148057611289,0.040486866319335846
