initial_infected_perc,initial_immune_perc,length,height,population_size,contagion_distance,critical_limit,amp_susc,amp_rec,amp_inf,response
0.013134510225053166,0.056830457401782136,100,100,118,5,0.05,2.2942720613631895,0.22779004072149167,4.854087060059163,0.1670715116451885
