initial_infected_perc,initial_immune_perc,length,height,population_size,contagion_distance,critical_limit,amp_susc,amp_rec,amp_inf,response
0.07922676256717624,0.0670466546873565,100,100,118,5,0.05,7.327574278627322,10.903801636448339,14.807116442376913,0.09304955699009508
