initial_infected_perc,initial_immune_perc,length,height,population_size,contagion_distance,critical_limit,amp_susc,amp_rec,amp_inf,response
0.05944996933504866,0.03370397017920475,100,100,118,5,0.05,9.455487472228672,5.94423822085343,2.455840881901634,0.011170379852234735
