initial_infected_perc,initial_immune_perc,length,height,population_size,contagion_distance,critical_limit,amp_susc,amp_rec,amp_inf,response
0.09463901418274073,0.016246581268493456,100,100,118,5,0.05,10.014507342533154,14.360935497040046,12.385539370259531,0.09884173759914047
