initial_infected_perc,initial_immune_perc,length,height,population_size,contagion_distance,critical_limit,amp_susc,amp_rec,amp_inf,response
0.03158642751928973,0.06114337582623691,100,100,118,5,0.05,6.879417034399595,11.422035211579374,11.15920411139587,0.24034507289073337
