initial_infected_perc,initial_immune_perc,length,height,population_size,contagion_distance,critical_limit,amp_susc,amp_rec,amp_inf,response
0.020027860370481456,0.09018226027320246,100,100,118,5,0.05,19.98894202384319,7.141717178574051,13.904451758583374,0.044450944011891556
