initial_infected_perc,initial_immune_perc,length,height,population_size,contagion_distance,critical_limit,amp_susc,amp_rec,amp_inf,response
0.08766238405238348,0.020713815017154427,100,100,118,5,0.05,4.554684436804686,13.439798098625332,17.9884407887755,0.08773350929372904
