initial_infected_perc,initial_immune_perc,length,height,population_size,contagion_distance,critical_limit,amp_susc,amp_rec,amp_inf,response
0.08815260003654612,0.019149315300755365,100,100,118,5,0.05,4.487632639877361,17.904476365848293,13.471868991602182,0.23978246369327233
