initial_infected_perc,initial_immune_perc,length,height,population_size,contagion_distance,critical_limit,amp_susc,amp_rec,amp_inf,response
0.009443699739708135,0.02507154258075739,100,100,118,5,0.05,16.969627072010038,0.7905831087346904,9.569589381038188,0.001937157533152889
