initial_infected_perc,initial_immune_perc,length,height,population_size,contagion_distance,critical_limit,amp_susc,amp_rec,amp_inf,response
0.0290365931179998,0.08247242706082991,100,100,118,5,0.05,17.903606471415955,9.3077981804135,3.1786754149725205,0.0758584210106914
