initial_infected_perc,initial_immune_perc,length,height,population_size,contagion_distance,critical_limit,amp_susc,amp_rec,amp_inf,response
0.029654499422108627,0.07406047880418755,100,100,118,5,0.05,4.579483439645822,4.835607300408508,12.734957642128947,0.02265844758385477
