initial_infected_perc,initial_immune_perc,length,height,population_size,contagion_distance,critical_limit,amp_susc,amp_rec,amp_inf,response
0.09139952565766504,0.06633839504208854,100,100,118,5,0.05,5.599124655912878,7.987030589485123,2.366739120079231,0.27690186999651045
