initial_infected_perc,initial_immune_perc,length,height,population_size,contagion_distance,critical_limit,amp_susc,amp_rec,amp_inf,response
0.06701572544164623,0.04153420402044137,100,100,118,5,0.05,16.52103911860499,14.309178036481354,17.68358391022418,0.022690880637987996
