initial_infected_perc,initial_immune_perc,length,height,population_size,contagion_distance,critical_limit,amp_susc,amp_rec,amp_inf,response
0.09128155745028538,0.07537426262705244,100,100,118,5,0.05,9.191243337348865,9.510500859837638,5.040087564965394,0.1431736145862095
