initial_infected_perc,initial_immune_perc,length,height,population_size,contagion_distance,critical_limit,amp_susc,amp_rec,amp_inf,response
0.08437342400535526,0.08910609676251441,100,100,118,5,0.05,3.880326426255416,4.318430856917896,11.084127127915073,0.043503977053168226
