initial_infected_perc,initial_immune_perc,length,height,population_size,contagion_distance,critical_limit,amp_susc,amp_rec,amp_inf,response
0.09562080506751242,0.06860315400830454,100,100,118,5,0.05,3.153914304858998,2.0767444377082223,1.6703392881258305,0.0969700141295189
