initial_infected_perc,initial_immune_perc,length,height,population_size,contagion_distance,critical_limit,amp_susc,amp_rec,amp_inf,response
0.09013819568496116,0.002916690712757897,100,100,118,5,0.05,12.160813063412155,6.886526953787753,14.246626487503697,0.14099039029101243
