initial_infected_perc,initial_immune_perc,length,height,population_size,contagion_distance,critical_limit,amp_susc,amp_rec,amp_inf,response
0.04657243230178069,0.0958184902698227,100,100,118,5,0.05,4.349377415530573,5.207317919729196,11.196519161864183,0.10766062227344966
