initial_infected_perc,initial_immune_perc,length,height,population_size,contagion_distance,critical_limit,amp_susc,amp_rec,amp_inf,response
0.022389860991084587,0.06660845695030732,100,100,118,5,0.05,1.7107336356049596,14.175966146703987,3.024515769212963,0.2696809843897796
