initial_infected_perc,initial_immune_perc,length,height,population_size,contagion_distance,critical_limit,amp_susc,amp_rec,amp_inf,response
0.06479139233580263,0.07044681652763782,100,100,118,5,0.05,6.996599054256622,14.952935618884196,10.076714159004734,0.08428021876247804
