initial_infected_perc,initial_immune_perc,length,height,population_size,contagion_distance,critical_limit,amp_susc,amp_rec,amp_inf,response
0.08421256109664048,0.07571481837890956,100,100,118,5,0.05,19.20899195169429,7.959531345019155,1.2416996781493395,0.16672988611236647
