initial_infected_perc,initial_immune_perc,length,height,population_size,contagion_distance,critical_limit,amp_susc,amp_rec,amp_inf,response
0.019822861129912772,0.07121894942108277,100,100,118,5,0.05,9.717484244423254,1.6033656179067934,15.298086507001447,0.1216231238729957
