initial_infected_perc,initial_immune_perc,length,height,population_size,contagion_distance,critical_limit,amp_susc,amp_rec,amp_inf,response
0.04180123371373667,0.048255561829047534,100,100,118,5,0.05,15.71589331187904,1.3260014860625824,16.82725849180334,0.2364247750296103
