initial_infected_perc,initial_immune_perc,length,height,population_size,contagion_distance,critical_limit,amp_susc,amp_rec,amp_inf,response
0.013141770341952642,0.014164718070427008,100,100,118,5,0.05,12.90810955683115,2.649877207324458,6.380467627117536,0.16833142354866626
