initial_infected_perc,initial_immune_perc,length,height,population_size,contagion_distance,critical_limit,amp_susc,amp_rec,amp_inf,response
0.07923960437090677,0.0036748070558914273,100,100,118,5,0.05,7.1192278287896045,6.961682397062512,4.3071167727435515,0.211113711446716
