initial_infected_perc,initial_immune_perc,length,height,population_size,contagion_distance,critical_limit,amp_susc,amp_rec,amp_inf,response
0.0008137716962212439,0.08947309938895437,100,100,118,5,0.05,12.635884839163264,8.166431574754556,19.497425723308947,0.21169258833453614
