initial_infected_perc,initial_immune_perc,length,height,population_size,contagion_distance,critical_limit,amp_susc,amp_rec,amp_inf,response
0.053434547430528015,0.06173795132495477,100,100,118,5,0.05,8.58612801838966,15.775266436510421,16.38622896426012,0.007905266372521536
