initial_infected_perc,initial_immune_perc,length,height,population_size,contagion_distance,critical_limit,amp_susc,amp_rec,amp_inf,response
0.054496558711017044,0.08897720261972603,100,100,118,5,0.05,8.786904536470011,17.58876084450962,3.4372059153786383,0.2617543321141677
