initial_infected_perc,initial_immune_perc,length,height,population_size,contagion_distance,critical_limit,amp_susc,amp_rec,amp_inf,response
0.054093094748640984,0.05652582419955843,100,100,118,5,0.05,17.65754599282059,10.401803797298022,15.82639402345076,0.019605336651785255
