initial_infected_perc,initial_immune_perc,length,height,population_size,contagion_distance,critical_limit,amp_susc,amp_rec,amp_inf,response
0.03873023624389901,0.014673395913379206,100,100,118,5,0.05,4.662286082014722,19.85971374936443,6.2274566440720065,0.27441115606265976
