initial_infected_perc,initial_immune_perc,length,height,population_size,contagion_distance,critical_limit,amp_susc,amp_rec,amp_inf,response
0.05698726715848144,0.05618495000661359,100,100,118,5,0.05,3.790546513227484,16.152230653439005,6.728843495249062,0.03952458765021509
