initial_infected_perc,initial_immune_perc,length,height,population_size,contagion_distance,critical_limit,amp_susc,amp_rec,amp_inf,response
0.027064106508762065,0.061172016246382056,100,100,118,5,0.05,5.512623721933696,18.851786982401542,3.7607928068866747,0.1620530678052187
