initial_infected_perc,initial_immune_perc,length,height,population_size,contagion_distance,critical_limit,amp_susc,amp_rec,amp_inf,response
0.05937914694368682,0.09766403105796086,100,100,118,5,0.05,0.1406896835095739,3.8729890087976693,5.295871152471571,0.13833889319782236
