initial_infected_perc,initial_immune_perc,length,height,population_size,contagion_distance,critical_limit,amp_susc,amp_rec,amp_inf,response
0.04866745335685222,0.014791027462570362,100,100,118,5,0.05,3.41528786504794,19.892597729422224,16.3903989812274,0.2303899954657296
