initial_infected_perc,initial_immune_perc,length,height,population_size,contagion_distance,critical_limit,amp_susc,amp_rec,amp_inf,response
0.0939933518871236,0.08754433244962989,100,100,118,5,0.05,0.19822761533923705,4.973702445500625,9.463313766656707,0.1754805787296174
