initial_infected_perc,initial_immune_perc,length,height,population_size,contagion_distance,critical_limit,amp_susc,amp_rec,amp_inf,response
0.04716145272963046,0.04662140181457586,100,100,118,5,0.05,3.1594265427057477,10.404847316713797,6.928355872289298,0.1822482248374442
