initial_infected_perc,initial_immune_perc,length,height,population_size,contagion_distance,critical_limit,amp_susc,amp_rec,amp_inf,response
0.04060715096328801,0.07530246418837303,100,100,118,5,0.05,12.68394207552138,13.721249148524318,6.452337310846817,0.0380414112565816
