initial_infected_perc,initial_immune_perc,length,height,population_size,contagion_distance,critical_limit,amp_susc,amp_rec,amp_inf,response
0.055478097910146046,0.07278388583327604,100,100,118,5,0.05,16.886638136647946,4.183427597123421,0.5121378176811464,0.09394624663005749
