initial_infected_perc,initial_immune_perc,length,height,population_size,contagion_distance,critical_limit,amp_susc,amp_rec,amp_inf,response
0.08527688486062972,0.07064975799769002,100,100,118,5,0.05,12.707643240249773,13.558241741230802,2.174668667935784,0.29181020456771173
