initial_infected_perc,initial_immune_perc,length,height,population_size,contagion_distance,critical_limit,amp_susc,amp_rec,amp_inf,response
0.09152954090313292,0.08002926774477763,100,100,118,5,0.05,0.936332981559207,14.469392691593503,0.6429068533449267,0.23440444008664763
