initial_infected_perc,initial_immune_perc,length,height,population_size,contagion_distance,critical_limit,amp_susc,amp_rec,amp_inf,response
0.08840625978908775,0.07198123122610527,100,100,118,5,0.05,15.295364560388307,9.95912606221763,11.741876154826592,0.2709129708287519
