initial_infected_perc,initial_immune_perc,length,height,population_size,contagion_distance,critical_limit,amp_susc,amp_rec,amp_inf,response
0.07362398351311804,0.08679755390156234,100,100,118,5,0.05,6.055681450796739,4.0925311234512325,8.860277147913905,0.004491145857370427
