initial_infected_perc,initial_immune_perc,length,height,population_size,contagion_distance,critical_limit,amp_susc,amp_rec,amp_inf,response
0.03429680143437858,0.016110235735625512,100,100,118,5,0.05,19.360017933367597,5.2896150093011745,7.855275874455215,0.21030632945892996
