initial_infected_perc,initial_immune_perc,length,height,population_size,contagion_distance,critical_limit,amp_susc,amp_rec,amp_inf,response
0.05273902613597425,0.0025707187260619493,100,100,118,5,0.05,4.05988815573264,4.797108798399701,12.93712726641349,0.012292980004826282
