initial_infected_perc,initial_immune_perc,length,height,population_size,contagion_distance,critical_limit,amp_susc,amp_rec,amp_inf,response
0.04812155980751131,0.033870242034902666,100,100,118,5,0.05,19.24838485875778,13.368729477541077,0.6715695957026546,0.010104471192596753
