initial_infected_perc,initial_immune_perc,length,height,population_size,contagion_distance,critical_limit,amp_susc,amp_rec,amp_inf,response
0.06906967854658445,0.007814109174183848,100,100,118,5,0.05,11.402067942427534,2.2147501347913923,4.51238735303572,0.1765731882220147
