initial_infected_perc,initial_immune_perc,length,height,population_size,contagion_distance,critical_limit,amp_susc,amp_rec,amp_inf,response
0.07417906983003077,0.01621613954767831,100,100,118,5,0.05,2.82548491380586,5.223295634810103,2.654284183443425,0.08585766902339073
