initial_infected_perc,initial_immune_perc,length,height,population_size,contagion_distance,critical_limit,amp_susc,amp_rec,amp_inf,response
0.020981111509348428,0.08395696658720338,100,100,118,5,0.05,17.875739346698758,17.496441505626265,12.122224698917595,0.08374275499517486
