initial_infected_perc,initial_immune_perc,length,height,population_size,contagion_distance,critical_limit,amp_susc,amp_rec,amp_inf,response
0.02942656637155604,0.03725748689931398,100,100,118,5,0.05,0.197068174697963,12.553358867675444,4.645042188392123,0.20085289939895784
