initial_infected_perc,initial_immune_perc,length,height,population_size,contagion_distance,critical_limit,amp_susc,amp_rec,amp_inf,response
0.03019676617087255,0.08910035431088055,100,100,118,5,0.05,11.433141576789275,2.877866666755504,18.831744928035697,0.15087480625666838
