initial_infected_perc,initial_immune_perc,length,height,population_size,contagion_distance,critical_limit,amp_susc,amp_rec,amp_inf,response
0.0710263193933743,0.08748721996570412,100,100,118,5,0.05,4.824342720305193,4.56257224876254,5.335372188676944,0.045170508737554606
