initial_infected_perc,initial_immune_perc,length,height,population_size,contagion_distance,critical_limit,amp_susc,amp_rec,amp_inf,response
0.09054161627657442,0.040214414703510774,100,100,118,5,0.05,18.371980831833817,19.621241052741276,10.959989688401226,0.07959378019093943
