initial_infected_perc,initial_immune_perc,length,height,population_size,contagion_distance,critical_limit,amp_susc,amp_rec,amp_inf,response
0.09022688449169708,0.02221994652122148,100,100,118,5,0.05,13.041852787059804,13.358942901872009,3.8479791993874413,0.2920187406536292
