initial_infected_perc,initial_immune_perc,length,height,population_size,contagion_distance,critical_limit,amp_susc,amp_rec,amp_inf,response
0.06403573514475906,0.08182726271653429,100,100,118,5,0.05,14.054928213645262,4.4854499508186425,2.1343133012751214,0.08370304677647972
