initial_infected_perc,initial_immune_perc,length,height,population_size,contagion_distance,critical_limit,amp_susc,amp_rec,amp_inf,response
0.012664357411161554,0.09743050137883981,100,100,118,5,0.05,5.820056664834221,10.838408612268829,5.116508040977418,0.19674390477404444
