initial_infected_perc,initial_immune_perc,length,height,population_size,contagion_distance,critical_limit,amp_susc,amp_rec,amp_inf,response
0.08503642402796469,0.05873120695316395,100,100,118,5,0.05,16.113160619717036,8.621711653908577,5.1642620648046105,0.1979062992298383
