initial_infected_perc,initial_immune_perc,length,height,population_size,contagion_distance,critical_limit,amp_susc,amp_rec,amp_inf,response
0.011804507022191657,0.022476802240501238,100,100,118,5,0.05,17.520114151961764,19.865775029827915,9.131962086936865,0.2597417817253559
