initial_infected_perc,initial_immune_perc,length,height,population_size,contagion_distance,critical_limit,amp_susc,amp_rec,amp_inf,response
0.004845328248920567,0.06381443716971438,100,100,118,5,0.05,14.204716327476373,8.562056148695874,16.005204371987897,0.2932353237611391
