initial_infected_perc,initial_immune_perc,length,height,population_size,contagion_distance,critical_limit,amp_susc,amp_rec,amp_inf,response
0.00024081744938837525,0.022013503653059,100,100,118,5,0.05,3.809600454924269,2.103758744702009,19.892713591514838,0.13392585695566098
