initial_infected_perc,initial_immune_perc,length,height,population_size,contagion_distance,critical_limit,amp_susc,amp_rec,amp_inf,response
0.06297409406678489,0.015631435408838514,100,100,118,5,0.05,15.398706187748381,1.4565135628899029,6.014585995247526,0.17483743169749325
