initial_infected_perc,initial_immune_perc,length,height,population_size,contagion_distance,critical_limit,amp_susc,amp_rec,amp_inf,response
0.07928691701347679,0.06726579790174085,100,100,118,5,0.05,12.786561610761582,2.3311532935426404,13.959933136126336,0.2981574446601637
