initial_infected_perc,initial_immune_perc,length,height,population_size,contagion_distance,critical_limit,amp_susc,amp_rec,amp_inf,response
0.06731826176081675,0.08500814024300316,100,100,118,5,0.05,7.8225503076950815,8.882783908051415,12.953190819466451,0.249360243867227
