initial_infected_perc,initial_immune_perc,length,height,population_size,contagion_distance,critical_limit,amp_susc,amp_rec,amp_inf,response
0.09806382362769227,0.08069605130782283,100,100,118,5,0.05,8.638666724192552,5.175411055820338,9.191788251700377,0.24196232673757223
