initial_infected_perc,initial_immune_perc,length,height,population_size,contagion_distance,critical_limit,amp_susc,amp_rec,amp_inf,response
0.05481059835343806,0.03764650811274054,100,100,118,5,0.05,17.48926822830823,9.717329490719058,13.8574935644818,0.05182197902467562
