initial_infected_perc,initial_immune_perc,length,height,population_size,contagion_distance,critical_limit,amp_susc,amp_rec,amp_inf,response
0.08534608710554703,0.0773143343268741,100,100,118,5,0.05,18.64439046034678,7.3909661678604515,17.746744972455353,0.17609767715497357
