initial_infected_perc,initial_immune_perc,length,height,population_size,contagion_distance,critical_limit,amp_susc,amp_rec,amp_inf,response
0.07887585787231403,0.09572667799457658,100,100,118,5,0.05,12.652913745254072,4.519951433642062,10.92343355137084,0.270139202432997
