initial_infected_perc,initial_immune_perc,length,height,population_size,contagion_distance,critical_limit,amp_susc,amp_rec,amp_inf,response
0.056507241643125455,0.08228698994129041,100,100,118,5,0.05,16.27505885024993,0.13449777156465892,3.982358578220979,0.11404482507873072
