initial_infected_perc,initial_immune_perc,length,height,population_size,contagion_distance,critical_limit,amp_susc,amp_rec,amp_inf,response
0.053377695202625246,0.014391598905729587,100,100,118,5,0.05,0.15251250830376595,18.879584158441038,5.607127962160128,0.23970617452619983
