initial_infected_perc,initial_immune_perc,length,height,population_size,contagion_distance,critical_limit,amp_susc,amp_rec,amp_inf,response
0.028028899779318453,0.06954597720034635,100,100,118,5,0.05,6.646434018913617,4.269804770819039,8.563854627601721,0.08379235014470438
