initial_infected_perc,initial_immune_perc,length,height,population_size,contagion_distance,critical_limit,amp_susc,amp_rec,amp_inf,response
0.09678715118115348,0.08130055957254592,100,100,118,5,0.05,6.90057480885661,9.891913470327902,4.948955017269936,0.11990774168461438
