initial_infected_perc,initial_immune_perc,length,height,population_size,contagion_distance,critical_limit,amp_susc,amp_rec,amp_inf,response
0.07419836133522273,0.08327417726845376,100,100,118,5,0.05,19.21998660550116,5.881617007271487,19.179962781108674,0.2514291915736655
