initial_infected_perc,initial_immune_perc,length,height,population_size,contagion_distance,critical_limit,amp_susc,amp_rec,amp_inf,response
0.09832573207212031,0.05257246087639535,100,100,118,5,0.05,17.472119315394444,15.221507399760537,1.7137397213282801,0.2974644162685505
