initial_infected_perc,initial_immune_perc,length,height,population_size,contagion_distance,critical_limit,amp_susc,amp_rec,amp_inf,response
0.07736610221013751,0.041963575153238036,100,100,118,5,0.05,16.196826268798105,11.99659602639477,11.790453062807886,0.03796993502466297
