initial_infected_perc,initial_immune_perc,length,height,population_size,contagion_distance,critical_limit,amp_susc,amp_rec,amp_inf,response
0.015683404926206335,0.09522605406398887,100,100,118,5,0.05,17.476498225261327,4.565289659458642,5.283676736902856,0.22168852696576613
