initial_infected_perc,initial_immune_perc,length,height,population_size,contagion_distance,critical_limit,amp_susc,amp_rec,amp_inf,response
0.0488564196710415,0.04048467531209485,100,100,118,5,0.05,9.301182790921885,13.575617970016548,7.78495541602269,0.18912923108459706
