initial_infected_perc,initial_immune_perc,length,height,population_size,contagion_distance,critical_limit,amp_susc,amp_rec,amp_inf,response
0.06629742622992076,0.06211889995417626,100,100,118,5,0.05,11.674973408531564,17.18869878719561,19.440259211131345,0.05997549616009899
