initial_infected_perc,initial_immune_perc,length,height,population_size,contagion_distance,critical_limit,amp_susc,amp_rec,amp_inf,response
0.06304811028484904,0.08962381888893081,100,100,118,5,0.05,9.36166908285465,13.889104938081868,8.147200073788882,0.037409626505491456
