initial_infected_perc,initial_immune_perc,length,height,population_size,contagion_distance,critical_limit,amp_susc,amp_rec,amp_inf,response
0.04117474191023144,0.09238705481196573,100,100,118,5,0.05,12.726800272104503,1.6706752991401208,9.006560645768726,0.2899773221402731
