initial_infected_perc,initial_immune_perc,length,height,population_size,contagion_distance,critical_limit,amp_susc,amp_rec,amp_inf,response
0.06955700691628758,0.08930848019169278,100,100,118,5,0.05,19.208922722381136,6.280899194947764,14.039349912385555,0.16284905445724854
