initial_infected_perc,initial_immune_perc,length,height,population_size,contagion_distance,critical_limit,amp_susc,amp_rec,amp_inf,response
0.08824407545997948,0.08348142574142436,100,100,118,5,0.05,6.574096605733106,5.890742309942509,0.8643459762881989,0.23149158204521345
