initial_infected_perc,initial_immune_perc,length,height,population_size,contagion_distance,critical_limit,amp_susc,amp_rec,amp_inf,response
0.061789297057014615,0.04025262816942143,100,100,118,5,0.05,5.352902864288184,11.989436961274844,1.2764253248985136,0.21019282317884097
