initial_infected_perc,initial_immune_perc,length,height,population_size,contagion_distance,critical_limit,amp_susc,amp_rec,amp_inf,response
0.08965051027407801,0.0007810722508948099,100,100,118,5,0.05,16.150314999610057,17.33308390617617,16.3098964293413,0.25476918010093913
