initial_infected_perc,initial_immune_perc,length,height,population_size,contagion_distance,critical_limit,amp_susc,amp_rec,amp_inf,response
0.06694538326776746,0.03195631354166858,100,100,118,5,0.05,7.629065032109763,3.8685390362028027,13.366319733637317,0.0007889767608097676
