initial_infected_perc,initial_immune_perc,length,height,population_size,contagion_distance,critical_limit,amp_susc,amp_rec,amp_inf,response
0.09881701184733771,0.010425066004949158,100,100,118,5,0.05,3.34070696780169,16.805456513038347,17.185544930034165,0.11668912135639416
