initial_infected_perc,initial_immune_perc,length,height,population_size,contagion_distance,critical_limit,amp_susc,amp_rec,amp_inf,response
0.04802575048460966,0.01242104012470573,100,100,118,5,0.05,5.549505216656954,5.9566717399190345,8.00341656934547,0.05755814609164239
