initial_infected_perc,initial_immune_perc,length,height,population_size,contagion_distance,critical_limit,amp_susc,amp_rec,amp_inf,response
0.06936213906486956,0.051948067151159606,100,100,118,5,0.05,17.218822697156668,18.4546912692592,6.710566774009365,0.06463077277044181
