initial_infected_perc,initial_immune_perc,length,height,population_size,contagion_distance,critical_limit,amp_susc,amp_rec,amp_inf,response
0.054495193844239356,0.08277966543232138,100,100,118,5,0.05,8.602936174411449,15.914001776197754,13.033258204478404,0.185782708847239
