initial_infected_perc,initial_immune_perc,length,height,population_size,contagion_distance,critical_limit,amp_susc,amp_rec,amp_inf,response
0.030261968209496504,0.012054896250732484,100,100,118,5,0.05,18.866575626615557,12.79655806091732,0.3113310849773243,0.2969981861919273
