initial_infected_perc,initial_immune_perc,length,height,population_size,contagion_distance,critical_limit,amp_susc,amp_rec,amp_inf,response
0.07032622269341333,0.019768561331618386,100,100,118,5,0.05,11.683034487123738,13.63238002747375,14.330177911923734,0.2561156887639812
