initial_infected_perc,initial_immune_perc,length,height,population_size,contagion_distance,critical_limit,amp_susc,amp_rec,amp_inf,response
0.06935080622072862,0.05226234315975873,100,100,118,5,0.05,9.275966935990557,19.594972422780625,7.494888886896563,0.08933109526548219
