initial_infected_perc,initial_immune_perc,length,height,population_size,contagion_distance,critical_limit,amp_susc,amp_rec,amp_inf,response
0.06001177829866464,0.03394370245178354,100,100,118,5,0.05,15.269026282732854,1.4236750985450342,3.053776182182295,0.19755417360279345
