initial_infected_perc,initial_immune_perc,length,height,population_size,contagion_distance,critical_limit,amp_susc,amp_rec,amp_inf,response
0.05786414417009844,0.09345738381827573,100,100,118,5,0.05,6.128419615660221,16.650433264541338,2.517485661414416,0.18421448490629852
