initial_infected_perc,initial_immune_perc,length,height,population_size,contagion_distance,critical_limit,amp_susc,amp_rec,amp_inf,response
0.07375181106172869,0.026730405830568474,100,100,118,5,0.05,11.583293919690366,14.807503356945526,1.292830100435849,0.06005310226584049
