initial_infected_perc,initial_immune_perc,length,height,population_size,contagion_distance,critical_limit,amp_susc,amp_rec,amp_inf,response
0.04556052877389344,0.01987311684579514,100,100,118,5,0.05,14.385601684136446,12.37738731137042,4.652498497803402,0.13454601995474938
