initial_infected_perc,initial_immune_perc,length,height,population_size,contagion_distance,critical_limit,amp_susc,amp_rec,amp_inf,response
0.030157026367702344,0.033110677353984146,100,100,118,5,0.05,14.534981481206197,12.39795315363371,3.746812633096881,0.2508581027492899
