initial_infected_perc,initial_immune_perc,length,height,population_size,contagion_distance,critical_limit,amp_susc,amp_rec,amp_inf,response
0.07462489334120002,0.08850488889000838,100,100,118,5,0.05,10.113774886403167,13.969058344341867,2.9987750751105424,0.1615815469690619
