initial_infected_perc,initial_immune_perc,length,height,population_size,contagion_distance,critical_limit,amp_susc,amp_rec,amp_inf,response
0.07794732609575289,0.04239537905534688,100,100,118,5,0.05,0.1064586328920547,13.409029998956614,13.354016980768861,0.1792417258773655
