initial_infected_perc,initial_immune_perc,length,height,population_size,contagion_distance,critical_limit,amp_susc,amp_rec,amp_inf,response
0.012470171469134496,0.046410083047916495,100,100,118,5,0.05,13.6188483383572,9.669395270157484,10.317957822813122,0.19535266903799975
