initial_infected_perc,initial_immune_perc,length,height,population_size,contagion_distance,critical_limit,amp_susc,amp_rec,amp_inf,response
0.0654595316622562,0.04437428945873169,100,100,118,5,0.05,10.433289529188416,0.017253206661218545,6.86703486524737,0.20673628399178332
