initial_infected_perc,initial_immune_perc,length,height,population_size,contagion_distance,critical_limit,amp_susc,amp_rec,amp_inf,response
0.003299702082863043,0.048293174006017174,100,100,118,5,0.05,6.078566228201967,8.192530795614834,7.7923020564919,0.09299975238837155
