initial_infected_perc,initial_immune_perc,length,height,population_size,contagion_distance,critical_limit,amp_susc,amp_rec,amp_inf,response
0.09996946203284313,0.007161063331817541,100,100,118,5,0.05,3.7793678833619992,18.3494970378704,1.4305358043666172,0.022660631303339472
