initial_infected_perc,initial_immune_perc,length,height,population_size,contagion_distance,critical_limit,amp_susc,amp_rec,amp_inf,response
0.008732302542172488,0.09849869510569045,100,100,118,5,0.05,7.4059078932435725,6.853376691380824,3.2828276538299783,0.2578172295506607
