initial_infected_perc,initial_immune_perc,length,height,population_size,contagion_distance,critical_limit,amp_susc,amp_rec,amp_inf,response
0.07762694316486958,0.06662067920897984,100,100,118,5,0.05,7.682021903846148,14.325949814391699,17.52999438608598,0.25273232436831533
