initial_infected_perc,initial_immune_perc,length,height,population_size,contagion_distance,critical_limit,amp_susc,amp_rec,amp_inf,response
0.017720852193012317,0.046022044740773205,100,100,118,5,0.05,7.782495322364477,13.561679009234602,1.5114563196635267,0.042266416553653985
