initial_infected_perc,initial_immune_perc,length,height,population_size,contagion_distance,critical_limit,amp_susc,amp_rec,amp_inf,response
0.07016597713807142,0.04912267022575641,100,100,118,5,0.05,7.957680629933495,11.020184762030079,6.382891439419152,0.20405897384684346
