initial_infected_perc,initial_immune_perc,length,height,population_size,contagion_distance,critical_limit,amp_susc,amp_rec,amp_inf,response
0.08164873700634201,0.0034676310338367824,100,100,118,5,0.05,10.102361001858306,5.517147014041881,10.062919699944626,0.056818585741686974
