initial_infected_perc,initial_immune_perc,length,height,population_size,contagion_distance,critical_limit,amp_susc,amp_rec,amp_inf,response
0.007117297746612916,0.03388747959438676,100,100,118,5,0.05,19.422066424525003,7.991919216938115,2.518454855123171,0.14465823143228043
