initial_infected_perc,initial_immune_perc,length,height,population_size,contagion_distance,critical_limit,amp_susc,amp_rec,amp_inf,response
0.09156814566772659,0.03122059716424358,100,100,118,5,0.05,18.77539753807701,16.847216282122176,7.1556117832792605,0.031918898372995295
