initial_infected_perc,initial_immune_perc,length,height,population_size,contagion_distance,critical_limit,amp_susc,amp_rec,amp_inf,response
0.030177118548533357,0.08863217143354984,100,100,118,5,0.05,18.08257916754402,15.697446674236591,4.788984168870394,0.1362086024334955
