initial_infected_perc,initial_immune_perc,length,height,population_size,contagion_distance,critical_limit,amp_susc,amp_rec,amp_inf,response
0.0006854730407919174,0.07627257432400544,100,100,118,5,0.05,14.420797687942802,11.512371344098542,3.469346720180637,0.10217577064983578
