initial_infected_perc,initial_immune_perc,length,height,population_size,contagion_distance,critical_limit,amp_susc,amp_rec,amp_inf,response
0.0733314348067916,0.05532737775285654,100,100,118,5,0.05,16.495402525903785,13.005013189065942,13.874704537352349,0.23187220663265734
