initial_infected_perc,initial_immune_perc,length,height,population_size,contagion_distance,critical_limit,amp_susc,amp_rec,amp_inf,response
0.048528299358445916,0.04420662224720007,100,100,118,5,0.05,10.101786371080992,4.060832694201966,7.187696877800467,0.13582720214257232
