initial_infected_perc,initial_immune_perc,length,height,population_size,contagion_distance,critical_limit,amp_susc,amp_rec,amp_inf,response
0.06562028987335787,0.0780332295912999,100,100,118,5,0.05,10.516704875802358,11.41028219021061,7.573943214932315,0.03099237610107388
