initial_infected_perc,initial_immune_perc,length,height,population_size,contagion_distance,critical_limit,amp_susc,amp_rec,amp_inf,response
0.09315125258730518,0.06911971538379379,100,100,118,5,0.05,6.830316976136239,0.528781356319441,11.31971701778889,0.049571896335527506
