initial_infected_perc,initial_immune_perc,length,height,population_size,contagion_distance,critical_limit,amp_susc,amp_rec,amp_inf,response
0.03294292219146821,0.07537648020255433,100,100,118,5,0.05,3.674076808481126,2.6185738515131574,11.492736298348646,0.1720525606272475
