initial_infected_perc,initial_immune_perc,length,height,population_size,contagion_distance,critical_limit,amp_susc,amp_rec,amp_inf,response
0.06689094283038233,0.019874874515195984,100,100,118,5,0.05,17.016992073084868,19.434478007327773,18.432488052215167,0.1031509897041852
