initial_infected_perc,initial_immune_perc,length,height,population_size,contagion_distance,critical_limit,amp_susc,amp_rec,amp_inf,response
0.006584580954065689,0.09842800670443946,100,100,118,5,0.05,12.11394908674162,6.4007290726539185,2.7651573339285207,0.25621403034843865
