initial_infected_perc,initial_immune_perc,length,height,population_size,contagion_distance,critical_limit,amp_susc,amp_rec,amp_inf,response
0.042760463406061155,0.060528493178762015,100,100,118,5,0.05,1.2323041860295714,13.052300161437609,8.331348313391967,0.045158776429994274
