initial_infected_perc,initial_immune_perc,length,height,population_size,contagion_distance,critical_limit,amp_susc,amp_rec,amp_inf,response
0.026332580912186723,0.04635251994518465,100,100,118,5,0.05,11.554372844924535,15.691931655861765,10.059088866931125,0.16206401180660537
