initial_infected_perc,initial_immune_perc,length,height,population_size,contagion_distance,critical_limit,amp_susc,amp_rec,amp_inf,response
0.07596161955228525,0.06047252958459545,100,100,118,5,0.05,16.06277012112803,13.342967545558027,3.8324958232845185,0.22069912009646103
