initial_infected_perc,initial_immune_perc,length,height,population_size,contagion_distance,critical_limit,amp_susc,amp_rec,amp_inf,response
0.044434658786437924,0.09649133728555132,100,100,118,5,0.05,9.45305196730585,5.982364024097153,17.96048794721362,0.2086676182267426
