initial_infected_perc,initial_immune_perc,length,height,population_size,contagion_distance,critical_limit,amp_susc,amp_rec,amp_inf,response
0.010349138452830798,0.014989043610602704,100,100,118,5,0.05,3.1728394797004977,12.054928408505805,7.963459363747161,0.020454156340390238
