initial_infected_perc,initial_immune_perc,length,height,population_size,contagion_distance,critical_limit,amp_susc,amp_rec,amp_inf,response
0.09420610785120581,0.006436961328695823,100,100,118,5,0.05,8.970590332524694,10.054561080684524,16.40339867802527,0.185958256892676
