initial_infected_perc,initial_immune_perc,length,height,population_size,contagion_distance,critical_limit,amp_susc,amp_rec,amp_inf,response
0.054165587624701465,0.05103529177374926,100,100,118,5,0.05,2.71830505719596,8.151737007075287,1.6953706129680501,0.18704396556864425
