initial_infected_perc,initial_immune_perc,length,height,population_size,contagion_distance,critical_limit,amp_susc,amp_rec,amp_inf,response
0.08229942105438252,0.025824996974802717,100,100,118,5,0.05,11.595234041943115,2.5715481306988353,6.817970497296473,0.1133118074901331
