initial_infected_perc,initial_immune_perc,length,height,population_size,contagion_distance,critical_limit,amp_susc,amp_rec,amp_inf,response
0.019508301552223186,0.039100702087267875,100,100,118,5,0.05,3.76453981120773,18.731888090665926,11.423089147609463,0.02303710866148435
