initial_infected_perc,initial_immune_perc,length,height,population_size,contagion_distance,critical_limit,amp_susc,amp_rec,amp_inf,response
0.07541787725488355,0.09907504480517099,100,100,118,5,0.05,11.46525661201855,14.760608705657951,5.5354840156488265,0.07545808890556467
