initial_infected_perc,initial_immune_perc,length,height,population_size,contagion_distance,critical_limit,amp_susc,amp_rec,amp_inf,response
0.03849617333249429,0.07373608595247418,100,100,118,5,0.05,4.511535631859392,15.244223499542453,18.65707427964833,0.0656776560207073
