initial_infected_perc,initial_immune_perc,length,height,population_size,contagion_distance,critical_limit,amp_susc,amp_rec,amp_inf,response
0.03979321877329443,0.08097309181947265,100,100,118,5,0.05,3.8920406893101966,3.418818651058513,17.66935300855077,0.27339024488922353
