initial_infected_perc,initial_immune_perc,length,height,population_size,contagion_distance,critical_limit,amp_susc,amp_rec,amp_inf,response
0.029760170705425172,0.01350276090738576,100,100,118,5,0.05,15.191310863669969,13.500682615914544,9.018084720103035,0.123686110906315
