initial_infected_perc,initial_immune_perc,length,height,population_size,contagion_distance,critical_limit,amp_susc,amp_rec,amp_inf,response
0.09575753415098114,0.06571259122482569,100,100,118,5,0.05,17.576061420450987,3.3417620827897987,0.4244174833171388,0.011047732017571288
