initial_infected_perc,initial_immune_perc,length,height,population_size,contagion_distance,critical_limit,amp_susc,amp_rec,amp_inf,response
0.06998382362106975,0.09526852202308364,100,100,118,5,0.05,9.72450941799001,7.715471015755737,15.80404603483154,0.182071630560272
