initial_infected_perc,initial_immune_perc,length,height,population_size,contagion_distance,critical_limit,amp_susc,amp_rec,amp_inf,response
0.03974670224011199,0.09218668746182869,100,100,118,5,0.05,2.1265815260280108,12.31351468198293,0.28311089751483554,0.10765300748983017
