initial_infected_perc,initial_immune_perc,length,height,population_size,contagion_distance,critical_limit,amp_susc,amp_rec,amp_inf,response
0.030546423107321963,0.0627999043472175,100,100,118,5,0.05,7.49307239931438,6.087364123440024,18.54490741570986,0.2423837897369874
