initial_infected_perc,initial_immune_perc,length,height,population_size,contagion_distance,critical_limit,amp_susc,amp_rec,amp_inf,response
0.09534646663807075,0.021464845299699442,100,100,118,5,0.05,3.3119639385952104,0.5943563918909844,9.203599968589302,0.0020741407374312735
