initial_infected_perc,initial_immune_perc,length,height,population_size,contagion_distance,critical_limit,amp_susc,amp_rec,amp_inf,response
0.07430335312175376,0.020924515901636378,100,100,118,5,0.05,5.234495669233059,2.4171563449241407,2.7204309635524915,0.2747110617186026
