initial_infected_perc,initial_immune_perc,length,height,population_size,contagion_distance,critical_limit,amp_susc,amp_rec,amp_inf,response
0.07482127813232535,0.03150316608891234,100,100,118,5,0.05,10.022085724481894,7.109289886588785,3.2187978949841267,0.05234248677045492
