initial_infected_perc,initial_immune_perc,length,height,population_size,contagion_distance,critical_limit,amp_susc,amp_rec,amp_inf,response
0.04216545908689112,0.09950619091461066,100,100,118,5,0.05,19.809987750841078,15.109474198274393,3.3203530111308766,0.1953805192934274
