initial_infected_perc,initial_immune_perc,length,height,population_size,contagion_distance,critical_limit,amp_susc,amp_rec,amp_inf,response
0.09821598873773675,0.007798417809289049,100,100,118,5,0.05,6.2203957199770965,3.83409072116512,16.835222458534258,0.09183673818518552
