initial_infected_perc,initial_immune_perc,length,height,population_size,contagion_distance,critical_limit,amp_susc,amp_rec,amp_inf,response
0.032331384414964186,0.0005468836678756417,100,100,118,5,0.05,11.428392328686485,3.792127237680798,15.72008752143706,0.2928659146602045
