initial_infected_perc,initial_immune_perc,length,height,population_size,contagion_distance,critical_limit,amp_susc,amp_rec,amp_inf,response
0.06523376857389103,0.012433000766661451,100,100,118,5,0.05,9.012485439165081,5.315019394680762,4.468713218187781,0.1483112053988507
