initial_infected_perc,initial_immune_perc,length,height,population_size,contagion_distance,critical_limit,amp_susc,amp_rec,amp_inf,response
0.09517798510924705,0.08654635869619408,100,100,118,5,0.05,12.251209469648842,10.700367257240387,10.174814817812916,0.08890828183740423
