initial_infected_perc,initial_immune_perc,length,height,population_size,contagion_distance,critical_limit,amp_susc,amp_rec,amp_inf,response
0.06541298356285737,0.09042936709248998,100,100,118,5,0.05,9.990970921245392,5.360592812067672,1.4073618397455756,0.2168440611359904
