initial_infected_perc,initial_immune_perc,length,height,population_size,contagion_distance,critical_limit,amp_susc,amp_rec,amp_inf,response
0.0685813443937465,0.029585180639946584,100,100,118,5,0.05,0.627557843260973,16.458954897310036,16.691033430784668,0.27030103258201593
