initial_infected_perc,initial_immune_perc,length,height,population_size,contagion_distance,critical_limit,amp_susc,amp_rec,amp_inf,response
0.05793455282447735,0.07470018579813537,100,100,118,5,0.05,18.571774346722584,14.54552338698564,7.154919292851208,0.18860030627076188
