initial_infected_perc,initial_immune_perc,length,height,population_size,contagion_distance,critical_limit,amp_susc,amp_rec,amp_inf,response
0.03422866282214374,0.09284167210709315,100,100,118,5,0.05,8.560046364541405,17.013166162842175,4.744044262766664,0.2741406396543324
