initial_infected_perc,initial_immune_perc,length,height,population_size,contagion_distance,critical_limit,amp_susc,amp_rec,amp_inf,response
0.057679649182932315,0.09709750147167628,100,100,118,5,0.05,8.664340746955473,0.8086464955626682,12.866340044441685,0.1332944349781951
