initial_infected_perc,initial_immune_perc,length,height,population_size,contagion_distance,critical_limit,amp_susc,amp_rec,amp_inf,response
0.09202937815359741,0.07944763615334952,100,100,118,5,0.05,12.797621610733021,8.212737526896465,8.688998790219669,0.24722425109240018
