initial_infected_perc,initial_immune_perc,length,height,population_size,contagion_distance,critical_limit,amp_susc,amp_rec,amp_inf,response
0.02231520787770668,0.005458333967195583,100,100,118,5,0.05,12.928124148104077,1.1696471848101941,5.926994811566613,0.270034841662406
