initial_infected_perc,initial_immune_perc,length,height,population_size,contagion_distance,critical_limit,amp_susc,amp_rec,amp_inf,response
0.010439749469849081,0.09906824628976263,100,100,118,5,0.05,8.37770132383495,1.7005287322378138,14.78570590274304,0.20007306081538662
