initial_infected_perc,initial_immune_perc,length,height,population_size,contagion_distance,critical_limit,amp_susc,amp_rec,amp_inf,response
0.08967840512032213,0.05590079235666687,100,100,118,5,0.05,3.6196123176666206,15.678941831924742,1.8609698926198126,0.0036481750944036273
