initial_infected_perc,initial_immune_perc,length,height,population_size,contagion_distance,critical_limit,amp_susc,amp_rec,amp_inf,response
0.06645958701194514,0.04464447540031809,100,100,118,5,0.05,5.681707856285849,9.7499495871471,17.729602633317224,0.2355404398845839
