initial_infected_perc,initial_immune_perc,length,height,population_size,contagion_distance,critical_limit,amp_susc,amp_rec,amp_inf,response
0.08781999401379437,0.05123990753547625,100,100,118,5,0.05,8.447975604022066,19.636395007848957,11.653753403313353,0.045872008311701115
