initial_infected_perc,initial_immune_perc,length,height,population_size,contagion_distance,critical_limit,amp_susc,amp_rec,amp_inf,response
0.08533785757280998,0.08114298197022748,100,100,118,5,0.05,7.023874887798214,5.432565820012951,16.351454828477333,0.14845311305531034
