initial_infected_perc,initial_immune_perc,length,height,population_size,contagion_distance,critical_limit,amp_susc,amp_rec,amp_inf,response
0.05572393259676076,0.08798033012636212,100,100,118,5,0.05,13.735994508203843,15.386341354203717,17.495113578167324,0.13015970422725875
