initial_infected_perc,initial_immune_perc,length,height,population_size,contagion_distance,critical_limit,amp_susc,amp_rec,amp_inf,response
0.05940391252118175,0.0232755878085691,100,100,118,5,0.05,3.518450481724049,9.664464566420419,6.444609510873467,0.03743620837699744
