initial_infected_perc,initial_immune_perc,length,height,population_size,contagion_distance,critical_limit,amp_susc,amp_rec,amp_inf,response
0.09407023299029588,0.07068648601567416,100,100,118,5,0.05,3.3510173664789478,17.822973683453366,17.896748470753753,0.29985230287807046
