initial_infected_perc,initial_immune_perc,length,height,population_size,contagion_distance,critical_limit,amp_susc,amp_rec,amp_inf,response
0.009620775224713175,0.026610930091039778,100,100,118,5,0.05,12.06293680135108,18.48256625395942,9.151176627969056,0.002966242325959545
