initial_infected_perc,initial_immune_perc,length,height,population_size,contagion_distance,critical_limit,amp_susc,amp_rec,amp_inf,response
0.0006849094058815176,0.08093918464288338,100,100,118,5,0.05,16.533461994441314,9.929609874800411,7.309184771803023,0.12184753492150444
