initial_infected_perc,initial_immune_perc,length,height,population_size,contagion_distance,critical_limit,amp_susc,amp_rec,amp_inf,response
0.06097006406082664,0.04398519704123114,100,100,118,5,0.05,0.6776994927096935,18.02476810197629,18.094264516637782,0.29677150876210695
