initial_infected_perc,initial_immune_perc,length,height,population_size,contagion_distance,critical_limit,amp_susc,amp_rec,amp_inf,response
0.07218160234271451,0.06222530432142908,100,100,118,5,0.05,13.72253445589835,12.89594577154649,16.066974601821563,0.10411532747050803
