initial_infected_perc,initial_immune_perc,length,height,population_size,contagion_distance,critical_limit,amp_susc,amp_rec,amp_inf,response
0.03839648883467142,0.06092777429775314,100,100,118,5,0.05,18.691972687517517,4.411458481859459,9.918289651194211,0.05608751749630927
