initial_infected_perc,initial_immune_perc,length,height,population_size,contagion_distance,critical_limit,amp_susc,amp_rec,amp_inf,response
0.013246393186645812,0.021588011616198746,100,100,118,5,0.05,1.2840302514782476,12.56575243736863,1.806354027609951,0.1572674152308998
