initial_infected_perc,initial_immune_perc,length,height,population_size,contagion_distance,critical_limit,amp_susc,amp_rec,amp_inf,response
0.037084093633618434,0.03492045525175215,100,100,118,5,0.05,18.283682238065545,13.895995972255415,19.164003694764897,0.0019174926900574207
