initial_infected_perc,initial_immune_perc,length,height,population_size,contagion_distance,critical_limit,amp_susc,amp_rec,amp_inf,response
0.02477130947375559,0.09598033773999184,100,100,118,5,0.05,3.2948232979346415,3.383195973243187,7.3446420966153525,0.24121178862699286
