initial_infected_perc,initial_immune_perc,length,height,population_size,contagion_distance,critical_limit,amp_susc,amp_rec,amp_inf,response
0.0982201304921121,0.09492230534636834,100,100,118,5,0.05,4.939222689242378,13.884562041716244,3.673717011434159,0.018006564294538785
