initial_infected_perc,initial_immune_perc,length,height,population_size,contagion_distance,critical_limit,amp_susc,amp_rec,amp_inf,response
0.08736737568528008,0.07762154508838082,100,100,118,5,0.05,18.60103552334358,6.692673813350945,5.7094354699655785,0.2480517103404347
