initial_infected_perc,initial_immune_perc,length,height,population_size,contagion_distance,critical_limit,amp_susc,amp_rec,amp_inf,response
0.04769495933117199,0.06832108219669253,100,100,118,5,0.05,1.5585026948459424,11.819878416041071,5.596334934697125,0.1872076494177675
