initial_infected_perc,initial_immune_perc,length,height,population_size,contagion_distance,critical_limit,amp_susc,amp_rec,amp_inf,response
0.08012323842149793,0.035531298194310404,100,100,118,5,0.05,4.114029083888589,4.419983810657704,12.480514738729923,0.08465959790336451
