initial_infected_perc,initial_immune_perc,length,height,population_size,contagion_distance,critical_limit,amp_susc,amp_rec,amp_inf,response
0.09170365991198524,0.03239243738870978,100,100,118,5,0.05,7.229733307401007,12.128922249195886,1.86181720737562,0.25724469153624424
