initial_infected_perc,initial_immune_perc,length,height,population_size,contagion_distance,critical_limit,amp_susc,amp_rec,amp_inf,response
0.09083159656049569,0.03492917217242678,100,100,118,5,0.05,17.242871332694204,6.981679181559189,3.229385530252178,0.045036426843282226
