initial_infected_perc,initial_immune_perc,length,height,population_size,contagion_distance,critical_limit,amp_susc,amp_rec,amp_inf,response
0.030102794123548285,0.030344772672141175,100,100,118,5,0.05,10.028901208503438,5.702537933715015,14.645734497467286,0.16808652614424655
