initial_infected_perc,initial_immune_perc,length,height,population_size,contagion_distance,critical_limit,amp_susc,amp_rec,amp_inf,response
0.0945811869827961,0.09687539410566212,100,100,118,5,0.05,19.250090368125385,6.907123317776753,1.5645323363042496,0.13212659121848144
