initial_infected_perc,initial_immune_perc,length,height,population_size,contagion_distance,critical_limit,amp_susc,amp_rec,amp_inf,response
0.00530412913561853,0.001201668106626519,100,100,118,5,0.05,15.917055312908818,12.224439295469285,19.259649331706242,0.02899176246196464
