initial_infected_perc,initial_immune_perc,length,height,population_size,contagion_distance,critical_limit,amp_susc,amp_rec,amp_inf,response
0.012906722170435304,0.0348739671634834,100,100,118,5,0.05,10.692699629913097,10.822047872922083,10.138330685744528,0.22826133918234195
