initial_infected_perc,initial_immune_perc,length,height,population_size,contagion_distance,critical_limit,amp_susc,amp_rec,amp_inf,response
9.880713928028806e-05,0.08158724878522178,100,100,118,5,0.05,6.22608278685691,9.874194347087517,6.867066181804706,0.1842089357454401
