initial_infected_perc,initial_immune_perc,length,height,population_size,contagion_distance,critical_limit,amp_susc,amp_rec,amp_inf,response
0.09005103367340739,0.07762643874754807,100,100,118,5,0.05,0.8454912111063573,11.526532637608398,6.097461046829222,0.05988626390576904
