initial_infected_perc,initial_immune_perc,length,height,population_size,contagion_distance,critical_limit,amp_susc,amp_rec,amp_inf,response
0.06184409390780559,0.07113393356061774,100,100,118,5,0.05,14.988199618508936,15.11996990662542,5.018882632414772,0.0740241779834198
