initial_infected_perc,initial_immune_perc,length,height,population_size,contagion_distance,critical_limit,amp_susc,amp_rec,amp_inf,response
0.0024335555882085916,0.04751511785841779,100,100,118,5,0.05,1.3884433232451188,15.318798087683412,12.071461977132568,0.25596611439655004
