initial_infected_perc,initial_immune_perc,length,height,population_size,contagion_distance,critical_limit,amp_susc,amp_rec,amp_inf,response
0.07096656740310034,0.01725922058152668,100,100,118,5,0.05,16.198676092675953,8.22625533886238,1.3897653231242102,0.00560612568036064
