initial_infected_perc,initial_immune_perc,length,height,population_size,contagion_distance,critical_limit,amp_susc,amp_rec,amp_inf,response
0.07737202580455577,0.023361827392208157,100,100,118,5,0.05,5.3065100045264035,11.26613540748028,12.261190591971173,0.020328807449554964
