initial_infected_perc,initial_immune_perc,length,height,population_size,contagion_distance,critical_limit,amp_susc,amp_rec,amp_inf,response
0.01292254906210575,0.0411723330787127,100,100,118,5,0.05,14.59958221532374,5.365086339878557,9.373299326216976,0.06914448520515255
