initial_infected_perc,initial_immune_perc,length,height,population_size,contagion_distance,critical_limit,amp_susc,amp_rec,amp_inf,response
0.031604657873091184,0.06087706327281631,100,100,118,5,0.05,15.09799010525628,8.809448357302621,13.196002342824826,0.002336067432472022
