initial_infected_perc,initial_immune_perc,length,height,population_size,contagion_distance,critical_limit,amp_susc,amp_rec,amp_inf,response
0.028732645549982075,0.08962696167121258,100,100,118,5,0.05,17.48228789597942,6.175462743754425,16.008755866629787,0.1487945919261073
