initial_infected_perc,initial_immune_perc,length,height,population_size,contagion_distance,critical_limit,amp_susc,amp_rec,amp_inf,response
0.05415206959408603,0.09867486110379037,100,100,118,5,0.05,9.954048990164601,11.301086431013974,6.092114741273875,0.28006747488582295
