initial_infected_perc,initial_immune_perc,length,height,population_size,contagion_distance,critical_limit,amp_susc,amp_rec,amp_inf,response
0.036670996563331164,0.022817161279542142,100,100,118,5,0.05,7.517626768656259,18.152157736978314,5.669572386500292,0.2452656661890116
