initial_infected_perc,initial_immune_perc,length,height,population_size,contagion_distance,critical_limit,amp_susc,amp_rec,amp_inf,response
0.09280325260228428,0.09828527142637128,100,100,118,5,0.05,4.289703020928788,11.428199244065635,17.08099400783066,0.036307805005351586
