initial_infected_perc,initial_immune_perc,length,height,population_size,contagion_distance,critical_limit,amp_susc,amp_rec,amp_inf,response
0.012251714547191107,0.05940587554747319,100,100,118,5,0.05,9.047889850507904,2.748679005445398,17.785706166600114,0.22011657500715737
