initial_infected_perc,initial_immune_perc,length,height,population_size,contagion_distance,critical_limit,amp_susc,amp_rec,amp_inf,response
0.07337811460982673,0.042547725438603516,100,100,118,5,0.05,9.700169031290473,1.27160890912569,2.3364629549680904,0.27210929295428055
