initial_infected_perc,initial_immune_perc,length,height,population_size,contagion_distance,critical_limit,amp_susc,amp_rec,amp_inf,response
0.04594736644876235,0.08581151717985425,100,100,118,5,0.05,13.910305066013368,2.576849265310943,10.774187065243929,0.11975295575535023
