initial_infected_perc,initial_immune_perc,length,height,population_size,contagion_distance,critical_limit,amp_susc,amp_rec,amp_inf,response
0.07495938046915689,0.04204730892985891,100,100,118,5,0.05,12.7911178100304,2.1665708222299496,3.170574511081481,0.12196458228358126
