initial_infected_perc,initial_immune_perc,length,height,population_size,contagion_distance,critical_limit,amp_susc,amp_rec,amp_inf,response
0.03579589448668167,0.031062202477990387,100,100,118,5,0.05,11.959163715011279,11.32872855981777,13.465399062371933,0.04011679527569601
