initial_infected_perc,initial_immune_perc,length,height,population_size,contagion_distance,critical_limit,amp_susc,amp_rec,amp_inf,response
0.07734468712407933,0.027541802168850084,100,100,118,5,0.05,3.014245444111776,1.5077963922877458,12.084320722517107,0.23156690783089703
