initial_infected_perc,initial_immune_perc,length,height,population_size,contagion_distance,critical_limit,amp_susc,amp_rec,amp_inf,response
0.04097181476187975,0.09457455467991138,100,100,118,5,0.05,16.500195428139747,8.794451478136725,8.614068937145516,0.07227476865968553
