initial_infected_perc,initial_immune_perc,length,height,population_size,contagion_distance,critical_limit,amp_susc,amp_rec,amp_inf,response
0.06639163341500623,0.055319291806959894,100,100,118,5,0.05,10.748359550449662,9.112532119665799,9.808807735434462,0.16379470679476255
