initial_infected_perc,initial_immune_perc,length,height,population_size,contagion_distance,critical_limit,amp_susc,amp_rec,amp_inf,response
0.0947281619108627,0.04147488959991531,100,100,118,5,0.05,7.8281905755104875,9.72569694072671,14.2979318824717,0.23200883510558368
