initial_infected_perc,initial_immune_perc,length,height,population_size,contagion_distance,critical_limit,amp_susc,amp_rec,amp_inf,response
0.056314257383214876,0.02477675846802171,100,100,118,5,0.05,8.203306518431422,13.744322112047112,1.663945378277607,0.04093914246504927
