initial_infected_perc,initial_immune_perc,length,height,population_size,contagion_distance,critical_limit,amp_susc,amp_rec,amp_inf,response
0.035458467939817696,0.09380016528095855,100,100,118,5,0.05,2.8641145938642487,7.994376333389013,19.46487275859537,0.27566335908217804
