initial_infected_perc,initial_immune_perc,length,height,population_size,contagion_distance,critical_limit,amp_susc,amp_rec,amp_inf,response
0.019391271890650198,0.04453030123448063,100,100,118,5,0.05,13.392276520756356,17.132886238299758,4.334597668619795,0.2701782513466995
