initial_infected_perc,initial_immune_perc,length,height,population_size,contagion_distance,critical_limit,amp_susc,amp_rec,amp_inf,response
0.08063787930326216,0.09843477933688571,100,100,118,5,0.05,4.899020678176815,6.007703669040807,1.6133380047058865,0.16389175038991408
