initial_infected_perc,initial_immune_perc,length,height,population_size,contagion_distance,critical_limit,amp_susc,amp_rec,amp_inf,response
0.05279569859317029,0.02833738973542027,100,100,118,5,0.05,15.748331039040158,13.082773197052882,1.6233516128028658,0.16001179472447494
