initial_infected_perc,initial_immune_perc,length,height,population_size,contagion_distance,critical_limit,amp_susc,amp_rec,amp_inf,response
0.04019373114874567,0.01047935567819709,100,100,118,5,0.05,0.9363306905318658,3.3590986283566893,4.462023453072776,0.2854409868458828
