initial_infected_perc,initial_immune_perc,length,height,population_size,contagion_distance,critical_limit,amp_susc,amp_rec,amp_inf,response
0.010879792129560785,0.09539594525640906,100,100,118,5,0.05,8.202300096396701,13.176880977249315,6.1669839814094445,0.13114993391104246
