initial_infected_perc,initial_immune_perc,length,height,population_size,contagion_distance,critical_limit,amp_susc,amp_rec,amp_inf,response
0.08503420509079805,0.02118559544760338,100,100,118,5,0.05,6.308716333764508,16.632455391062525,10.506169361735013,0.183991866699862
