initial_infected_perc,initial_immune_perc,length,height,population_size,contagion_distance,critical_limit,amp_susc,amp_rec,amp_inf,response
0.08040058472014991,0.078369307775372,100,100,118,5,0.05,4.2673896881352675,13.629154610488229,6.3295434587256905,0.1135778212838382
