initial_infected_perc,initial_immune_perc,length,height,population_size,contagion_distance,critical_limit,amp_susc,amp_rec,amp_inf,response
0.014615278436241065,0.02551224912067327,100,100,118,5,0.05,6.3823456802313405,2.7362695974918982,13.475839310846244,0.13866139531904398
