initial_infected_perc,initial_immune_perc,length,height,population_size,contagion_distance,critical_limit,amp_susc,amp_rec,amp_inf,response
0.02314660112235807,0.013380366780401144,100,100,118,5,0.05,6.821398369423937,4.996556686662251,3.1461339205479177,0.029091570234982298
