initial_infected_perc,initial_immune_perc,length,height,population_size,contagion_distance,critical_limit,amp_susc,amp_rec,amp_inf,response
0.06645468839516651,0.0657339052347542,100,100,118,5,0.05,16.467924621406397,13.349626546986286,14.19835383401536,0.04642168076131448
