initial_infected_perc,initial_immune_perc,length,height,population_size,contagion_distance,critical_limit,amp_susc,amp_rec,amp_inf,response
0.057828772682974185,0.06194787762587331,100,100,118,5,0.05,11.215910798860767,14.868112912265154,5.6380631344044385,0.08691538778304163
