initial_infected_perc,initial_immune_perc,length,height,population_size,contagion_distance,critical_limit,amp_susc,amp_rec,amp_inf,response
0.05712846741721589,0.04218254103222882,100,100,118,5,0.05,12.317850519149875,14.880591608554376,4.194215510621309,0.03815943827675115
