initial_infected_perc,initial_immune_perc,length,height,population_size,contagion_distance,critical_limit,amp_susc,amp_rec,amp_inf,response
0.036908305466252726,0.052956413906211024,100,100,118,5,0.05,19.89289658398453,12.260163705616105,7.472453335109764,0.2776381606321556
