initial_infected_perc,initial_immune_perc,length,height,population_size,contagion_distance,critical_limit,amp_susc,amp_rec,amp_inf,response
0.09963144884704077,0.04609713537518195,100,100,118,5,0.05,17.67806992770627,12.276509400591163,4.468493061573662,0.22189387079192466
