initial_infected_perc,initial_immune_perc,length,height,population_size,contagion_distance,critical_limit,amp_susc,amp_rec,amp_inf,response
0.0770531988487867,0.08778225897085735,100,100,118,5,0.05,0.1215098460138897,9.155472573219361,14.824904590408103,0.2159944907628193
