initial_infected_perc,initial_immune_perc,length,height,population_size,contagion_distance,critical_limit,amp_susc,amp_rec,amp_inf,response
0.08953584659418029,0.027861042459687593,100,100,118,5,0.05,3.9878438351045076,12.050756824360622,12.865132123560418,0.05986921915918859
