initial_infected_perc,initial_immune_perc,length,height,population_size,contagion_distance,critical_limit,amp_susc,amp_rec,amp_inf,response
0.09860406856331608,0.04221815581708288,100,100,118,5,0.05,18.851015916653,12.630102717351345,1.9686897012676363,0.11086196782446575
