initial_infected_perc,initial_immune_perc,length,height,population_size,contagion_distance,critical_limit,amp_susc,amp_rec,amp_inf,response
0.08600429016437017,0.018173119359863266,100,100,118,5,0.05,0.9571800805520181,7.877690371968109,12.750912378731659,0.05606369517092456
