initial_infected_perc,initial_immune_perc,length,height,population_size,contagion_distance,critical_limit,amp_susc,amp_rec,amp_inf,response
0.0375802140874844,0.030689189607877865,100,100,118,5,0.05,8.299446173511537,11.543056996125,17.299523171795926,0.01681156526096649
