initial_infected_perc,initial_immune_perc,length,height,population_size,contagion_distance,critical_limit,amp_susc,amp_rec,amp_inf,response
0.06947779387093651,0.06628609752904412,100,100,118,5,0.05,2.8189894770247803,19.85653597137827,13.409275972692768,0.12391163917983863
