initial_infected_perc,initial_immune_perc,length,height,population_size,contagion_distance,critical_limit,amp_susc,amp_rec,amp_inf,response
0.0521539583542767,0.07505715513034276,100,100,118,5,0.05,12.075972741910139,5.855606383984584,0.266225655776402,0.10726606338697495
