initial_infected_perc,initial_immune_perc,length,height,population_size,contagion_distance,critical_limit,amp_susc,amp_rec,amp_inf,response
0.08289871190702351,0.032060539511979624,100,100,118,5,0.05,13.64913722015071,3.73002165081157,2.149821644838903,0.01675904493878647
