initial_infected_perc,initial_immune_perc,length,height,population_size,contagion_distance,critical_limit,amp_susc,amp_rec,amp_inf,response
0.03191197702941574,0.034793537153436374,100,100,118,5,0.05,14.11909602531668,13.044403108953562,1.6030181476910066,0.23165991371195538
