initial_infected_perc,initial_immune_perc,length,height,population_size,contagion_distance,critical_limit,amp_susc,amp_rec,amp_inf,response
0.06287225179849686,0.005124141856215359,100,100,118,5,0.05,17.36753505675874,19.63744005499339,17.420625641767582,0.24389165491950768
