initial_infected_perc,initial_immune_perc,length,height,population_size,contagion_distance,critical_limit,amp_susc,amp_rec,amp_inf,response
0.013883656892561914,0.06818697821029539,100,100,118,5,0.05,13.104191721343676,14.455582448120355,18.69734400695868,0.01446422003404265
