initial_infected_perc,initial_immune_perc,length,height,population_size,contagion_distance,critical_limit,amp_susc,amp_rec,amp_inf,response
0.0796582795671928,0.014378679916991745,100,100,118,5,0.05,12.764709232791805,19.118687805178162,2.066000896252249,0.2571197388016833
