initial_infected_perc,initial_immune_perc,length,height,population_size,contagion_distance,critical_limit,amp_susc,amp_rec,amp_inf,response
0.017763647140408047,0.09641302272244645,100,100,118,5,0.05,2.088514614563599,3.7984508017702456,8.434129872246674,0.1606309894002551
