initial_infected_perc,initial_immune_perc,length,height,population_size,contagion_distance,critical_limit,amp_susc,amp_rec,amp_inf,response
0.022652487938114165,0.07551278981105207,100,100,118,5,0.05,2.2103455034247177,10.07154593408681,16.027703631228032,0.026060145282569402
