initial_infected_perc,initial_immune_perc,length,height,population_size,contagion_distance,critical_limit,amp_susc,amp_rec,amp_inf,response
0.04052086339400712,0.07231408300152418,100,100,118,5,0.05,18.25458281647949,5.683841309449873,0.5004512808408634,0.29494087172271255
