initial_infected_perc,initial_immune_perc,length,height,population_size,contagion_distance,critical_limit,amp_susc,amp_rec,amp_inf,response
0.08544916926015823,0.00739032178485578,100,100,118,5,0.05,13.063763397110517,15.074282059215506,16.786490986934673,0.029690656099023802
