initial_infected_perc,initial_immune_perc,length,height,population_size,contagion_distance,critical_limit,amp_susc,amp_rec,amp_inf,response
0.026618214608395266,0.09285943412802773,100,100,118,5,0.05,14.066346663937301,11.576033067521397,16.590815138931774,0.28075963331191905
