initial_infected_perc,initial_immune_perc,length,height,population_size,contagion_distance,critical_limit,amp_susc,amp_rec,amp_inf,response
0.04928899080758612,0.09084786036135792,100,100,118,5,0.05,11.10559413178015,17.158412352028915,5.613972359633619,0.2408563951825217
