initial_infected_perc,initial_immune_perc,length,height,population_size,contagion_distance,critical_limit,amp_susc,amp_rec,amp_inf,response
0.031945415220093434,0.06449219159642214,100,100,118,5,0.05,6.8929678117846365,3.425304382400556,16.7965713755968,0.10658995843585715
