initial_infected_perc,initial_immune_perc,length,height,population_size,contagion_distance,critical_limit,amp_susc,amp_rec,amp_inf,response
0.030067507591565304,0.061201747941650314,100,100,118,5,0.05,5.818448166434367,9.264976162067127,3.454206381614602,0.14606774454188776
