initial_infected_perc,initial_immune_perc,length,height,population_size,contagion_distance,critical_limit,amp_susc,amp_rec,amp_inf,response
0.02722579093776444,0.052679689742530525,100,100,118,5,0.05,19.147090853685686,17.14876081464642,13.347539163981498,0.10916845681394692
