initial_infected_perc,initial_immune_perc,length,height,population_size,contagion_distance,critical_limit,amp_susc,amp_rec,amp_inf,response
0.09672173838427003,0.02223645526937326,100,100,118,5,0.05,11.486844795310848,19.264606981986752,7.116137540144356,0.1630275149466042
