initial_infected_perc,initial_immune_perc,length,height,population_size,contagion_distance,critical_limit,amp_susc,amp_rec,amp_inf,response
0.09618177427769356,0.09662960528459097,100,100,118,5,0.05,12.486870252763628,1.1070123367261742,5.351485632834412,0.1813944522059127
