initial_infected_perc,initial_immune_perc,length,height,population_size,contagion_distance,critical_limit,amp_susc,amp_rec,amp_inf,response
0.020937101893449897,0.040486868189713504,100,100,118,5,0.05,5.446687447049648,12.907962065945933,12.114843201201506,0.10505228889549789
