initial_infected_perc,initial_immune_perc,length,height,population_size,contagion_distance,critical_limit,amp_susc,amp_rec,amp_inf,response
0.04508162690977028,0.06353535822201913,100,100,118,5,0.05,2.812322032751162,12.149552912341168,11.63947055857978,0.21939404171870922
