initial_infected_perc,initial_immune_perc,length,height,population_size,contagion_distance,critical_limit,amp_susc,amp_rec,amp_inf,response
0.052801977309681926,0.0012871050477147985,100,100,118,5,0.05,3.7445600927548806,11.590386364606054,15.56572033530635,0.2598884160025076
