initial_infected_perc,initial_immune_perc,length,height,population_size,contagion_distance,critical_limit,amp_susc,amp_rec,amp_inf,response
0.0012657110457430787,0.06736655747714466,100,100,118,5,0.05,7.092883542068824,15.210415249081082,18.58612583271372,0.10054296541195847
