initial_infected_perc,initial_immune_perc,length,height,population_size,contagion_distance,critical_limit,amp_susc,amp_rec,amp_inf,response
0.03620969602081505,0.07681651030728065,100,100,118,5,0.05,3.310407010362588,9.025131418075304,12.107733026158897,0.26743953125819553
