initial_infected_perc,initial_immune_perc,length,height,population_size,contagion_distance,critical_limit,amp_susc,amp_rec,amp_inf,response
0.053327076157935194,0.016264787256961157,100,100,118,5,0.05,0.12538258900729016,8.844435362639004,2.735553001471105,0.13962186524283765
