initial_infected_perc,initial_immune_perc,length,height,population_size,contagion_distance,critical_limit,amp_susc,amp_rec,amp_inf,response
0.09999133897345525,0.06711447992931473,100,100,118,5,0.05,13.547467611801558,12.204053961257857,18.403879907934797,0.24339604980593094
