initial_infected_perc,initial_immune_perc,length,height,population_size,contagion_distance,critical_limit,amp_susc,amp_rec,amp_inf,response
0.09567450174865691,0.09373643990615667,100,100,118,5,0.05,14.19433385924862,0.1582522725633817,7.629245917403034,0.2962420448193379
