initial_infected_perc,initial_immune_perc,length,height,population_size,contagion_distance,critical_limit,amp_susc,amp_rec,amp_inf,response
0.013666137536770862,0.09209367922376441,100,100,118,5,0.05,8.791972842070674,5.529860782379172,18.366473312648953,0.2835307922743053
