initial_infected_perc,initial_immune_perc,length,height,population_size,contagion_distance,critical_limit,amp_susc,amp_rec,amp_inf,response
0.05611394731961891,0.03448525600077159,100,100,118,5,0.05,17.439646593467636,15.472008350505902,3.3193942102735274,0.0912209727034183
