initial_infected_perc,initial_immune_perc,length,height,population_size,contagion_distance,critical_limit,amp_susc,amp_rec,amp_inf,response
0.06869086253396416,0.07128880646870053,100,100,118,5,0.05,4.889406564339631,7.200328045112068,16.86351669825332,0.14768284214431973
