initial_infected_perc,initial_immune_perc,length,height,population_size,contagion_distance,critical_limit,amp_susc,amp_rec,amp_inf,response
0.06148697989969196,0.03737176238767714,100,100,118,5,0.05,6.583525902146472,1.3021683347333846,13.766542910160325,0.07919885417114937
