initial_infected_perc,initial_immune_perc,length,height,population_size,contagion_distance,critical_limit,amp_susc,amp_rec,amp_inf,response
0.012359146965366663,0.02339560841050009,100,100,118,5,0.05,14.850110061305584,13.123609856744267,5.760680802861664,0.208401802309771
