initial_infected_perc,initial_immune_perc,length,height,population_size,contagion_distance,critical_limit,amp_susc,amp_rec,amp_inf,response
0.06515236338409637,0.04604198814233991,100,100,118,5,0.05,12.16735164195207,13.24815990940878,11.08633835812303,0.12268675497175965
