initial_infected_perc,initial_immune_perc,length,height,population_size,contagion_distance,critical_limit,amp_susc,amp_rec,amp_inf,response
0.07284756150616896,0.001023872743343146,100,100,118,5,0.05,19.860575570975524,14.659018073067433,7.2121049927542735,0.0025498427592497317
