initial_infected_perc,initial_immune_perc,length,height,population_size,contagion_distance,critical_limit,amp_susc,amp_rec,amp_inf,response
0.0965910811669563,0.06673191928675093,100,100,118,5,0.05,3.857790853057439,9.577410936456106,6.430891116661184,0.16487924268752213
