initial_infected_perc,initial_immune_perc,length,height,population_size,contagion_distance,critical_limit,amp_susc,amp_rec,amp_inf,response
0.08812321482040088,0.004291038878737663,100,100,118,5,0.05,3.3242923404719815,2.9245558287349183,12.675701423970283,0.2151826900907006
