initial_infected_perc,initial_immune_perc,length,height,population_size,contagion_distance,critical_limit,amp_susc,amp_rec,amp_inf,response
0.09528729927537194,0.05769110930550693,100,100,118,5,0.05,12.601996475307331,3.2393718829319917,16.08747175270993,0.18839367934311288
