initial_infected_perc,initial_immune_perc,length,height,population_size,contagion_distance,critical_limit,amp_susc,amp_rec,amp_inf,response
0.017889613624793344,0.040464231727704775,100,100,118,5,0.05,13.855185838859047,0.1941021721824443,1.6825902661365344,0.1672443256408717
