initial_infected_perc,initial_immune_perc,length,height,population_size,contagion_distance,critical_limit,amp_susc,amp_rec,amp_inf,response
0.013027345626681265,0.01793634224078319,100,100,118,5,0.05,2.0672687255489763,13.955636247853711,9.975656812961427,0.06319986425171395
