initial_infected_perc,initial_immune_perc,length,height,population_size,contagion_distance,critical_limit,amp_susc,amp_rec,amp_inf,response
0.047032263703552284,0.06371302435409115,100,100,118,5,0.05,19.131036456389662,9.304975521598484,8.466277738231744,0.04798038319544801
