initial_infected_perc,initial_immune_perc,length,height,population_size,contagion_distance,critical_limit,amp_susc,amp_rec,amp_inf,response
0.07623912663992599,0.0200524291508047,100,100,118,5,0.05,0.6556677238171216,19.527360146653567,6.03425421822815,0.2615904392100241
