initial_infected_perc,initial_immune_perc,length,height,population_size,contagion_distance,critical_limit,amp_susc,amp_rec,amp_inf,response
0.03844614229682928,0.07817361975856359,100,100,118,5,0.05,13.015956698890141,14.434382224666818,13.005990034604242,0.02014684298381021
