initial_infected_perc,initial_immune_perc,length,height,population_size,contagion_distance,critical_limit,amp_susc,amp_rec,amp_inf,response
0.07036161605228576,0.0034495015743214565,100,100,118,5,0.05,13.475605195112692,4.004079105491458,2.93952719959816,0.06898432983785611
