initial_infected_perc,initial_immune_perc,length,height,population_size,contagion_distance,critical_limit,amp_susc,amp_rec,amp_inf,response
0.04869691538343134,0.02927825863146033,100,100,118,5,0.05,16.42345979270619,1.4007686709239442,12.433969128977175,0.0969397146643667
