initial_infected_perc,initial_immune_perc,length,height,population_size,contagion_distance,critical_limit,amp_susc,amp_rec,amp_inf,response
0.07479570521338334,0.0413619691631045,100,100,118,5,0.05,4.817086277536751,7.154829065860946,6.308886630819144,0.22226640543323994
