initial_infected_perc,initial_immune_perc,length,height,population_size,contagion_distance,critical_limit,amp_susc,amp_rec,amp_inf,response
0.0311495317138379,0.08641018943600864,100,100,118,5,0.05,8.26487697201577,18.59819024055088,5.931952162308045,0.16569733161847597
