initial_infected_perc,initial_immune_perc,length,height,population_size,contagion_distance,critical_limit,amp_susc,amp_rec,amp_inf,response
0.09801056420239128,0.03972008931173085,100,100,118,5,0.05,14.071464143777696,10.971696632133707,0.9940077502868161,0.01638110662128034
