initial_infected_perc,initial_immune_perc,length,height,population_size,contagion_distance,critical_limit,amp_susc,amp_rec,amp_inf,response
0.02973217052977949,0.06480725662114795,100,100,118,5,0.05,9.294818460263967,17.700147304488862,4.3199286284601985,0.06833874514037196
