initial_infected_perc,initial_immune_perc,length,height,population_size,contagion_distance,critical_limit,amp_susc,amp_rec,amp_inf,response
0.0037781399019675924,0.04748716786188639,100,100,118,5,0.05,16.548055674751954,17.595893267238477,7.533089794937339,0.14878589669174236
