initial_infected_perc,initial_immune_perc,length,height,population_size,contagion_distance,critical_limit,amp_susc,amp_rec,amp_inf,response
0.048032623354656814,0.0267659231531882,100,100,118,5,0.05,4.65391150098903,5.91055248519222,9.350856946937691,0.2629255609553569
