initial_infected_perc,initial_immune_perc,length,height,population_size,contagion_distance,critical_limit,amp_susc,amp_rec,amp_inf,response
0.06131160216531726,0.07105286781559636,100,100,118,5,0.05,4.509938859221451,5.021451374476693,6.742613369700163,0.2516371123434303
