initial_infected_perc,initial_immune_perc,length,height,population_size,contagion_distance,critical_limit,amp_susc,amp_rec,amp_inf,response
0.02468436935605304,0.013500666051432565,100,100,118,5,0.05,14.134039740834158,3.8747032408727056,10.519185771563528,0.2033285815983837
