initial_infected_perc,initial_immune_perc,length,height,population_size,contagion_distance,critical_limit,amp_susc,amp_rec,amp_inf,response
0.019434874581665262,0.05273404142911501,100,100,118,5,0.05,8.192007538741876,13.985200822515765,4.610775000845848,0.18965251312242648
