initial_infected_perc,initial_immune_perc,length,height,population_size,contagion_distance,critical_limit,amp_susc,amp_rec,amp_inf,response
0.041236328874197425,0.04763193840435083,100,100,118,5,0.05,2.2547702258861735,11.754223302370136,11.408621529310665,0.021615570702414575
