initial_infected_perc,initial_immune_perc,length,height,population_size,contagion_distance,critical_limit,amp_susc,amp_rec,amp_inf,response
0.05409710466154008,0.007647754936115192,100,100,118,5,0.05,18.46645163745192,12.668901677777333,9.217967936156535,0.18908822862901203
