initial_infected_perc,initial_immune_perc,length,height,population_size,contagion_distance,critical_limit,amp_susc,amp_rec,amp_inf,response
0.009468377300740849,0.014191076703332762,100,100,118,5,0.05,17.584562597920982,7.8134645909862925,10.550733827290792,0.0962300245109018
