initial_infected_perc,initial_immune_perc,length,height,population_size,contagion_distance,critical_limit,amp_susc,amp_rec,amp_inf,response
0.0912046218986613,0.03447128063128936,100,100,118,5,0.05,14.44620873968449,17.799466401514906,10.3709685970729,0.06922240497612432
