initial_infected_perc,initial_immune_perc,length,height,population_size,contagion_distance,critical_limit,amp_susc,amp_rec,amp_inf,response
0.017570820539334533,0.00527174806723113,100,100,118,5,0.05,9.10730757269497,11.36168978364043,19.64260400161454,0.21582870093799383
