initial_infected_perc,initial_immune_perc,length,height,population_size,contagion_distance,critical_limit,amp_susc,amp_rec,amp_inf,response
0.04971862482030223,0.07655405982180882,100,100,118,5,0.05,13.061529774469703,13.076080308215072,7.476523102904844,0.2620718752659323
