initial_infected_perc,initial_immune_perc,length,height,population_size,contagion_distance,critical_limit,amp_susc,amp_rec,amp_inf,response
0.08834619830169327,0.08853512633154832,100,100,118,5,0.05,18.834810403665124,5.8817824359535305,12.520808504090171,0.04065600806991586
