initial_infected_perc,initial_immune_perc,length,height,population_size,contagion_distance,critical_limit,amp_susc,amp_rec,amp_inf,response
0.04662005820517974,0.04309339077081034,100,100,118,5,0.05,18.69093850724855,10.499251511279205,15.589163011541679,0.18018291731007283
