initial_infected_perc,initial_immune_perc,length,height,population_size,contagion_distance,critical_limit,amp_susc,amp_rec,amp_inf,response
0.0806605939234454,0.07172135015357066,100,100,118,5,0.05,2.8935394350150623,7.281396433227611,17.971087863241962,0.23165748145612178
