initial_infected_perc,initial_immune_perc,length,height,population_size,contagion_distance,critical_limit,amp_susc,amp_rec,amp_inf,response
0.0457379722327845,0.033993679225420695,100,100,118,5,0.05,9.379740163399697,3.4090615472813424,11.740718968076823,0.10586788518680226
