initial_infected_perc,initial_immune_perc,length,height,population_size,contagion_distance,critical_limit,amp_susc,amp_rec,amp_inf,response
0.08788760922769284,0.0637835081733297,100,100,118,5,0.05,7.777444302631434,6.4672615537526585,12.190537619171469,0.01591958440572375
