initial_infected_perc,initial_immune_perc,length,height,population_size,contagion_distance,critical_limit,amp_susc,amp_rec,amp_inf,response
0.014131367951188134,0.03154468658059047,100,100,118,5,0.05,0.8916453636905208,18.207879712143637,17.044135620642113,0.1086192095724335
