initial_infected_perc,initial_immune_perc,length,height,population_size,contagion_distance,critical_limit,amp_susc,amp_rec,amp_inf,response
0.008025944950078146,0.07795689217877488,100,100,118,5,0.05,11.8694798811987,7.335959194039015,6.804098541411207,0.003338546031803258
