initial_infected_perc,initial_immune_perc,length,height,population_size,contagion_distance,critical_limit,amp_susc,amp_rec,amp_inf,response
0.028022685904684444,0.02475719527905125,100,100,118,5,0.05,9.678264987011326,5.57041601449201,16.715011626890252,0.2226664718195037
