initial_infected_perc,initial_immune_perc,length,height,population_size,contagion_distance,critical_limit,amp_susc,amp_rec,amp_inf,response
0.0656406225519462,0.04014275274578843,100,100,118,5,0.05,13.846213774056324,8.271609765193045,11.979689187157128,0.29315575021211465
