initial_infected_perc,initial_immune_perc,length,height,population_size,contagion_distance,critical_limit,amp_susc,amp_rec,amp_inf,response
0.016863982981616565,0.09426424189196791,100,100,118,5,0.05,13.048086188855002,0.1919951804951303,4.241258279483697,0.11214854929454666
