initial_infected_perc,initial_immune_perc,length,height,population_size,contagion_distance,critical_limit,amp_susc,amp_rec,amp_inf,response
0.023716214385057135,0.08123072755230593,100,100,118,5,0.05,11.609779700420113,15.58254047310365,5.816030267937869,0.12116518211747235
