initial_infected_perc,initial_immune_perc,length,height,population_size,contagion_distance,critical_limit,amp_susc,amp_rec,amp_inf,response
0.005496266762818058,0.08067829345636525,100,100,118,5,0.05,8.520912091093727,7.921801255387941,12.96903060417624,0.038052955870414205
