initial_infected_perc,initial_immune_perc,length,height,population_size,contagion_distance,critical_limit,amp_susc,amp_rec,amp_inf,response
0.08689835678979078,0.01296829369485416,100,100,118,5,0.05,6.920398174971161,4.394370424383077,18.06930005259518,0.18602351017494842
