initial_infected_perc,initial_immune_perc,length,height,population_size,contagion_distance,critical_limit,amp_susc,amp_rec,amp_inf,response
0.06606651107221416,0.04477023505154946,100,100,118,5,0.05,12.069832339622481,10.476219357511516,19.969503795158474,0.04599010266084708
