initial_infected_perc,initial_immune_perc,length,height,population_size,contagion_distance,critical_limit,amp_susc,amp_rec,amp_inf,response
0.01746218100993585,0.01883739428284792,100,100,118,5,0.05,0.3719742887868849,15.156194598411863,0.1593724889151127,0.04943658559066911
