initial_infected_perc,initial_immune_perc,length,height,population_size,contagion_distance,critical_limit,amp_susc,amp_rec,amp_inf,response
0.07298097130730692,0.04138768936225204,100,100,118,5,0.05,7.004991409136081,1.6218274268211474,18.89268129207354,0.2814798446082339
