initial_infected_perc,initial_immune_perc,length,height,population_size,contagion_distance,critical_limit,amp_susc,amp_rec,amp_inf,response
0.09720387244527845,0.09972974381896857,100,100,118,5,0.05,1.634009872920612,14.526799917799755,5.06676486934476,0.2403665539234571
