initial_infected_perc,initial_immune_perc,length,height,population_size,contagion_distance,critical_limit,amp_susc,amp_rec,amp_inf,response
0.03222918290486334,0.042698453465475655,100,100,118,5,0.05,6.898662558553079,18.341488981934955,14.355053434854161,0.0030505856389697493
