initial_infected_perc,initial_immune_perc,length,height,population_size,contagion_distance,critical_limit,amp_susc,amp_rec,amp_inf,response
0.02029254154711745,0.054364125602017546,100,100,118,5,0.05,1.5445101905742797,1.2101858540965638,17.948643229105183,0.18752958713981846
