initial_infected_perc,initial_immune_perc,length,height,population_size,contagion_distance,critical_limit,amp_susc,amp_rec,amp_inf,response
0.003793040149427396,0.06932080522209229,100,100,118,5,0.05,8.60680419861183,3.4507087341059073,2.9088938530377795,0.17336995807988329
