initial_infected_perc,initial_immune_perc,length,height,population_size,contagion_distance,critical_limit,amp_susc,amp_rec,amp_inf,response
0.020197154661369,0.046273323385848476,100,100,118,5,0.05,8.812841396094917,13.720076122976604,3.145338398906632,0.12309769450665753
