initial_infected_perc,initial_immune_perc,length,height,population_size,contagion_distance,critical_limit,amp_susc,amp_rec,amp_inf,response
0.05651423600593947,0.02068394994310807,100,100,118,5,0.05,0.2570996793533076,5.5756179987066234,6.581895129515541,0.14958776027423448
