initial_infected_perc,initial_immune_perc,length,height,population_size,contagion_distance,critical_limit,amp_susc,amp_rec,amp_inf,response
0.07566362162714058,0.07259847069769149,100,100,118,5,0.05,18.08692579186752,13.212716154240674,10.773555978045215,0.226185134791612
