initial_infected_perc,initial_immune_perc,length,height,population_size,contagion_distance,critical_limit,amp_susc,amp_rec,amp_inf,response
0.005023573195029241,0.0982667171432079,100,100,118,5,0.05,19.854643729494292,14.968427897624943,2.0368405471092976,0.10689888876437677
