initial_infected_perc,initial_immune_perc,length,height,population_size,contagion_distance,critical_limit,amp_susc,amp_rec,amp_inf,response
0.019243965608896508,0.061204305620504024,100,100,118,5,0.05,0.4169034997689747,3.6660920473321013,9.190684164187495,0.13330638472063236
