initial_infected_perc,initial_immune_perc,length,height,population_size,contagion_distance,critical_limit,amp_susc,amp_rec,amp_inf,response
0.09081369855214116,0.05777021034263167,100,100,118,5,0.05,2.8092244626604,1.1013389672620066,14.995587547394866,0.28737428750274513
