initial_infected_perc,initial_immune_perc,length,height,population_size,contagion_distance,critical_limit,amp_susc,amp_rec,amp_inf,response
0.09347083944799489,0.01867797502968929,100,100,118,5,0.05,0.8039610257520202,8.316039678641406,17.047251741431925,0.150747560259101
