initial_infected_perc,initial_immune_perc,length,height,population_size,contagion_distance,critical_limit,amp_susc,amp_rec,amp_inf,response
0.048187914288342786,0.04618346195342689,100,100,118,5,0.05,13.419161174414121,6.9602021873220306,13.808967027765615,0.17383458687112988
