initial_infected_perc,initial_immune_perc,length,height,population_size,contagion_distance,critical_limit,amp_susc,amp_rec,amp_inf,response
0.09715053951160725,0.041245724551176026,100,100,118,5,0.05,4.951679683239389,5.758865772994506,16.286871153450786,0.06581441213781304
