initial_infected_perc,initial_immune_perc,length,height,population_size,contagion_distance,critical_limit,amp_susc,amp_rec,amp_inf,response
0.0776067180651473,0.08331055088000683,100,100,118,5,0.05,10.615647421068084,16.428125300279536,0.18681751158488247,0.06988631280956445
