initial_infected_perc,initial_immune_perc,length,height,population_size,contagion_distance,critical_limit,amp_susc,amp_rec,amp_inf,response
0.013594258370958845,0.00918964426974842,100,100,118,5,0.05,7.458738172275359,17.549265163027986,7.393069583406911,0.17442466950660088
