initial_infected_perc,initial_immune_perc,length,height,population_size,contagion_distance,critical_limit,amp_susc,amp_rec,amp_inf,response
0.009517425352820741,0.003581211382239269,100,100,118,5,0.05,13.165591132013809,17.404984017228323,2.8528210978195556,0.13180741446445496
