initial_infected_perc,initial_immune_perc,length,height,population_size,contagion_distance,critical_limit,amp_susc,amp_rec,amp_inf,response
0.08716941912258964,0.03177724141346895,100,100,118,5,0.05,3.6588109596423513,7.710314092678043,8.300972068842858,0.22244087713666505
