initial_infected_perc,initial_immune_perc,length,height,population_size,contagion_distance,critical_limit,amp_susc,amp_rec,amp_inf,response
0.09542012789391448,0.006271141320529184,100,100,118,5,0.05,8.763785786662009,14.04125263771303,4.048422747824665,0.0448776748963134
