initial_infected_perc,initial_immune_perc,length,height,population_size,contagion_distance,critical_limit,amp_susc,amp_rec,amp_inf,response
0.0031838541718304915,0.05587146370630323,100,100,118,5,0.05,5.782075090115166,5.328814289954387,19.93306507953336,0.22055689424182978
