initial_infected_perc,initial_immune_perc,length,height,population_size,contagion_distance,critical_limit,amp_susc,amp_rec,amp_inf,response
0.07064013118614702,0.09650530223201799,100,100,118,5,0.05,0.5918073286560865,5.826009936039185,19.12044038383619,0.21007389500615
