initial_infected_perc,initial_immune_perc,length,height,population_size,contagion_distance,critical_limit,amp_susc,amp_rec,amp_inf,response
0.03688702439284685,0.05879760850857044,100,100,118,5,0.05,5.898734517882945,3.2638180202037947,9.306128519913038,0.1291411587837334
