initial_infected_perc,initial_immune_perc,length,height,population_size,contagion_distance,critical_limit,amp_susc,amp_rec,amp_inf,response
0.046620871069039366,0.08653590059493609,100,100,118,5,0.05,4.815865157216333,3.432265730171007,7.573092207228688,0.07646831721556058
