initial_infected_perc,initial_immune_perc,length,height,population_size,contagion_distance,critical_limit,amp_susc,amp_rec,amp_inf,response
0.06306973634498396,0.08559778640542783,100,100,118,5,0.05,19.744831346573505,3.5634367938878952,14.04851062216091,0.1238977805579567
