initial_infected_perc,initial_immune_perc,length,height,population_size,contagion_distance,critical_limit,amp_susc,amp_rec,amp_inf,response
0.028074291078848915,0.022819634848647477,100,100,118,5,0.05,12.524373352701437,5.73501884241129,1.5891589198229528,0.0910288168037312
