initial_infected_perc,initial_immune_perc,length,height,population_size,contagion_distance,critical_limit,amp_susc,amp_rec,amp_inf,response
0.05921583423868633,0.06876351917236792,100,100,118,5,0.05,4.425701646291458,11.913022545233636,6.24920881771285,0.19340276236282847
