initial_infected_perc,initial_immune_perc,length,height,population_size,contagion_distance,critical_limit,amp_susc,amp_rec,amp_inf,response
0.0663051976937835,0.039922215137910534,100,100,118,5,0.05,0.3849303472880017,6.983528332666968,2.5905970300260406,0.22142872716828715
