initial_infected_perc,initial_immune_perc,length,height,population_size,contagion_distance,critical_limit,amp_susc,amp_rec,amp_inf,response
0.022271699740090734,0.06752348915167593,100,100,118,5,0.05,14.108470923392264,4.36832315897961,10.779589305965182,0.18707187736710404
