initial_infected_perc,initial_immune_perc,length,height,population_size,contagion_distance,critical_limit,amp_susc,amp_rec,amp_inf,response
0.024698823446666053,0.009729957703865089,100,100,118,5,0.05,17.409953725944362,12.692911812645955,19.408971547286036,0.26586546194886795
