initial_infected_perc,initial_immune_perc,length,height,population_size,contagion_distance,critical_limit,amp_susc,amp_rec,amp_inf,response
0.06656601196465305,0.007722424716946019,100,100,118,5,0.05,3.025801759155682,10.856368889151181,6.455240442468777,0.2767076940697719
