initial_infected_perc,initial_immune_perc,length,height,population_size,contagion_distance,critical_limit,amp_susc,amp_rec,amp_inf,response
0.06498244322919071,0.027666835828753525,100,100,118,5,0.05,0.6797206562543723,12.472866315433343,7.955100235142281,0.1166563501427002
