initial_infected_perc,initial_immune_perc,length,height,population_size,contagion_distance,critical_limit,amp_susc,amp_rec,amp_inf,response
0.02086057432614641,0.010078197303987502,100,100,118,5,0.05,17.96561666419965,12.421272613724284,16.150556646065866,0.07475693751021296
