initial_infected_perc,initial_immune_perc,length,height,population_size,contagion_distance,critical_limit,amp_susc,amp_rec,amp_inf,response
0.004397846487852952,0.09614550819271134,100,100,118,5,0.05,3.343784970515764,15.486117572923682,15.370766205281656,0.17753878877413634
