initial_infected_perc,initial_immune_perc,length,height,population_size,contagion_distance,critical_limit,amp_susc,amp_rec,amp_inf,response
0.010709974988592885,0.04702624176226346,100,100,118,5,0.05,17.374914557767084,3.457884514317786,4.95198440191248,0.09252804058029271
