initial_infected_perc,initial_immune_perc,length,height,population_size,contagion_distance,critical_limit,amp_susc,amp_rec,amp_inf,response
0.08828312729818026,0.07955500049503135,100,100,118,5,0.05,3.919421657136035,14.553202280575775,14.629318280855617,0.16531477744782924
