initial_infected_perc,initial_immune_perc,length,height,population_size,contagion_distance,critical_limit,amp_susc,amp_rec,amp_inf,response
0.06751044147720785,0.0807940128485829,100,100,118,5,0.05,12.16445593408359,11.387507830463433,9.274538507740278,0.22931729684875057
