initial_infected_perc,initial_immune_perc,length,height,population_size,contagion_distance,critical_limit,amp_susc,amp_rec,amp_inf,response
0.026870156694005467,0.09692636367619241,100,100,118,5,0.05,4.61502934089099,4.4453078106268995,18.888951131044983,0.22157349451475214
