initial_infected_perc,initial_immune_perc,length,height,population_size,contagion_distance,critical_limit,amp_susc,amp_rec,amp_inf,response
0.010324599658939004,0.012408169870900189,100,100,118,5,0.05,4.203540209505599,14.197123034224523,7.457277390941803,0.29826226088132723
