initial_infected_perc,initial_immune_perc,length,height,population_size,contagion_distance,critical_limit,amp_susc,amp_rec,amp_inf,response
0.03649710994240544,0.022001961092318858,100,100,118,5,0.05,11.551833734005204,11.974781269013189,6.638749182020658,0.08736099768145096
