initial_infected_perc,initial_immune_perc,length,height,population_size,contagion_distance,critical_limit,amp_susc,amp_rec,amp_inf,response
0.029765833706737965,0.07291748981767658,100,100,118,5,0.05,6.806557231473944,12.540834068616455,1.5217621928511438,0.17320037785442863
