initial_infected_perc,initial_immune_perc,length,height,population_size,contagion_distance,critical_limit,amp_susc,amp_rec,amp_inf,response
0.05554215555405182,0.06095788929909773,100,100,118,5,0.05,4.738505370397103,8.406358924344152,6.56246564873233,0.2627833098504687
