initial_infected_perc,initial_immune_perc,length,height,population_size,contagion_distance,critical_limit,amp_susc,amp_rec,amp_inf,response
0.030179438775095324,0.09787603500344474,100,100,118,5,0.05,6.711298229918146,0.7859305448209009,2.9360115944789955,0.04037517531302288
