initial_infected_perc,initial_immune_perc,length,height,population_size,contagion_distance,critical_limit,amp_susc,amp_rec,amp_inf,response
0.06393654337967601,0.04555215941879115,100,100,118,5,0.05,12.792836308740675,0.6110857207459008,13.099042728868326,0.11732434659316762
