initial_infected_perc,initial_immune_perc,length,height,population_size,contagion_distance,critical_limit,amp_susc,amp_rec,amp_inf,response
0.094881307095316,0.011324045237108005,100,100,118,5,0.05,0.9353683330501705,1.2301316060781464,3.8375403989916257,0.19065907591210018
