initial_infected_perc,initial_immune_perc,length,height,population_size,contagion_distance,critical_limit,amp_susc,amp_rec,amp_inf,response
0.007015247865276886,0.06976059695369095,100,100,118,5,0.05,1.9739968781815453,16.65815494643309,14.004378054005905,0.24870476370255473
