initial_infected_perc,initial_immune_perc,length,height,population_size,contagion_distance,critical_limit,amp_susc,amp_rec,amp_inf,response
0.027421676845171817,0.06850238322764132,100,100,118,5,0.05,16.28643777110808,14.88270563952012,12.35956638093819,0.1767098248238866
