initial_infected_perc,initial_immune_perc,length,height,population_size,contagion_distance,critical_limit,amp_susc,amp_rec,amp_inf,response
0.030946346077329847,0.005426526641997043,100,100,118,5,0.05,11.019326512544662,9.409458174095606,16.945020836296894,0.2014286336140213
