initial_infected_perc,initial_immune_perc,length,height,population_size,contagion_distance,critical_limit,amp_susc,amp_rec,amp_inf,response
0.009421678744121776,0.03920170409219897,100,100,118,5,0.05,17.797842041485545,2.744715529480546,19.309250989643502,0.1541271874883478
