initial_infected_perc,initial_immune_perc,length,height,population_size,contagion_distance,critical_limit,amp_susc,amp_rec,amp_inf,response
0.0068271506254070635,0.08844171650198776,100,100,118,5,0.05,4.4174050724839375,17.628022936550348,8.376448313952789,0.264414564670499
