initial_infected_perc,initial_immune_perc,length,height,population_size,contagion_distance,critical_limit,amp_susc,amp_rec,amp_inf,response
0.09288519093187848,0.0541250333667226,100,100,118,5,0.05,2.4905167351716484,0.8387923044972401,12.883612966344804,0.24967030895392364
