initial_infected_perc,initial_immune_perc,length,height,population_size,contagion_distance,critical_limit,amp_susc,amp_rec,amp_inf,response
0.020241756386589538,0.042079887852821456,100,100,118,5,0.05,1.6531312577307533,13.302418653017954,17.54854241619965,0.19542771597075118
