initial_infected_perc,initial_immune_perc,length,height,population_size,contagion_distance,critical_limit,amp_susc,amp_rec,amp_inf,response
0.09722153189740251,0.026095428739842597,100,100,118,5,0.05,14.968926551955041,12.09359203565905,9.414148424116217,0.18125205024078225
