initial_infected_perc,initial_immune_perc,length,height,population_size,contagion_distance,critical_limit,amp_susc,amp_rec,amp_inf,response
0.022666943780385997,0.07676481475907976,100,100,118,5,0.05,4.842966182171729,17.905528973690146,5.933048507404866,0.21849279139024055
