initial_infected_perc,initial_immune_perc,length,height,population_size,contagion_distance,critical_limit,amp_susc,amp_rec,amp_inf,response
0.0490953933419004,0.05909257808239893,100,100,118,5,0.05,4.684347952769487,19.585693745287298,3.0483530009363347,0.07999772640354534
