initial_infected_perc,initial_immune_perc,length,height,population_size,contagion_distance,critical_limit,amp_susc,amp_rec,amp_inf,response
0.09997220260939699,0.07141289936433344,100,100,118,5,0.05,6.109560665114476,17.309989756763045,15.952212702889778,0.19728633894584405
