initial_infected_perc,initial_immune_perc,length,height,population_size,contagion_distance,critical_limit,amp_susc,amp_rec,amp_inf,response
0.0015558120471647397,0.06340930511170503,100,100,118,5,0.05,13.908472109197092,13.60581393612022,16.204214691149463,0.2639794132280724
