initial_infected_perc,initial_immune_perc,length,height,population_size,contagion_distance,critical_limit,amp_susc,amp_rec,amp_inf,response
0.06161672146888744,0.047132691842267996,100,100,118,5,0.05,0.8553699096501077,11.910114691353144,12.993404531548997,0.06464203810446127
