initial_infected_perc,initial_immune_perc,length,height,population_size,contagion_distance,critical_limit,amp_susc,amp_rec,amp_inf,response
0.044371756564406395,0.08306736344440883,100,100,118,5,0.05,8.37350975688076,11.875591244260724,13.666503465526507,0.10302599374989498
