initial_infected_perc,initial_immune_perc,length,height,population_size,contagion_distance,critical_limit,amp_susc,amp_rec,amp_inf,response
0.029218293113177342,0.027550540268490444,100,100,118,5,0.05,3.0359022862593155,19.189740692379978,19.71656494942951,0.18571749188587747
