initial_infected_perc,initial_immune_perc,length,height,population_size,contagion_distance,critical_limit,amp_susc,amp_rec,amp_inf,response
0.07621164971470565,0.006101537263531376,100,100,118,5,0.05,16.152796617955527,18.59969288178708,2.52240819248867,0.09553018465483509
