initial_infected_perc,initial_immune_perc,length,height,population_size,contagion_distance,critical_limit,amp_susc,amp_rec,amp_inf,response
0.09601415223732114,0.06954838526742345,100,100,118,5,0.05,12.112376606174154,9.394148452586474,4.824261806448275,0.25450014491798695
