initial_infected_perc,initial_immune_perc,length,height,population_size,contagion_distance,critical_limit,amp_susc,amp_rec,amp_inf,response
0.09852446880195276,0.03111323711205213,100,100,118,5,0.05,7.555774310814458,4.316519804819499,2.4378892305436173,0.1617884563954544
