initial_infected_perc,initial_immune_perc,length,height,population_size,contagion_distance,critical_limit,amp_susc,amp_rec,amp_inf,response
0.0811606335867333,0.0038332244988717457,100,100,118,5,0.05,1.9842638357975018,11.709507622577162,4.959723304128303,0.20021830649720382
