initial_infected_perc,initial_immune_perc,length,height,population_size,contagion_distance,critical_limit,amp_susc,amp_rec,amp_inf,response
0.09337786333177711,0.01271347079791768,100,100,118,5,0.05,17.65116124800319,3.960093535935101,19.056626181432467,0.0542765985889046
