initial_infected_perc,initial_immune_perc,length,height,population_size,contagion_distance,critical_limit,amp_susc,amp_rec,amp_inf,response
0.06703471680878025,0.003466447837504816,100,100,118,5,0.05,6.821299543379389,0.7405709062622035,14.465953437260072,0.14130842278246356
