initial_infected_perc,initial_immune_perc,length,height,population_size,contagion_distance,critical_limit,amp_susc,amp_rec,amp_inf,response
0.04658843739277253,0.04298685622767572,100,100,118,5,0.05,11.98151728034629,12.994049486907784,2.620804563115018,0.025047701005621734
