initial_infected_perc,initial_immune_perc,length,height,population_size,contagion_distance,critical_limit,amp_susc,amp_rec,amp_inf,response
0.09323661454567082,0.07717234325340896,100,100,118,5,0.05,7.983583616831624,12.01475503564142,5.98434772461647,0.1622916603878951
