initial_infected_perc,initial_immune_perc,length,height,population_size,contagion_distance,critical_limit,amp_susc,amp_rec,amp_inf,response
0.07710503343726499,0.004138391354546267,100,100,118,5,0.05,19.23189784586191,7.63237707562957,15.548715269679443,0.2434224558803386
