initial_infected_perc,initial_immune_perc,length,height,population_size,contagion_distance,critical_limit,amp_susc,amp_rec,amp_inf,response
0.010625662899325828,0.08834725983553879,100,100,118,5,0.05,8.14381701385017,19.30140829176544,7.335524875334556,0.27054919232295377
