initial_infected_perc,initial_immune_perc,length,height,population_size,contagion_distance,critical_limit,amp_susc,amp_rec,amp_inf,response
0.04317807182300565,0.013244637204412824,100,100,118,5,0.05,15.45949170323906,15.41735166451694,2.5822968194987883,0.020781940149740906
