initial_infected_perc,initial_immune_perc,length,height,population_size,contagion_distance,critical_limit,amp_susc,amp_rec,amp_inf,response
0.07477762365546699,0.08746033092682225,100,100,118,5,0.05,14.97942367627816,1.398354820084684,9.548115022670062,0.12655674592020372
