initial_infected_perc,initial_immune_perc,length,height,population_size,contagion_distance,critical_limit,amp_susc,amp_rec,amp_inf,response
0.09995389949839995,0.06920617582010534,100,100,118,5,0.05,10.54489732838566,9.614892051545391,1.5935903639709958,0.1415962375213147
