initial_infected_perc,initial_immune_perc,length,height,population_size,contagion_distance,critical_limit,amp_susc,amp_rec,amp_inf,response
0.03505188874399826,0.047203308089201514,100,100,118,5,0.05,18.590056809851408,14.284003849410968,0.753857663369577,0.07747875474739559
