initial_infected_perc,initial_immune_perc,length,height,population_size,contagion_distance,critical_limit,amp_susc,amp_rec,amp_inf,response
0.035163063234308845,0.02801633385395649,100,100,118,5,0.05,7.905642634513958,0.06723401881148838,6.4535598608258855,0.2940962649669908
