initial_infected_perc,initial_immune_perc,length,height,population_size,contagion_distance,critical_limit,amp_susc,amp_rec,amp_inf,response
0.06896037034114158,0.08722308646374959,100,100,118,5,0.05,10.130652266406486,18.264547189651072,9.21299054938704,0.2850135399591987
