initial_infected_perc,initial_immune_perc,length,height,population_size,contagion_distance,critical_limit,amp_susc,amp_rec,amp_inf,response
0.04862192139687382,0.07969660819475319,100,100,118,5,0.05,19.982575398178493,16.707135785859883,17.145181683065616,0.25580593720496825
