initial_infected_perc,initial_immune_perc,length,height,population_size,contagion_distance,critical_limit,amp_susc,amp_rec,amp_inf,response
0.08534154980030902,0.0170285092962002,100,100,118,5,0.05,13.770959204768218,19.923802272989096,3.3048605377995477,0.02668439189614945
