initial_infected_perc,initial_immune_perc,length,height,population_size,contagion_distance,critical_limit,amp_susc,amp_rec,amp_inf,response
0.05418814000335766,0.01835828764297012,100,100,118,5,0.05,6.297864584035913,9.657353803194844,9.83863392001535,0.27549156742081904
