initial_infected_perc,initial_immune_perc,length,height,population_size,contagion_distance,critical_limit,amp_susc,amp_rec,amp_inf,response
0.020088052580928287,0.062386580534866676,100,100,118,5,0.05,8.653821514746632,2.935665126333331,4.667214923642713,0.18019328652359043
