initial_infected_perc,initial_immune_perc,length,height,population_size,contagion_distance,critical_limit,amp_susc,amp_rec,amp_inf,response
0.05957667830448174,0.050677444599150606,100,100,118,5,0.05,12.170696619554999,19.45034119009297,16.561652990889304,0.2881543173667984
