initial_infected_perc,initial_immune_perc,length,height,population_size,contagion_distance,critical_limit,amp_susc,amp_rec,amp_inf,response
0.020328693812558543,0.029896072983100864,100,100,118,5,0.05,9.4389977557001,14.617680963636552,18.388925056888368,0.014494536742706043
