initial_infected_perc,initial_immune_perc,length,height,population_size,contagion_distance,critical_limit,amp_susc,amp_rec,amp_inf,response
0.039016263869068236,0.014777154189020359,100,100,118,5,0.05,11.050127019478408,19.11526237615965,0.19044695859617766,0.016300418307851026
