initial_infected_perc,initial_immune_perc,length,height,population_size,contagion_distance,critical_limit,amp_susc,amp_rec,amp_inf,response
0.026795743382183435,0.04205714716213047,100,100,118,5,0.05,15.752785560473729,3.2207345053489234,5.036864822075302,0.06802874253498452
