initial_infected_perc,initial_immune_perc,length,height,population_size,contagion_distance,critical_limit,amp_susc,amp_rec,amp_inf,response
0.08346644404226203,0.029565206843037317,100,100,118,5,0.05,14.071222169875153,17.15009887464683,18.232538270356034,0.05675769594317265
