initial_infected_perc,initial_immune_perc,length,height,population_size,contagion_distance,critical_limit,amp_susc,amp_rec,amp_inf,response
0.09171786188737896,0.07220223835553843,100,100,118,5,0.05,9.241921287228987,8.885269771617947,19.399101342760027,0.20640987088012488
