initial_infected_perc,initial_immune_perc,length,height,population_size,contagion_distance,critical_limit,amp_susc,amp_rec,amp_inf,response
0.03285327957552723,0.011724990474454067,100,100,118,5,0.05,2.531996306570514,8.120855469073744,11.13219684315542,0.07044841600369305
