initial_infected_perc,initial_immune_perc,length,height,population_size,contagion_distance,critical_limit,amp_susc,amp_rec,amp_inf,response
0.08936462248188881,0.015101337293971607,100,100,118,5,0.05,0.5712007209397063,15.619435970890494,10.361002389551876,0.10733962605972112
