initial_infected_perc,initial_immune_perc,length,height,population_size,contagion_distance,critical_limit,amp_susc,amp_rec,amp_inf,response
0.054872385958650884,0.08250536074606665,100,100,118,5,0.05,7.4179702994916985,1.4363758951032102,1.669623977555419,0.10827817006345847
