initial_infected_perc,initial_immune_perc,length,height,population_size,contagion_distance,critical_limit,amp_susc,amp_rec,amp_inf,response
0.08285921757905448,0.05560296754840282,100,100,118,5,0.05,7.477963176091853,17.930929119488827,7.531815578238854,0.1313081199429602
