initial_infected_perc,initial_immune_perc,length,height,population_size,contagion_distance,critical_limit,amp_susc,amp_rec,amp_inf,response
0.03858413019280649,0.001014099276344993,100,100,118,5,0.05,9.5195559980489,3.4451400291926437,7.922096532503189,0.10187711148170661
