initial_infected_perc,initial_immune_perc,length,height,population_size,contagion_distance,critical_limit,amp_susc,amp_rec,amp_inf,response
0.0760167219276785,0.05619364331639202,100,100,118,5,0.05,18.343891927920836,10.501281057656515,6.818177278433244,0.06911866586597039
