initial_infected_perc,initial_immune_perc,length,height,population_size,contagion_distance,critical_limit,amp_susc,amp_rec,amp_inf,response
0.07713520873016433,0.037246896962421054,100,100,118,5,0.05,15.643010144367398,11.356647570138714,18.22000036697884,0.06662884525159046
