initial_infected_perc,initial_immune_perc,length,height,population_size,contagion_distance,critical_limit,amp_susc,amp_rec,amp_inf,response
0.03898894985354902,0.05271507757266023,100,100,118,5,0.05,15.260779622904959,7.266993559648753,3.2161502073867676,0.16642982284075633
