initial_infected_perc,initial_immune_perc,length,height,population_size,contagion_distance,critical_limit,amp_susc,amp_rec,amp_inf,response
0.08663747818808261,0.05752850964075068,100,100,118,5,0.05,18.634070900665403,0.2333658389372517,2.8934770712259072,0.10003176922969062
