initial_infected_perc,initial_immune_perc,length,height,population_size,contagion_distance,critical_limit,amp_susc,amp_rec,amp_inf,response
0.014201142657920107,0.06044889341662768,100,100,118,5,0.05,13.515251144037347,11.053720030019464,5.259400889938823,0.2367250803777786
