initial_infected_perc,initial_immune_perc,length,height,population_size,contagion_distance,critical_limit,amp_susc,amp_rec,amp_inf,response
0.047198742285636856,0.04665961596677061,100,100,118,5,0.05,4.266443312351673,9.28778221123514,3.325971018089273,0.1405240336605066
