initial_infected_perc,initial_immune_perc,length,height,population_size,contagion_distance,critical_limit,amp_susc,amp_rec,amp_inf,response
0.019483936601856156,0.08560431891054704,100,100,118,5,0.05,0.8864811005153639,14.783383888600987,19.908958004344612,0.11832738891374787
