initial_infected_perc,initial_immune_perc,length,height,population_size,contagion_distance,critical_limit,amp_susc,amp_rec,amp_inf,response
0.08160918260443341,0.0627630486089414,100,100,118,5,0.05,16.900008877766876,10.991112155153893,10.066261358261265,0.25975349213707893
