initial_infected_perc,initial_immune_perc,length,height,population_size,contagion_distance,critical_limit,amp_susc,amp_rec,amp_inf,response
0.08295902172812958,0.09086188453260874,100,100,118,5,0.05,12.36755449371804,13.846133455559448,11.898061883360672,0.2423937366824904
