initial_infected_perc,initial_immune_perc,length,height,population_size,contagion_distance,critical_limit,amp_susc,amp_rec,amp_inf,response
0.022093647716440415,0.05163997459579655,100,100,118,5,0.05,12.856743147305306,4.11074000079191,14.371656450177312,0.005923403694330731
