initial_infected_perc,initial_immune_perc,length,height,population_size,contagion_distance,critical_limit,amp_susc,amp_rec,amp_inf,response
0.07265573522095065,0.03976807265682897,100,100,118,5,0.05,13.24534981853741,3.4984219350478463,14.547549323603091,0.05991724031947869
