initial_infected_perc,initial_immune_perc,length,height,population_size,contagion_distance,critical_limit,amp_susc,amp_rec,amp_inf,response
0.05051574718536216,0.0008641116938080673,100,100,118,5,0.05,14.522875939083953,12.518708861279613,12.345439198780106,0.06940653599062914
