initial_infected_perc,initial_immune_perc,length,height,population_size,contagion_distance,critical_limit,amp_susc,amp_rec,amp_inf,response
0.044106308307517265,0.07009680665116713,100,100,118,5,0.05,12.287924286585287,17.32130845884919,15.55353859719778,0.00031505730493572857
