initial_infected_perc,initial_immune_perc,length,height,population_size,contagion_distance,critical_limit,amp_susc,amp_rec,amp_inf,response
0.010959459297062202,0.010802427637886504,100,100,118,5,0.05,0.7935898860515467,17.480939271433513,14.750934649124876,0.01177674517756726
