initial_infected_perc,initial_immune_perc,length,height,population_size,contagion_distance,critical_limit,amp_susc,amp_rec,amp_inf,response
0.019133225485726713,0.07785286324083447,100,100,118,5,0.05,11.816229788933574,2.5297029135204108,5.62087287372754,0.173658385565265
