initial_infected_perc,initial_immune_perc,length,height,population_size,contagion_distance,critical_limit,amp_susc,amp_rec,amp_inf,response
0.021232427014434875,0.01556018688391765,100,100,118,5,0.05,11.200465394160883,16.031917892400944,2.326538043304216,0.08166213761852921
