initial_infected_perc,initial_immune_perc,length,height,population_size,contagion_distance,critical_limit,amp_susc,amp_rec,amp_inf,response
0.002141609467344996,0.021643044963123206,100,100,118,5,0.05,5.687374569547723,16.15306544895527,8.723328958835443,0.024707557327883465
