initial_infected_perc,initial_immune_perc,length,height,population_size,contagion_distance,critical_limit,amp_susc,amp_rec,amp_inf,response
0.014414957199660072,0.04573606305809156,100,100,118,5,0.05,12.160178698952018,9.882832963496043,17.941784450748578,0.09794880630386843
