initial_infected_perc,initial_immune_perc,length,height,population_size,contagion_distance,critical_limit,amp_susc,amp_rec,amp_inf,response
0.044574065682400604,0.07887312679454687,100,100,118,5,0.05,17.616243546158866,7.4015627054485105,5.517684516037107,0.27910337601960383
