initial_infected_perc,initial_immune_perc,length,height,population_size,contagion_distance,critical_limit,amp_susc,amp_rec,amp_inf,response
0.09982152830815355,0.07390788862049007,100,100,118,5,0.05,11.699862403064877,8.37002634520071,15.872190479208388,0.18045024803270598
