initial_infected_perc,initial_immune_perc,length,height,population_size,contagion_distance,critical_limit,amp_susc,amp_rec,amp_inf,response
0.035021734168796816,0.06998847829119904,100,100,118,5,0.05,16.719015933683842,5.738790035209831,8.857579689357669,0.014868364499947306
