initial_infected_perc,initial_immune_perc,length,height,population_size,contagion_distance,critical_limit,amp_susc,amp_rec,amp_inf,response
0.032761594022892006,0.018674672082715373,100,100,118,5,0.05,16.85890484107957,9.761950676298639,11.019352397040123,0.22459080674835327
