initial_infected_perc,initial_immune_perc,length,height,population_size,contagion_distance,critical_limit,amp_susc,amp_rec,amp_inf,response
0.022951801919157133,0.05535324350003044,100,100,118,5,0.05,11.814993487861212,12.767072938959096,13.229690745065568,0.023364841084202736
