initial_infected_perc,initial_immune_perc,length,height,population_size,contagion_distance,critical_limit,amp_susc,amp_rec,amp_inf,response
0.08641811665582079,0.09676558233234636,100,100,118,5,0.05,11.870655299900433,5.370851393596645,5.4016805893816455,0.11650808842373367
