initial_infected_perc,initial_immune_perc,length,height,population_size,contagion_distance,critical_limit,amp_susc,amp_rec,amp_inf,response
0.08313871496793873,0.09424313821079536,100,100,118,5,0.05,19.318853993704582,0.9355321207141087,10.778772609505381,0.20359130706380102
