initial_infected_perc,initial_immune_perc,length,height,population_size,contagion_distance,critical_limit,amp_susc,amp_rec,amp_inf,response
0.049139720048516126,0.059932626523428595,100,100,118,5,0.05,18.51781405320301,17.72894115507754,5.089378482697493,0.029054564710965312
