initial_infected_perc,initial_immune_perc,length,height,population_size,contagion_distance,critical_limit,amp_susc,amp_rec,amp_inf,response
0.03975214445643054,0.07694842797687293,100,100,118,5,0.05,9.171374186902185,8.039503238255826,10.94334818870988,0.24965694001933095
