initial_infected_perc,initial_immune_perc,length,height,population_size,contagion_distance,critical_limit,amp_susc,amp_rec,amp_inf,response
0.04632569391916591,0.013602818596809852,100,100,118,5,0.05,5.230971626683623,2.416673039808619,8.859182702078277,0.15394580799331847
