initial_infected_perc,initial_immune_perc,length,height,population_size,contagion_distance,critical_limit,amp_susc,amp_rec,amp_inf,response
0.0031137368421502946,0.037101459187995976,100,100,118,5,0.05,4.494040218122796,9.554076673504044,2.0700160175666937,0.16793136806643322
