initial_infected_perc,initial_immune_perc,length,height,population_size,contagion_distance,critical_limit,amp_susc,amp_rec,amp_inf,response
0.018021990495629237,0.08138761099272268,100,100,118,5,0.05,12.587242518154065,11.63908498472902,8.0879750917426,0.049451632823387714
