initial_infected_perc,initial_immune_perc,length,height,population_size,contagion_distance,critical_limit,amp_susc,amp_rec,amp_inf,response
0.09780332898651842,0.028032165031953517,100,100,118,5,0.05,3.0517294240204285,6.854831311155582,11.387672833062485,0.053528043437633906
