initial_infected_perc,initial_immune_perc,length,height,population_size,contagion_distance,critical_limit,amp_susc,amp_rec,amp_inf,response
0.07507725010229396,0.01024893339002121,100,100,118,5,0.05,16.047956927137342,15.84872787687613,13.345309137862511,0.08346391285865619
