initial_infected_perc,initial_immune_perc,length,height,population_size,contagion_distance,critical_limit,amp_susc,amp_rec,amp_inf,response
0.027426193162595827,0.08849200124438093,100,100,118,5,0.05,0.7746744433099328,13.664732773201923,15.447287883512526,0.10219786755924172
