initial_infected_perc,initial_immune_perc,length,height,population_size,contagion_distance,critical_limit,amp_susc,amp_rec,amp_inf,response
0.0002515220401677065,0.03329433548164989,100,100,118,5,0.05,5.035616948892095,3.525583324526862,9.005958680682964,0.18846070545030622
