initial_infected_perc,initial_immune_perc,length,height,population_size,contagion_distance,critical_limit,amp_susc,amp_rec,amp_inf,response
0.07102134313978911,0.021808330077338334,100,100,118,5,0.05,17.45780991315623,6.987860617833325,11.700824263211748,0.030976789445818907
