initial_infected_perc,initial_immune_perc,length,height,population_size,contagion_distance,critical_limit,amp_susc,amp_rec,amp_inf,response
0.040836482278408796,0.027959897366060218,100,100,118,5,0.05,14.791298611911552,6.7518754290405685,7.096506131665259,0.12749399395532984
