initial_infected_perc,initial_immune_perc,length,height,population_size,contagion_distance,critical_limit,amp_susc,amp_rec,amp_inf,response
0.06223394029241663,0.09997400589247374,100,100,118,5,0.05,14.445822691505727,15.474728090064243,1.591516491117999,0.2331087946998167
