initial_infected_perc,initial_immune_perc,length,height,population_size,contagion_distance,critical_limit,amp_susc,amp_rec,amp_inf,response
0.060704848537377,0.01808151555052009,100,100,118,5,0.05,6.965591195763574,12.2651504607739,0.024404269145159585,0.12030294037994346
