initial_infected_perc,initial_immune_perc,length,height,population_size,contagion_distance,critical_limit,amp_susc,amp_rec,amp_inf,response
0.04215062031525704,0.007734460707196145,100,100,118,5,0.05,9.108564554664113,19.872083371514826,2.0988987173378915,0.23542804185358449
