initial_infected_perc,initial_immune_perc,length,height,population_size,contagion_distance,critical_limit,amp_susc,amp_rec,amp_inf,response
0.06194566431752038,0.0524915864083965,100,100,118,5,0.05,4.233939267101537,11.854557502851828,2.693485961220865,0.16221979339813816
