initial_infected_perc,initial_immune_perc,length,height,population_size,contagion_distance,critical_limit,amp_susc,amp_rec,amp_inf,response
0.0720528202936289,0.068523459610655,100,100,118,5,0.05,14.00095162205745,8.89585132535959,10.710271919988571,0.21922037280085363
