initial_infected_perc,initial_immune_perc,length,height,population_size,contagion_distance,critical_limit,amp_susc,amp_rec,amp_inf,response
0.02167553644796795,0.06928779960057332,100,100,118,5,0.05,18.548022076919565,6.742307514584556,5.7240662539611336,0.18197472768948644
