initial_infected_perc,initial_immune_perc,length,height,population_size,contagion_distance,critical_limit,amp_susc,amp_rec,amp_inf,response
0.05950506767052632,0.019863626644395217,100,100,118,5,0.05,3.3464657566712908,2.932982555271464,5.960907889717966,0.05684971846363381
