initial_infected_perc,initial_immune_perc,length,height,population_size,contagion_distance,critical_limit,amp_susc,amp_rec,amp_inf,response
0.046616461476475905,0.025187189409592504,100,100,118,5,0.05,13.86512798123177,17.297224013976162,18.73632170129866,0.025475256137330104
