initial_infected_perc,initial_immune_perc,length,height,population_size,contagion_distance,critical_limit,amp_susc,amp_rec,amp_inf,response
0.0915967149043813,0.09508023267496846,100,100,118,5,0.05,3.8456685036210625,1.4974052810208827,2.2516230067989684,0.25742196925120264
