initial_infected_perc,initial_immune_perc,length,height,population_size,contagion_distance,critical_limit,amp_susc,amp_rec,amp_inf,response
0.07341751289826853,0.047661493184249226,100,100,118,5,0.05,13.40040350567665,2.743439389931086,9.797966129748843,0.2564397219532522
