initial_infected_perc,initial_immune_perc,length,height,population_size,contagion_distance,critical_limit,amp_susc,amp_rec,amp_inf,response
0.02063329516841447,0.07916882157947402,100,100,118,5,0.05,15.240912931414483,12.455114960503092,16.560186588851302,0.008059476766223705
