initial_infected_perc,initial_immune_perc,length,height,population_size,contagion_distance,critical_limit,amp_susc,amp_rec,amp_inf,response
0.021462773016454086,0.0017311533145019876,100,100,118,5,0.05,4.273468465734811,13.654500935172226,10.599014320267372,0.24782611996395681
