initial_infected_perc,initial_immune_perc,length,height,population_size,contagion_distance,critical_limit,amp_susc,amp_rec,amp_inf,response
0.042904614835220324,0.04914374731215187,100,100,118,5,0.05,10.200793147190971,4.364750724869239,14.37404789591138,0.020073524209794746
