initial_infected_perc,initial_immune_perc,length,height,population_size,contagion_distance,critical_limit,amp_susc,amp_rec,amp_inf,response
0.07073066436820084,0.04682899194399949,100,100,118,5,0.05,1.5712380147944915,19.692969825560954,5.61311884986345,0.11368303039691553
