initial_infected_perc,initial_immune_perc,length,height,population_size,contagion_distance,critical_limit,amp_susc,amp_rec,amp_inf,response
0.022769973879518703,0.015038237654141152,100,100,118,5,0.05,19.280293855905832,5.858050102000494,3.277537233721486,0.2940300179170071
