initial_infected_perc,initial_immune_perc,length,height,population_size,contagion_distance,critical_limit,amp_susc,amp_rec,amp_inf,response
0.009248514161804722,0.08846393421560722,100,100,118,5,0.05,14.160437997597505,16.753659003529084,8.839418864287405,0.22670956671974507
