initial_infected_perc,initial_immune_perc,length,height,population_size,contagion_distance,critical_limit,amp_susc,amp_rec,amp_inf,response
0.030717255153352874,0.047584099652379544,100,100,118,5,0.05,8.912537831628507,16.293096014222016,0.47420179420050834,0.14428725532012487
