initial_infected_perc,initial_immune_perc,length,height,population_size,contagion_distance,critical_limit,amp_susc,amp_rec,amp_inf,response
0.09703857397780881,0.09672899958526832,100,100,118,5,0.05,0.27099613541190726,2.3661190495285944,2.5235064362860204,0.2586023160927322
