initial_infected_perc,initial_immune_perc,length,height,population_size,contagion_distance,critical_limit,amp_susc,amp_rec,amp_inf,response
0.016727990715044994,0.04990113445684621,100,100,118,5,0.05,17.333974372962157,19.527178375308488,18.72687904138358,0.19037871562666303
