initial_infected_perc,initial_immune_perc,length,height,population_size,contagion_distance,critical_limit,amp_susc,amp_rec,amp_inf,response
0.06654972530521722,0.09441315651194886,100,100,118,5,0.05,4.657429746263242,12.383431028328571,0.3052017449732203,0.015399974546552486
