initial_infected_perc,initial_immune_perc,length,height,population_size,contagion_distance,critical_limit,amp_susc,amp_rec,amp_inf,response
0.023907802481575504,0.09281874955237225,100,100,118,5,0.05,7.862253239332908,14.625750281195524,7.1903401401676525,0.2311828119308802
