initial_infected_perc,initial_immune_perc,length,height,population_size,contagion_distance,critical_limit,amp_susc,amp_rec,amp_inf,response
0.09212832807721369,0.016335577530062508,100,100,118,5,0.05,6.61140225655962,15.902294953759931,1.7307181430975804,0.17225020449977663
