initial_infected_perc,initial_immune_perc,length,height,population_size,contagion_distance,critical_limit,amp_susc,amp_rec,amp_inf,response
0.037298580099830024,0.08065356261576662,100,100,118,5,0.05,14.13665387362499,4.747911142806527,11.311613038497548,0.23448759866403038
