initial_infected_perc,initial_immune_perc,length,height,population_size,contagion_distance,critical_limit,amp_susc,amp_rec,amp_inf,response
0.010705398319297954,0.011538801822711399,100,100,118,5,0.05,19.837656856812938,10.537239597034365,3.7971658623773963,0.24967356765114462
