initial_infected_perc,initial_immune_perc,length,height,population_size,contagion_distance,critical_limit,amp_susc,amp_rec,amp_inf,response
0.08636949192196333,0.05474754799363989,100,100,118,5,0.05,8.147446604181585,8.829324624725603,3.2783574708306995,0.2989240666241772
