initial_infected_perc,initial_immune_perc,length,height,population_size,contagion_distance,critical_limit,amp_susc,amp_rec,amp_inf,response
0.03208795411292662,0.05671775264813653,100,100,118,5,0.05,2.9486702814866717,6.280645647428114,16.5085759242833,0.050034985120929944
