initial_infected_perc,initial_immune_perc,length,height,population_size,contagion_distance,critical_limit,amp_susc,amp_rec,amp_inf,response
0.045480552551048714,0.04832662669757945,100,100,118,5,0.05,1.8716323574222726,1.979013021206748,14.105817155315473,0.1595160420884448
