initial_infected_perc,initial_immune_perc,length,height,population_size,contagion_distance,critical_limit,amp_susc,amp_rec,amp_inf,response
0.05275750127359983,0.09861812165757575,100,100,118,5,0.05,0.42055342908043913,9.956416549940464,12.768499114412153,0.26251173415145457
