initial_infected_perc,initial_immune_perc,length,height,population_size,contagion_distance,critical_limit,amp_susc,amp_rec,amp_inf,response
0.08310014806060168,0.06226633101910489,100,100,118,5,0.05,7.351041580176039,7.187094129590381,17.90118914786595,0.22332630991540578
