initial_infected_perc,initial_immune_perc,length,height,population_size,contagion_distance,critical_limit,amp_susc,amp_rec,amp_inf,response
0.051073142684458096,0.04580714391017773,100,100,118,5,0.05,2.5040268623400186,9.120520373963263,5.2890403992296475,0.2616459891794922
