initial_infected_perc,initial_immune_perc,length,height,population_size,contagion_distance,critical_limit,amp_susc,amp_rec,amp_inf,response
0.047935500667501935,0.08229655146919744,100,100,118,5,0.05,1.6873585426487336,14.909271880522523,12.738585365481477,0.10508643070337828
