initial_infected_perc,initial_immune_perc,length,height,population_size,contagion_distance,critical_limit,amp_susc,amp_rec,amp_inf,response
0.015119118694368572,0.032609388869928806,100,100,118,5,0.05,9.23857413882267,9.98622636994537,13.586633923005811,0.2224672813342541
