initial_infected_perc,initial_immune_perc,length,height,population_size,contagion_distance,critical_limit,amp_susc,amp_rec,amp_inf,response
0.05401106636596521,0.06587516851823359,100,100,118,5,0.05,1.887492740793113,11.202502656469475,4.799038558187174,0.10111041310281728
