initial_infected_perc,initial_immune_perc,length,height,population_size,contagion_distance,critical_limit,amp_susc,amp_rec,amp_inf,response
0.0262583441775496,0.09745942419327026,100,100,118,5,0.05,15.684122894677653,1.1834723117451462,10.794890140275335,0.15387884149331715
