initial_infected_perc,initial_immune_perc,length,height,population_size,contagion_distance,critical_limit,amp_susc,amp_rec,amp_inf,response
0.07735167884939376,0.036352185598403246,100,100,118,5,0.05,19.745978441170127,9.281028958854895,11.656711158734732,0.23846199527918238
