initial_infected_perc,initial_immune_perc,length,height,population_size,contagion_distance,critical_limit,amp_susc,amp_rec,amp_inf,response
0.09663073023757784,0.022087872610900318,100,100,118,5,0.05,19.18757288647032,7.451179531637928,14.349707205174294,0.1412195262333126
