initial_infected_perc,initial_immune_perc,length,height,population_size,contagion_distance,critical_limit,amp_susc,amp_rec,amp_inf,response
0.08862854669237075,0.07576528921106708,100,100,118,5,0.05,13.258127486811567,17.26982265341164,3.278228646417589,0.2212783225354966
