initial_infected_perc,initial_immune_perc,length,height,population_size,contagion_distance,critical_limit,amp_susc,amp_rec,amp_inf,response
0.06884020727195439,0.02552671731883869,100,100,118,5,0.05,0.4638022961413446,13.22350952614853,9.96223141279922,0.09830385284843952
