initial_infected_perc,initial_immune_perc,length,height,population_size,contagion_distance,critical_limit,amp_susc,amp_rec,amp_inf,response
0.008320299197581116,0.07043991408705336,100,100,118,5,0.05,5.7846970053550795,1.8853581526612695,1.089011181991193,0.05550409321790993
