initial_infected_perc,initial_immune_perc,length,height,population_size,contagion_distance,critical_limit,amp_susc,amp_rec,amp_inf,response
0.09634791373391452,0.02653501531561192,100,100,118,5,0.05,15.069983553852225,17.340078294862586,6.725132744968807,0.26694029609398867
