initial_infected_perc,initial_immune_perc,length,height,population_size,contagion_distance,critical_limit,amp_susc,amp_rec,amp_inf,response
0.027913529978910293,0.08570399268352002,100,100,118,5,0.05,11.719800042330078,16.808481048267943,10.299909448807172,0.16425277626009668
