initial_infected_perc,initial_immune_perc,length,height,population_size,contagion_distance,critical_limit,amp_susc,amp_rec,amp_inf,response
0.0007675442128899923,0.07470846521718487,100,100,118,5,0.05,6.976123636607225,10.528616038195377,5.771207954272057,0.06552023180390798
