initial_infected_perc,initial_immune_perc,length,height,population_size,contagion_distance,critical_limit,amp_susc,amp_rec,amp_inf,response
0.07214396127933449,0.024815372856987695,100,100,118,5,0.05,11.202655480214004,1.3535716952075316,5.453139575151571,0.2426756352373647
