initial_infected_perc,initial_immune_perc,length,height,population_size,contagion_distance,critical_limit,amp_susc,amp_rec,amp_inf,response
0.029866728230440634,0.05154850955459274,100,100,118,5,0.05,19.229966160726313,7.080018946819968,0.5026943550965646,0.21396009955276257
