initial_infected_perc,initial_immune_perc,length,height,population_size,contagion_distance,critical_limit,amp_susc,amp_rec,amp_inf,response
0.028968385073245662,0.07073791032557163,100,100,118,5,0.05,7.811204167458858,1.9974867663777052,10.932626494913272,0.03213036322907727
