initial_infected_perc,initial_immune_perc,length,height,population_size,contagion_distance,critical_limit,amp_susc,amp_rec,amp_inf,response
0.021034418509459443,0.03712019410584166,100,100,118,5,0.05,12.83656187966679,16.322720758357754,13.182387080009315,0.29880584883095646
