initial_infected_perc,initial_immune_perc,length,height,population_size,contagion_distance,critical_limit,amp_susc,amp_rec,amp_inf,response
0.07363141945175673,0.03215637173454599,100,100,118,5,0.05,4.1404117745120805,7.78935088998055,1.1215174252241367,0.13836110806487958
