initial_infected_perc,initial_immune_perc,length,height,population_size,contagion_distance,critical_limit,amp_susc,amp_rec,amp_inf,response
0.0572613640667371,0.006543380611548933,100,100,118,5,0.05,0.6618672720765528,10.413983586265246,19.425579234901583,0.288657057270618
