initial_infected_perc,initial_immune_perc,length,height,population_size,contagion_distance,critical_limit,amp_susc,amp_rec,amp_inf,response
0.04243271312421845,0.04078546702426962,100,100,118,5,0.05,7.4364351614712,18.00724545253147,17.949143007972342,0.07533475337769518
