initial_infected_perc,initial_immune_perc,length,height,population_size,contagion_distance,critical_limit,amp_susc,amp_rec,amp_inf,response
0.07854692540051296,0.043895224100933085,100,100,118,5,0.05,11.158940112983956,3.153090883547003,19.540391175518547,0.11623955282757732
