initial_infected_perc,initial_immune_perc,length,height,population_size,contagion_distance,critical_limit,amp_susc,amp_rec,amp_inf,response
0.0562412653324754,0.009246516339525246,100,100,118,5,0.05,18.882433902720507,10.233190578310985,18.00274687083657,0.2582191722361454
