initial_infected_perc,initial_immune_perc,length,height,population_size,contagion_distance,critical_limit,amp_susc,amp_rec,amp_inf,response
0.09196416068319982,0.04284446305192505,100,100,118,5,0.05,4.855598662832996,16.09004615600187,8.847826808400999,0.24292981286654153
