initial_infected_perc,initial_immune_perc,length,height,population_size,contagion_distance,critical_limit,amp_susc,amp_rec,amp_inf,response
0.011162316925297134,0.06764809164861162,100,100,118,5,0.05,5.864113050174944,9.765441536626579,8.465617313597505,0.2665825075268939
