initial_infected_perc,initial_immune_perc,length,height,population_size,contagion_distance,critical_limit,amp_susc,amp_rec,amp_inf,response
0.029609780779179518,0.044835009898803235,100,100,118,5,0.05,16.06048359147103,16.734124719778155,3.2280594707152166,0.2410749572256316
