initial_infected_perc,initial_immune_perc,length,height,population_size,contagion_distance,critical_limit,amp_susc,amp_rec,amp_inf,response
0.08370638667789616,0.02404301784817703,100,100,118,5,0.05,15.493472289737419,1.0018118670119813,6.728987026235069,0.08766191729309936
