initial_infected_perc,initial_immune_perc,length,height,population_size,contagion_distance,critical_limit,amp_susc,amp_rec,amp_inf,response
0.036400537720774694,0.08734992298289268,100,100,118,5,0.05,15.450635247138973,10.71653182474642,2.0860147231912496,0.029817536483634874
