initial_infected_perc,initial_immune_perc,length,height,population_size,contagion_distance,critical_limit,amp_susc,amp_rec,amp_inf,response
0.056717145155810035,0.0842976305194722,100,100,118,5,0.05,5.652648487190666,10.664124418902666,16.34692299880974,0.1601501248266835
