initial_infected_perc,initial_immune_perc,length,height,population_size,contagion_distance,critical_limit,amp_susc,amp_rec,amp_inf,response
0.06666197964677793,0.06753131187089224,100,100,118,5,0.05,19.047336513430892,8.656719685404058,15.20760561848606,0.29164822798324486
