initial_infected_perc,initial_immune_perc,length,height,population_size,contagion_distance,critical_limit,amp_susc,amp_rec,amp_inf,response
0.02406717261664314,0.08288284750407666,100,100,118,5,0.05,7.3086570680030505,11.982374508613937,5.338119907135783,0.14955183905719763
