initial_infected_perc,initial_immune_perc,length,height,population_size,contagion_distance,critical_limit,amp_susc,amp_rec,amp_inf,response
0.09252810422493901,0.0022412833623928876,100,100,118,5,0.05,5.308487112565108,19.12854904972553,5.612295958798443,0.09896529356179497
