initial_infected_perc,initial_immune_perc,length,height,population_size,contagion_distance,critical_limit,amp_susc,amp_rec,amp_inf,response
0.05900469988070395,0.08209757857329864,100,100,118,5,0.05,19.183376802859204,6.662537100150486,9.92858204111656,0.14609727569513087
