initial_infected_perc,initial_immune_perc,length,height,population_size,contagion_distance,critical_limit,amp_susc,amp_rec,amp_inf,response
0.06256265471805737,0.0854203115249011,100,100,118,5,0.05,14.799307100004768,18.34024314386264,15.458177966117834,0.2753515330134
