initial_infected_perc,initial_immune_perc,length,height,population_size,contagion_distance,critical_limit,amp_susc,amp_rec,amp_inf,response
0.07362138592090385,0.0032791630016624886,100,100,118,5,0.05,19.03570336128454,4.946291502302643,15.284838685903546,0.07901020460210514
