initial_infected_perc,initial_immune_perc,length,height,population_size,contagion_distance,critical_limit,amp_susc,amp_rec,amp_inf,response
0.09130513206573801,0.02521989554145875,100,100,118,5,0.05,13.023390218675983,12.033822975304314,17.57797829112961,0.06374818880315987
