initial_infected_perc,initial_immune_perc,length,height,population_size,contagion_distance,critical_limit,amp_susc,amp_rec,amp_inf,response
0.07901346177884805,0.09969953360435369,100,100,118,5,0.05,15.286670742266796,15.190315205780982,12.463982844196957,0.27562190906344775
