initial_infected_perc,initial_immune_perc,length,height,population_size,contagion_distance,critical_limit,amp_susc,amp_rec,amp_inf,response
0.07310921918593381,0.017713751264040824,100,100,118,5,0.05,15.530718931426431,15.558967878997256,5.500066997289363,0.16665021609527433
