initial_infected_perc,initial_immune_perc,length,height,population_size,contagion_distance,critical_limit,amp_susc,amp_rec,amp_inf,response
0.09013164081750662,0.06199324883892238,100,100,118,5,0.05,12.194917590163215,6.395445647699942,9.884897654797467,0.10054126991322063
