initial_infected_perc,initial_immune_perc,length,height,population_size,contagion_distance,critical_limit,amp_susc,amp_rec,amp_inf,response
0.051814259908640595,0.07339010461004979,100,100,118,5,0.05,13.882716507252233,15.461692335846637,0.8874822360832613,0.2844391082292961
