initial_infected_perc,initial_immune_perc,length,height,population_size,contagion_distance,critical_limit,amp_susc,amp_rec,amp_inf,response
0.06821641412463196,0.09195934259473781,100,100,118,5,0.05,18.01604091023926,14.654506816982632,14.670539770705307,0.2907264486356782
