initial_infected_perc,initial_immune_perc,length,height,population_size,contagion_distance,critical_limit,amp_susc,amp_rec,amp_inf,response
0.07305787688451328,0.0730760809891967,100,100,118,5,0.05,3.069435514168275,7.95868203292674,9.582503926991905,0.06496013870491313
