initial_infected_perc,initial_immune_perc,length,height,population_size,contagion_distance,critical_limit,amp_susc,amp_rec,amp_inf,response
0.06624629940021785,0.07556083750691477,100,100,118,5,0.05,10.127007247426247,7.5392197667170535,16.54967847673619,0.18414386754149187
