initial_infected_perc,initial_immune_perc,length,height,population_size,contagion_distance,critical_limit,amp_susc,amp_rec,amp_inf,response
0.06352800956715553,0.08887739870666705,100,100,118,5,0.05,4.532972227848749,18.932298114820732,6.454578467993112,0.1585630895304373
