initial_infected_perc,initial_immune_perc,length,height,population_size,contagion_distance,critical_limit,amp_susc,amp_rec,amp_inf,response
0.026898442474487163,0.04825248021105247,100,100,118,5,0.05,4.780994763300274,5.112954340865219,8.599484822618829,0.2904693312339694
