initial_infected_perc,initial_immune_perc,length,height,population_size,contagion_distance,critical_limit,amp_susc,amp_rec,amp_inf,response
0.013916264470885453,0.07415755031107435,100,100,118,5,0.05,2.521096882459186,9.91214062987855,19.064985640366533,0.04931773455242553
