initial_infected_perc,initial_immune_perc,length,height,population_size,contagion_distance,critical_limit,amp_susc,amp_rec,amp_inf,response
0.0026142004981246415,0.08419695770064349,100,100,118,5,0.05,13.629336961885077,7.020126527434785,5.52326657183587,0.10900733307070888
