initial_infected_perc,initial_immune_perc,length,height,population_size,contagion_distance,critical_limit,amp_susc,amp_rec,amp_inf,response
0.05025618314243198,0.06785718540948331,100,100,118,5,0.05,8.782340132293951,16.694110406209475,9.233784258367963,0.02803168928791546
