initial_infected_perc,initial_immune_perc,length,height,population_size,contagion_distance,critical_limit,amp_susc,amp_rec,amp_inf,response
0.03342361768194041,0.01402013302819789,100,100,118,5,0.05,13.988600999156432,12.999842075139663,7.687378886816978,0.053470226299247844
