initial_infected_perc,initial_immune_perc,length,height,population_size,contagion_distance,critical_limit,amp_susc,amp_rec,amp_inf,response
0.06648506017243765,0.05949093491165718,100,100,118,5,0.05,8.576716498644908,0.752771311947098,3.417669338948668,0.015027534901790684
