initial_infected_perc,initial_immune_perc,length,height,population_size,contagion_distance,critical_limit,amp_susc,amp_rec,amp_inf,response
0.05555058048945899,0.043911518737448085,100,100,118,5,0.05,3.596740951420474,5.7811699789777755,4.869468967796542,0.21739868959500472
