initial_infected_perc,initial_immune_perc,length,height,population_size,contagion_distance,critical_limit,amp_susc,amp_rec,amp_inf,response
0.09161449620214941,0.08273971858893017,100,100,118,5,0.05,14.926286754765265,18.249210736451076,16.36399011173763,0.28869785669280473
