initial_infected_perc,initial_immune_perc,length,height,population_size,contagion_distance,critical_limit,amp_susc,amp_rec,amp_inf,response
0.006554596672999536,0.08064275873683123,100,100,118,5,0.05,3.186057900777337,8.007984439005293,0.6542071623287216,0.2145800516625492
