initial_infected_perc,initial_immune_perc,length,height,population_size,contagion_distance,critical_limit,amp_susc,amp_rec,amp_inf,response
0.07049895761823642,0.036347309077693415,100,100,118,5,0.05,11.03387983928003,7.899877015264572,17.301896786015682,0.22078056554905837
