initial_infected_perc,initial_immune_perc,length,height,population_size,contagion_distance,critical_limit,amp_susc,amp_rec,amp_inf,response
0.05521083287248574,0.08230597063408542,100,100,118,5,0.05,15.93977584345521,17.220489982196238,8.55702228364946,0.12785735735050255
