initial_infected_perc,initial_immune_perc,length,height,population_size,contagion_distance,critical_limit,amp_susc,amp_rec,amp_inf,response
0.022835686839442527,0.06764450385449484,100,100,118,5,0.05,6.507299809694667,15.351625148583869,3.362699607197579,0.2334073804714303
