initial_infected_perc,initial_immune_perc,length,height,population_size,contagion_distance,critical_limit,amp_susc,amp_rec,amp_inf,response
0.06518725754839579,0.052445861122637785,100,100,118,5,0.05,18.730471680299413,15.253711986768941,3.158228329605517,0.14100073506356714
