initial_infected_perc,initial_immune_perc,length,height,population_size,contagion_distance,critical_limit,amp_susc,amp_rec,amp_inf,response
0.06315595838197119,0.01004287094647549,100,100,118,5,0.05,14.493713018710881,6.478524365682102,7.318838656898006,0.09507981928528889
