initial_infected_perc,initial_immune_perc,length,height,population_size,contagion_distance,critical_limit,amp_susc,amp_rec,amp_inf,response
0.07201998039589776,0.04055222437651734,100,100,118,5,0.05,14.555954635217585,5.884445888278003,4.818967115583295,0.21451325594568058
