initial_infected_perc,initial_immune_perc,length,height,population_size,contagion_distance,critical_limit,amp_susc,amp_rec,amp_inf,response
0.04654474370841791,0.01550068076935146,100,100,118,5,0.05,16.84341475366419,5.470815151577448,11.246809894028447,0.1834937451668799
