initial_infected_perc,initial_immune_perc,length,height,population_size,contagion_distance,critical_limit,amp_susc,amp_rec,amp_inf,response
0.044938397916105266,0.05117566788923303,100,100,118,5,0.05,12.554341546522341,7.291931117758268,6.861831419110638,0.11986824000244259
