initial_infected_perc,initial_immune_perc,length,height,population_size,contagion_distance,critical_limit,amp_susc,amp_rec,amp_inf,response
0.007323180700640298,0.00766967779754938,100,100,118,5,0.05,2.4422224513823565,11.230550856858994,8.936230630984925,0.21760959636641702
