initial_infected_perc,initial_immune_perc,length,height,population_size,contagion_distance,critical_limit,amp_susc,amp_rec,amp_inf,response
0.07140378278074058,0.026375337877578776,100,100,118,5,0.05,12.571696822351605,4.160192007740493,2.1006267372195175,0.22776646511479387
