initial_infected_perc,initial_immune_perc,length,height,population_size,contagion_distance,critical_limit,amp_susc,amp_rec,amp_inf,response
0.015852526048895987,0.06621719228196114,100,100,118,5,0.05,3.124753889551235,18.251368608942013,1.5613415440540535,0.06334059400854193
