initial_infected_perc,initial_immune_perc,length,height,population_size,contagion_distance,critical_limit,amp_susc,amp_rec,amp_inf,response
0.09462412883016844,0.03980626439579948,100,100,118,5,0.05,3.402758369963841,19.886391722351824,4.452115504216694,0.1823758916898029
