initial_infected_perc,initial_immune_perc,length,height,population_size,contagion_distance,critical_limit,amp_susc,amp_rec,amp_inf,response
0.06063780234374756,0.08107401747316072,100,100,118,5,0.05,18.60880736191983,4.482727333551068,10.14956563620008,0.05886293681463699
