initial_infected_perc,initial_immune_perc,length,height,population_size,contagion_distance,critical_limit,amp_susc,amp_rec,amp_inf,response
0.04100354543136212,0.09772390004871999,100,100,118,5,0.05,18.366911847834025,14.467190826297847,10.816987280574315,0.05541257937269539
