initial_infected_perc,initial_immune_perc,length,height,population_size,contagion_distance,critical_limit,amp_susc,amp_rec,amp_inf,response
0.08215777699360202,0.015675316786286263,100,100,118,5,0.05,13.502221394102412,10.974302652660903,1.782667186926985,0.17893018469018387
