initial_infected_perc,initial_immune_perc,length,height,population_size,contagion_distance,critical_limit,amp_susc,amp_rec,amp_inf,response
0.027162214490398042,0.09687733897349136,100,100,118,5,0.05,10.00134549529693,19.192555835797343,9.975359635599387,0.2746433050962556
