initial_infected_perc,initial_immune_perc,length,height,population_size,contagion_distance,critical_limit,amp_susc,amp_rec,amp_inf,response
0.019455554906215557,0.09946403965657977,100,100,118,5,0.05,6.24475243564383,16.7737341571531,5.597401998430788,0.20166864981418342
