initial_infected_perc,initial_immune_perc,length,height,population_size,contagion_distance,critical_limit,amp_susc,amp_rec,amp_inf,response
0.04956769003091782,0.09363435947324039,100,100,118,5,0.05,1.9406546487034593,6.443410803968641,4.128092740675118,0.21613247343366015
