initial_infected_perc,initial_immune_perc,length,height,population_size,contagion_distance,critical_limit,amp_susc,amp_rec,amp_inf,response
0.09666683235005612,0.03139375860659188,100,100,118,5,0.05,7.883156145764836,3.903611732526777,11.333744692563188,0.13976503003056456
