initial_infected_perc,initial_immune_perc,length,height,population_size,contagion_distance,critical_limit,amp_susc,amp_rec,amp_inf,response
0.09325115218356551,0.06174412560915482,100,100,118,5,0.05,3.990151601406544,7.18891583829059,4.651057378434411,0.2866461735190785
