initial_infected_perc,initial_immune_perc,length,height,population_size,contagion_distance,critical_limit,amp_susc,amp_rec,amp_inf,response
0.08984509977143314,0.05681455113414849,100,100,118,5,0.05,16.584369275329472,15.40287563410915,2.0144180638172227,0.2158929469925184
