initial_infected_perc,initial_immune_perc,length,height,population_size,contagion_distance,critical_limit,amp_susc,amp_rec,amp_inf,response
0.03244496788319499,0.003151711662380641,100,100,118,5,0.05,3.7747376517176923,14.833807660286368,7.965928682860461,0.13814168333285134
