initial_infected_perc,initial_immune_perc,length,height,population_size,contagion_distance,critical_limit,amp_susc,amp_rec,amp_inf,response
0.0820354383867387,0.04572833084547361,100,100,118,5,0.05,11.408416305535539,0.5894051252241561,5.206820835473696,0.008014653840854502
