initial_infected_perc,initial_immune_perc,length,height,population_size,contagion_distance,critical_limit,amp_susc,amp_rec,amp_inf,response
0.0622314884290245,0.09531981869266073,100,100,118,5,0.05,1.724709976690395,18.13492525075343,4.260963825088067,0.037234153934239275
