initial_infected_perc,initial_immune_perc,length,height,population_size,contagion_distance,critical_limit,amp_susc,amp_rec,amp_inf,response
0.021257134007806745,0.004234705904491365,100,100,118,5,0.05,8.09694427204775,5.511237821348292,7.24027763922617,0.28304411799170187
