initial_infected_perc,initial_immune_perc,length,height,population_size,contagion_distance,critical_limit,amp_susc,amp_rec,amp_inf,response
0.0978604496394414,0.011037005520944122,100,100,118,5,0.05,13.847889693400619,15.497116927638572,3.7328475318106125,0.23437249641666158
