initial_infected_perc,initial_immune_perc,length,height,population_size,contagion_distance,critical_limit,amp_susc,amp_rec,amp_inf,response
0.025477051830800002,0.06011193107221588,100,100,118,5,0.05,9.777849151669624,7.734388425906977,0.5477316225617535,0.14290757453096692
