initial_infected_perc,initial_immune_perc,length,height,population_size,contagion_distance,critical_limit,amp_susc,amp_rec,amp_inf,response
0.027755297021728343,0.06481880147237991,100,100,118,5,0.05,17.538781778708426,4.112690922337494,9.475377405455374,0.17411515672935482
