initial_infected_perc,initial_immune_perc,length,height,population_size,contagion_distance,critical_limit,amp_susc,amp_rec,amp_inf,response
0.08365335181911908,0.028731312457407333,100,100,118,5,0.05,8.899609709762597,19.14237158980151,9.424717805130543,0.04379771270955622
