initial_infected_perc,initial_immune_perc,length,height,population_size,contagion_distance,critical_limit,amp_susc,amp_rec,amp_inf,response
0.09486235563618989,0.02655176447384551,100,100,118,5,0.05,15.083601926076112,9.054841269871662,7.95582049601645,0.23977433078217264
