initial_infected_perc,initial_immune_perc,length,height,population_size,contagion_distance,critical_limit,amp_susc,amp_rec,amp_inf,response
0.08514464279508394,0.09201099780062634,100,100,118,5,0.05,14.131371059130267,0.29996916218437253,7.065643584799179,0.26130604698230375
