initial_infected_perc,initial_immune_perc,length,height,population_size,contagion_distance,critical_limit,amp_susc,amp_rec,amp_inf,response
0.014356442891990085,0.06443513060635128,100,100,118,5,0.05,13.722104192058538,8.900896329881023,16.355988530995596,0.2870015910119022
