initial_infected_perc,initial_immune_perc,length,height,population_size,contagion_distance,critical_limit,amp_susc,amp_rec,amp_inf,response
0.050901828532283755,0.008340859266588242,100,100,118,5,0.05,2.8542478927182446,17.01528804358883,6.455345255074347,0.0039037960311957497
