initial_infected_perc,initial_immune_perc,length,height,population_size,contagion_distance,critical_limit,amp_susc,amp_rec,amp_inf,response
0.054453231076880215,0.0640005333791982,100,100,118,5,0.05,5.753457657909378,15.92629628771731,19.28900847654614,0.17217091060439876
