initial_infected_perc,initial_immune_perc,length,height,population_size,contagion_distance,critical_limit,amp_susc,amp_rec,amp_inf,response
0.02183484757022939,0.07180213188089311,100,100,118,5,0.05,6.066037439114467,15.937781200007336,10.208955594515235,0.020181688010364796
