initial_infected_perc,initial_immune_perc,length,height,population_size,contagion_distance,critical_limit,amp_susc,amp_rec,amp_inf,response
0.03560136840630527,0.005457094308481747,100,100,118,5,0.05,16.28247792908682,12.296245108578747,1.8267176576419897,0.08908186574640338
