initial_infected_perc,initial_immune_perc,length,height,population_size,contagion_distance,critical_limit,amp_susc,amp_rec,amp_inf,response
0.03384950881581413,0.014301129717862427,100,100,118,5,0.05,6.547280237599519,16.078108641502727,5.966427473121554,0.12576316952070182
