initial_infected_perc,initial_immune_perc,length,height,population_size,contagion_distance,critical_limit,amp_susc,amp_rec,amp_inf,response
0.013312284452950641,0.07562474329231944,100,100,118,5,0.05,5.172306772839117,16.97102846672012,7.372048614396325,0.15762767455531632
