initial_infected_perc,initial_immune_perc,length,height,population_size,contagion_distance,critical_limit,amp_susc,amp_rec,amp_inf,response
0.033122150955249355,0.07551375388685155,100,100,118,5,0.05,4.46674930517174,12.991940524986168,1.9451050411373805,0.15177187955973168
