initial_infected_perc,initial_immune_perc,length,height,population_size,contagion_distance,critical_limit,amp_susc,amp_rec,amp_inf,response
0.023492331099905464,0.07165733050413829,100,100,118,5,0.05,1.3718195334840066,13.54567273983304,0.1046545124207654,0.0747716841046837
