initial_infected_perc,initial_immune_perc,length,height,population_size,contagion_distance,critical_limit,amp_susc,amp_rec,amp_inf,response
0.07878638947026143,0.01868917177598962,100,100,118,5,0.05,8.875355022059786,8.519224936124239,11.213224945997863,0.19897522694512593
