initial_infected_perc,initial_immune_perc,length,height,population_size,contagion_distance,critical_limit,amp_susc,amp_rec,amp_inf,response
0.04117466477953083,0.05174003674747584,100,100,118,5,0.05,7.683703204087616,3.479662475173857,3.3196486489571764,0.15530180762166276
