initial_infected_perc,initial_immune_perc,length,height,population_size,contagion_distance,critical_limit,amp_susc,amp_rec,amp_inf,response
0.08402007072002227,0.09445800824089978,100,100,118,5,0.05,0.8890775185016309,4.083613068936607,11.81860416265939,0.1274812545647432
