initial_infected_perc,initial_immune_perc,length,height,population_size,contagion_distance,critical_limit,amp_susc,amp_rec,amp_inf,response
0.006212228004419462,0.0788737793629966,100,100,118,5,0.05,15.7792853158756,14.551463558301512,13.46963392367802,0.2934221682916009
