initial_infected_perc,initial_immune_perc,length,height,population_size,contagion_distance,critical_limit,amp_susc,amp_rec,amp_inf,response
0.07883424782790115,0.01479891224992065,100,100,118,5,0.05,3.8805745349377263,17.42099332692651,17.709563450276814,0.2010569594293907
