initial_infected_perc,initial_immune_perc,length,height,population_size,contagion_distance,critical_limit,amp_susc,amp_rec,amp_inf,response
0.02966643944864892,0.023856039648787897,100,100,118,5,0.05,15.798059882280572,15.20960487672327,10.701632551585316,0.2492558145559723
