initial_infected_perc,initial_immune_perc,length,height,population_size,contagion_distance,critical_limit,amp_susc,amp_rec,amp_inf,response
0.05171487002352559,0.0018276827316591527,100,100,118,5,0.05,19.527273201180414,3.6496004502957957,4.364791728563429,0.29647084237925114
