initial_infected_perc,initial_immune_perc,length,height,population_size,contagion_distance,critical_limit,amp_susc,amp_rec,amp_inf,response
0.05080913867377668,0.07848345614793899,100,100,118,5,0.05,8.639617347217804,10.035631866357441,14.072121674664436,0.24134871089746007
