initial_infected_perc,initial_immune_perc,length,height,population_size,contagion_distance,critical_limit,amp_susc,amp_rec,amp_inf,response
0.034240459712055825,0.05292060315305498,100,100,118,5,0.05,12.684539513252155,11.646925445344351,16.919046241814826,0.005265666195405893
