initial_infected_perc,initial_immune_perc,length,height,population_size,contagion_distance,critical_limit,amp_susc,amp_rec,amp_inf,response
0.024818957915522466,0.0571425865167871,100,100,118,5,0.05,16.035442120129645,1.2670345883607337,18.915547991030344,0.1753650142888796
