initial_infected_perc,initial_immune_perc,length,height,population_size,contagion_distance,critical_limit,amp_susc,amp_rec,amp_inf,response
0.041683899770443046,0.044369848047030314,100,100,118,5,0.05,1.0303523739186193,14.650064423874422,3.3869237008732256,0.18710515896372978
