initial_infected_perc,initial_immune_perc,length,height,population_size,contagion_distance,critical_limit,amp_susc,amp_rec,amp_inf,response
0.08044664126843337,0.09649732558397664,100,100,118,5,0.05,10.63502803418907,10.042763474219143,18.11827435478306,0.1629612517142435
