initial_infected_perc,initial_immune_perc,length,height,population_size,contagion_distance,critical_limit,amp_susc,amp_rec,amp_inf,response
0.08526767836697051,0.04827771619585352,100,100,118,5,0.05,2.000749328738829,17.678899484877718,5.986258793244916,0.2320712771240396
