initial_infected_perc,initial_immune_perc,length,height,population_size,contagion_distance,critical_limit,amp_susc,amp_rec,amp_inf,response
0.07529649016755344,0.06504929378300536,100,100,118,5,0.05,13.063419625868464,17.323477853486633,7.067846962310471,0.14641008802808758
