initial_infected_perc,initial_immune_perc,length,height,population_size,contagion_distance,critical_limit,amp_susc,amp_rec,amp_inf,response
0.04228448221155711,0.08918923304330914,100,100,118,5,0.05,3.790488557333851,2.6457505227407907,1.7346795802846882,0.06399555868919472
