initial_infected_perc,initial_immune_perc,length,height,population_size,contagion_distance,critical_limit,amp_susc,amp_rec,amp_inf,response
0.0801260242506589,0.09635810939151057,100,100,118,5,0.05,13.865598475785237,1.0514965871386717,4.968247060856514,0.13046118206909482
