initial_infected_perc,initial_immune_perc,length,height,population_size,contagion_distance,critical_limit,amp_susc,amp_rec,amp_inf,response
0.054235737807425216,0.09726018435367369,100,100,118,5,0.05,5.723738289205304,13.606218514380934,6.2870739595402885,0.29254747915264995
