initial_infected_perc,initial_immune_perc,length,height,population_size,contagion_distance,critical_limit,amp_susc,amp_rec,amp_inf,response
0.016686108581030933,0.06957611226174326,100,100,118,5,0.05,14.690961549289563,15.124696682055056,13.494326297525493,0.17831001082474437
