initial_infected_perc,initial_immune_perc,length,height,population_size,contagion_distance,critical_limit,amp_susc,amp_rec,amp_inf,response
0.07800147918173578,0.06787024307148763,100,100,118,5,0.05,7.018763122424194,19.534677695520088,16.90362569828649,0.006049858223163296
