initial_infected_perc,initial_immune_perc,length,height,population_size,contagion_distance,critical_limit,amp_susc,amp_rec,amp_inf,response
0.08194033749795522,0.00642073898800124,100,100,118,5,0.05,11.052380151986307,6.277372563906384,0.7814349012861266,0.2933244347676947
