initial_infected_perc,initial_immune_perc,length,height,population_size,contagion_distance,critical_limit,amp_susc,amp_rec,amp_inf,response
0.04928966295502973,0.04442754175065481,100,100,118,5,0.05,14.67187940661496,3.380989955229703,1.2338038779742977,0.06283821123126916
