initial_infected_perc,initial_immune_perc,length,height,population_size,contagion_distance,critical_limit,amp_susc,amp_rec,amp_inf,response
0.03494409037952494,0.08292883410194166,100,100,118,5,0.05,6.179581373555476,1.2314745075496214,14.777933496551887,0.04362938803661256
