initial_infected_perc,initial_immune_perc,length,height,population_size,contagion_distance,critical_limit,amp_susc,amp_rec,amp_inf,response
0.03091660849029182,0.09285225141361465,100,100,118,5,0.05,4.317657224531642,4.058682428834333,4.16585756872956,0.2799418881992378
