initial_infected_perc,initial_immune_perc,length,height,population_size,contagion_distance,critical_limit,amp_susc,amp_rec,amp_inf,response
0.052757383662137836,0.08833477432972973,100,100,118,5,0.05,2.0714366966154896,6.132540887372935,3.0299200041984475,0.20368335642126226
