initial_infected_perc,initial_immune_perc,length,height,population_size,contagion_distance,critical_limit,amp_susc,amp_rec,amp_inf,response
0.007846558779535762,0.07128960597714003,100,100,118,5,0.05,1.8291472112088147,18.616336114662847,19.074483621067483,0.18412004037032545
