initial_infected_perc,initial_immune_perc,length,height,population_size,contagion_distance,critical_limit,amp_susc,amp_rec,amp_inf,response
0.03949847819628029,0.06589019704385295,100,100,118,5,0.05,14.729781027385915,5.46163488432857,18.92480913425247,0.18650024635470677
