initial_infected_perc,initial_immune_perc,length,height,population_size,contagion_distance,critical_limit,amp_susc,amp_rec,amp_inf,response
0.07624327656999057,0.07766789411869161,100,100,118,5,0.05,6.886834783206613,15.224239852135854,8.292315640752783,0.18375124077169663
