initial_infected_perc,initial_immune_perc,length,height,population_size,contagion_distance,critical_limit,amp_susc,amp_rec,amp_inf,response
0.05769397662249507,0.0534462176466102,100,100,118,5,0.05,16.990709185621846,2.4738141618414944,7.151273018657056,0.24079375417632323
