initial_infected_perc,initial_immune_perc,length,height,population_size,contagion_distance,critical_limit,amp_susc,amp_rec,amp_inf,response
0.09314493682139824,0.0031547466325824395,100,100,118,5,0.05,16.200298014933743,13.152449600649598,10.13059456568003,0.2520602230264198
