initial_infected_perc,initial_immune_perc,length,height,population_size,contagion_distance,critical_limit,amp_susc,amp_rec,amp_inf,response
0.013367469999143622,0.07142460651617848,100,100,118,5,0.05,8.082477489363669,3.7561976674867648,4.712564659396938,0.04687900517678882
