initial_infected_perc,initial_immune_perc,length,height,population_size,contagion_distance,critical_limit,amp_susc,amp_rec,amp_inf,response
0.07726424625910829,0.021393206363195718,100,100,118,5,0.05,8.919943632951611,13.29035544656901,14.231869828239628,0.0694435413654087
