initial_infected_perc,initial_immune_perc,length,height,population_size,contagion_distance,critical_limit,amp_susc,amp_rec,amp_inf,response
0.030502596964008845,0.039527534154916194,100,100,118,5,0.05,3.3855856101107284,1.7161035148919446,19.38066859326836,0.07425014689500564
