initial_infected_perc,initial_immune_perc,length,height,population_size,contagion_distance,critical_limit,amp_susc,amp_rec,amp_inf,response
0.06365891590885435,0.05990929158285692,100,100,118,5,0.05,11.70762043391137,18.56470536148659,2.607678616994984,0.06429357929659613
