initial_infected_perc,initial_immune_perc,length,height,population_size,contagion_distance,critical_limit,amp_susc,amp_rec,amp_inf,response
0.06199335220717183,0.0976078229259491,100,100,118,5,0.05,4.7178996026695135,16.291768181906924,14.082212268098711,0.2798948658918761
