initial_infected_perc,initial_immune_perc,length,height,population_size,contagion_distance,critical_limit,amp_susc,amp_rec,amp_inf,response
0.09736244076625813,0.014433783853528715,100,100,118,5,0.05,17.01486964919498,1.5363763465551727,8.742839063500158,0.28807810449166743
