initial_infected_perc,initial_immune_perc,length,height,population_size,contagion_distance,critical_limit,amp_susc,amp_rec,amp_inf,response
0.017263599139373365,0.07365356388609577,100,100,118,5,0.05,4.715349292167097,10.684112737404039,14.274028872404239,0.20029108289904815
