initial_infected_perc,initial_immune_perc,length,height,population_size,contagion_distance,critical_limit,amp_susc,amp_rec,amp_inf,response
0.0189528354470516,0.015027508559169046,100,100,118,5,0.05,14.445309629798555,9.30285272580916,0.24217364263314112,0.12518218551435714
