initial_infected_perc,initial_immune_perc,length,height,population_size,contagion_distance,critical_limit,amp_susc,amp_rec,amp_inf,response
0.018185332996319283,0.03079709318279147,100,100,118,5,0.05,9.728281968496217,18.378929201775232,19.41791687140224,0.13837459169974473
