initial_infected_perc,initial_immune_perc,length,height,population_size,contagion_distance,critical_limit,amp_susc,amp_rec,amp_inf,response
0.06409939738945418,0.0011257283783163042,100,100,118,5,0.05,2.6722427368292,12.414391204949425,8.073853005132536,0.054102450782544505
