initial_infected_perc,initial_immune_perc,length,height,population_size,contagion_distance,critical_limit,amp_susc,amp_rec,amp_inf,response
0.019289131302112586,0.00524430320433511,100,100,118,5,0.05,7.165738819903085,16.762753382294154,7.865139084099875,0.227136313482574
