initial_infected_perc,initial_immune_perc,length,height,population_size,contagion_distance,critical_limit,amp_susc,amp_rec,amp_inf,response
0.08024417558587099,0.06412340930929296,100,100,118,5,0.05,18.314919607099537,4.654928313630958,15.403365096010027,0.06384920516506709
