initial_infected_perc,initial_immune_perc,length,height,population_size,contagion_distance,critical_limit,amp_susc,amp_rec,amp_inf,response
0.0451542250267729,0.039993045832335254,100,100,118,5,0.05,4.737697789415241,2.395078667097732,8.507893510756714,0.07925765674321572
