initial_infected_perc,initial_immune_perc,length,height,population_size,contagion_distance,critical_limit,amp_susc,amp_rec,amp_inf,response
0.016033240144112015,0.09893469875144983,100,100,118,5,0.05,8.307928640438613,1.0724086057213067,14.897932286309903,0.10152129742709987
