initial_infected_perc,initial_immune_perc,length,height,population_size,contagion_distance,critical_limit,amp_susc,amp_rec,amp_inf,response
0.09672368987932221,0.01829464355757171,100,100,118,5,0.05,8.929705828410366,6.408971777896484,13.61291520300574,0.251201614156665
