initial_infected_perc,initial_immune_perc,length,height,population_size,contagion_distance,critical_limit,amp_susc,amp_rec,amp_inf,response
0.05954083585272766,0.07957580483561627,100,100,118,5,0.05,9.875826417472382,19.109113171156984,16.063970712258705,0.1088376873851629
