initial_infected_perc,initial_immune_perc,length,height,population_size,contagion_distance,critical_limit,amp_susc,amp_rec,amp_inf,response
0.07016422735182062,0.0035000423047236717,100,100,118,5,0.05,14.703583393504935,9.085491242508315,6.560065118225975,0.26111415619475775
