initial_infected_perc,initial_immune_perc,length,height,population_size,contagion_distance,critical_limit,amp_susc,amp_rec,amp_inf,response
0.06601677655587843,0.06867701462846547,100,100,118,5,0.05,15.22485810581544,9.898573670627362,2.37707545006024,0.18097364007935504
