initial_infected_perc,initial_immune_perc,length,height,population_size,contagion_distance,critical_limit,amp_susc,amp_rec,amp_inf,response
0.043520917047237886,0.08838139065785504,100,100,118,5,0.05,10.709108476991506,2.845713786876549,15.68839755680494,0.05176130999459406
