initial_infected_perc,initial_immune_perc,length,height,population_size,contagion_distance,critical_limit,amp_susc,amp_rec,amp_inf,response
0.06279734594923063,0.05008720006765413,100,100,118,5,0.05,19.351072143943863,7.20761508966834,12.926527342729653,0.002171792118492666
