initial_infected_perc,initial_immune_perc,length,height,population_size,contagion_distance,critical_limit,amp_susc,amp_rec,amp_inf,response
0.035101894658892255,0.04758246788526517,100,100,118,5,0.05,13.877421956148577,13.852290196911575,3.000439300654356,0.1903017306773886
