initial_infected_perc,initial_immune_perc,length,height,population_size,contagion_distance,critical_limit,amp_susc,amp_rec,amp_inf,response
0.034312232617730386,0.07599928347318995,100,100,118,5,0.05,5.553900000531655,13.894160925140648,17.280258361434143,0.21940154951305285
