initial_infected_perc,initial_immune_perc,length,height,population_size,contagion_distance,critical_limit,amp_susc,amp_rec,amp_inf,response
0.09349441961524935,0.09407684768703732,100,100,118,5,0.05,16.01327014463585,4.546289179757177,12.488442623142541,0.2575740266010643
