initial_infected_perc,initial_immune_perc,length,height,population_size,contagion_distance,critical_limit,amp_susc,amp_rec,amp_inf,response
0.056822885176002515,0.05974508838680707,100,100,118,5,0.05,7.45682885823884,7.081199776872404,11.9315103039214,0.13089108347618444
