initial_infected_perc,initial_immune_perc,length,height,population_size,contagion_distance,critical_limit,amp_susc,amp_rec,amp_inf,response
0.09054107070105444,0.08870416706772644,100,100,118,5,0.05,0.2407411451491348,0.5588171616947823,15.30499002673736,0.2327142299945026
