initial_infected_perc,initial_immune_perc,length,height,population_size,contagion_distance,critical_limit,amp_susc,amp_rec,amp_inf,response
0.024182555716659115,0.02045879697880916,100,100,118,5,0.05,8.046437797453112,0.3189620673345672,17.52351993424381,0.14520429673741217
