initial_infected_perc,initial_immune_perc,length,height,population_size,contagion_distance,critical_limit,amp_susc,amp_rec,amp_inf,response
0.06833534570179475,0.035833045264199746,100,100,118,5,0.05,7.7500361346182896,3.246612919794949,5.909112885733863,0.0652699493988589
