initial_infected_perc,initial_immune_perc,length,height,population_size,contagion_distance,critical_limit,amp_susc,amp_rec,amp_inf,response
0.041041788499968083,0.012344111990713835,100,100,118,5,0.05,15.340947518996899,3.8549091139834712,4.250199650320918,0.015924697629931494
