initial_infected_perc,initial_immune_perc,length,height,population_size,contagion_distance,critical_limit,amp_susc,amp_rec,amp_inf,response
0.056202717525372294,0.04986330097314643,100,100,118,5,0.05,17.549818854896493,10.1092705521916,14.756593379324258,0.26828887886189334
