initial_infected_perc,initial_immune_perc,length,height,population_size,contagion_distance,critical_limit,amp_susc,amp_rec,amp_inf,response
0.022942924569364354,0.09186620209614167,100,100,118,5,0.05,18.769275078885038,19.88235433096225,6.645458775112438,0.07601074605733094
