initial_infected_perc,initial_immune_perc,length,height,population_size,contagion_distance,critical_limit,amp_susc,amp_rec,amp_inf,response
0.050467334586617146,0.004601658632516392,100,100,118,5,0.05,16.11460377917702,3.1122450330468765,14.290326947419352,0.06669735511798504
