initial_infected_perc,initial_immune_perc,length,height,population_size,contagion_distance,critical_limit,amp_susc,amp_rec,amp_inf,response
0.09907017062963039,0.044114438826255764,100,100,118,5,0.05,5.11641908876455,3.953587211454097,5.88301006441478,0.005288563547987246
