initial_infected_perc,initial_immune_perc,length,height,population_size,contagion_distance,critical_limit,amp_susc,amp_rec,amp_inf,response
0.09436168649845848,0.03705622500124594,100,100,118,5,0.05,17.530356440008784,6.617955464973688,0.5568616609804256,0.04782624947039871
