initial_infected_perc,initial_immune_perc,length,height,population_size,contagion_distance,critical_limit,amp_susc,amp_rec,amp_inf,response
0.0027487505245412883,0.015224614660712545,100,100,118,5,0.05,3.202867712064845,2.538806033675707,13.086929128809084,0.12187276508037806
