initial_infected_perc,initial_immune_perc,length,height,population_size,contagion_distance,critical_limit,amp_susc,amp_rec,amp_inf,response
0.03334305104587935,0.09294451810614524,100,100,118,5,0.05,6.49536501205959,4.797044828393535,13.926456700229961,0.1278454681913483
