initial_infected_perc,initial_immune_perc,length,height,population_size,contagion_distance,critical_limit,amp_susc,amp_rec,amp_inf,response
0.04716046944866146,0.0019136268816199898,100,100,118,5,0.05,16.825310303829497,6.711124559248772,14.938559418397146,0.269114437171691
