initial_infected_perc,initial_immune_perc,length,height,population_size,contagion_distance,critical_limit,amp_susc,amp_rec,amp_inf,response
0.04487743700914169,0.04293669958377377,100,100,118,5,0.05,10.32301191400345,7.7360541393751125,16.98420247543386,0.13032358415071688
