initial_infected_perc,initial_immune_perc,length,height,population_size,contagion_distance,critical_limit,amp_susc,amp_rec,amp_inf,response
0.02983944942968111,0.07175872262251241,100,100,118,5,0.05,8.73278278754144,9.468903486188365,1.3370425540044506,0.12640457152010254
