initial_infected_perc,initial_immune_perc,length,height,population_size,contagion_distance,critical_limit,amp_susc,amp_rec,amp_inf,response
0.06631298323735739,0.09071163598364461,100,100,118,5,0.05,6.025786200901962,9.176644523264363,6.232708606002586,0.21764690509917686
