initial_infected_perc,initial_immune_perc,length,height,population_size,contagion_distance,critical_limit,amp_susc,amp_rec,amp_inf,response
0.05616504325773545,0.0969721037717028,100,100,118,5,0.05,4.438161968189536,3.5955138900988515,5.283197554643806,0.2596864839396014
