initial_infected_perc,initial_immune_perc,length,height,population_size,contagion_distance,critical_limit,amp_susc,amp_rec,amp_inf,response
0.09131683497596813,0.007556201598460666,100,100,118,5,0.05,16.81631587145351,10.618866657424665,5.18109260895258,0.22341682595931336
