initial_infected_perc,initial_immune_perc,length,height,population_size,contagion_distance,critical_limit,amp_susc,amp_rec,amp_inf,response
0.0353195574690245,0.07277603153866445,100,100,118,5,0.05,16.101640977314403,4.42208867259493,7.834828374643761,0.07335250812724821
