initial_infected_perc,initial_immune_perc,length,height,population_size,contagion_distance,critical_limit,amp_susc,amp_rec,amp_inf,response
0.01410361919005544,0.035536012062477106,100,100,118,5,0.05,0.9037786427912975,17.213483157801114,16.316415683408792,0.042314741941354816
