initial_infected_perc,initial_immune_perc,length,height,population_size,contagion_distance,critical_limit,amp_susc,amp_rec,amp_inf,response
0.08083524044450185,0.08559050156453044,100,100,118,5,0.05,12.456923839231969,18.562637304430044,9.3598051997581,0.16564719950588488
