initial_infected_perc,initial_immune_perc,length,height,population_size,contagion_distance,critical_limit,amp_susc,amp_rec,amp_inf,response
0.015051483338501337,0.05624133619834655,100,100,118,5,0.05,8.999702393222226,15.259587255361456,10.63870995258263,0.11910730734770514
