initial_infected_perc,initial_immune_perc,length,height,population_size,contagion_distance,critical_limit,amp_susc,amp_rec,amp_inf,response
0.055144700409316794,0.039112467656809535,100,100,118,5,0.05,6.7988949382015385,6.465443459810922,7.194685139263523,0.26846370315843765
