initial_infected_perc,initial_immune_perc,length,height,population_size,contagion_distance,critical_limit,amp_susc,amp_rec,amp_inf,response
0.09586631724555253,0.09018820045005056,100,100,118,5,0.05,17.95197694320838,5.892348228987467,15.462024213276763,0.07086354382007967
