initial_infected_perc,initial_immune_perc,length,height,population_size,contagion_distance,critical_limit,amp_susc,amp_rec,amp_inf,response
0.05316646275440676,0.010227201457579584,100,100,118,5,0.05,17.718441306944964,12.39661734215355,7.80292400926162,0.06339263213857607
