initial_infected_perc,initial_immune_perc,length,height,population_size,contagion_distance,critical_limit,amp_susc,amp_rec,amp_inf,response
0.03923023557780109,0.02579617938709221,100,100,118,5,0.05,6.771547027984484,8.010655940869096,0.03881632676278057,0.048156043765152534
