initial_infected_perc,initial_immune_perc,length,height,population_size,contagion_distance,critical_limit,amp_susc,amp_rec,amp_inf,response
0.05959441921317256,0.058110904500877074,100,100,118,5,0.05,11.709140309229195,5.517276511265086,8.74593365726122,0.10915180037954644
