initial_infected_perc,initial_immune_perc,length,height,population_size,contagion_distance,critical_limit,amp_susc,amp_rec,amp_inf,response
0.04114153622539928,0.02099482908201249,100,100,118,5,0.05,1.2049196057742062,3.939160322707702,16.348797127599312,0.08808675461552017
