initial_infected_perc,initial_immune_perc,length,height,population_size,contagion_distance,critical_limit,amp_susc,amp_rec,amp_inf,response
0.05708783729138681,0.0505732236635028,100,100,118,5,0.05,18.28645356372768,6.718724551772814,5.792370688473691,0.19184189985141795
