initial_infected_perc,initial_immune_perc,length,height,population_size,contagion_distance,critical_limit,amp_susc,amp_rec,amp_inf,response
0.08678817773203279,0.06917666570845207,100,100,118,5,0.05,6.279794309123822,1.6820724637143636,16.264459961123563,0.04304879089782227
