initial_infected_perc,initial_immune_perc,length,height,population_size,contagion_distance,critical_limit,amp_susc,amp_rec,amp_inf,response
0.05061206287849063,0.0922150767639147,100,100,118,5,0.05,18.159729028663413,15.096707251624897,6.936673349514777,0.11577524556902835
