initial_infected_perc,initial_immune_perc,length,height,population_size,contagion_distance,critical_limit,amp_susc,amp_rec,amp_inf,response
0.045786471891021335,0.05176650491162893,100,100,118,5,0.05,4.820428344738652,2.327330386755353,2.102946603144642,0.19418285187394235
