initial_infected_perc,initial_immune_perc,length,height,population_size,contagion_distance,critical_limit,amp_susc,amp_rec,amp_inf,response
0.07432581187862078,0.022122948335490656,100,100,118,5,0.05,19.886047639848748,6.821632901008301,14.953805029330923,0.2727389717454468
