initial_infected_perc,initial_immune_perc,length,height,population_size,contagion_distance,critical_limit,amp_susc,amp_rec,amp_inf,response
0.03949018854235348,0.06981369636637583,100,100,118,5,0.05,19.282891142909836,11.51059367453069,15.329894588941082,0.14165369261273453
