initial_infected_perc,initial_immune_perc,length,height,population_size,contagion_distance,critical_limit,amp_susc,amp_rec,amp_inf,response
0.08589318285697038,0.042233074121716646,100,100,118,5,0.05,3.9730571356403876,11.48382579644472,6.122685662531689,0.2921974545421479
