initial_infected_perc,initial_immune_perc,length,height,population_size,contagion_distance,critical_limit,amp_susc,amp_rec,amp_inf,response
0.004975109398118483,0.05308353708119006,100,100,118,5,0.05,8.38604680830624,18.501118721518097,13.98155917409347,0.20027182631727614
