initial_infected_perc,initial_immune_perc,length,height,population_size,contagion_distance,critical_limit,amp_susc,amp_rec,amp_inf,response
0.09015161327437243,0.03733773540339284,100,100,118,5,0.05,2.293176083145534,15.747938690850456,2.034618520962137,0.25454918416835315
