initial_infected_perc,initial_immune_perc,length,height,population_size,contagion_distance,critical_limit,amp_susc,amp_rec,amp_inf,response
0.006514609187660814,0.0003298492047463353,100,100,118,5,0.05,8.249744464432753,1.9123808110969875,16.1510047226238,0.19585511235168288
