initial_infected_perc,initial_immune_perc,length,height,population_size,contagion_distance,critical_limit,amp_susc,amp_rec,amp_inf,response
0.07600264186246396,0.05824565626575402,100,100,118,5,0.05,19.679432032033123,9.000707358261856,9.75988516728567,0.17020771365710183
