initial_infected_perc,initial_immune_perc,length,height,population_size,contagion_distance,critical_limit,amp_susc,amp_rec,amp_inf,response
0.029953981746694072,0.0018454047006129849,100,100,118,5,0.05,0.35349117189764856,4.536012714206182,11.810671505226209,0.24509439744875133
