initial_infected_perc,initial_immune_perc,length,height,population_size,contagion_distance,critical_limit,amp_susc,amp_rec,amp_inf,response
0.07180735097125752,0.020013662893454756,100,100,118,5,0.05,2.1722643275879228,3.981169724807012,4.924920900773522,0.025077916334650275
