initial_infected_perc,initial_immune_perc,length,height,population_size,contagion_distance,critical_limit,amp_susc,amp_rec,amp_inf,response
0.038711293719787945,0.09409963262657198,100,100,118,5,0.05,3.745421368419859,12.586531126476201,14.99997693649021,0.2803284555371442
