initial_infected_perc,initial_immune_perc,length,height,population_size,contagion_distance,critical_limit,amp_susc,amp_rec,amp_inf,response
0.018620584583450606,0.059859198122674276,100,100,118,5,0.05,10.228991023309046,5.898672710836337,18.49408880223227,0.07900941722640348
