initial_infected_perc,initial_immune_perc,length,height,population_size,contagion_distance,critical_limit,amp_susc,amp_rec,amp_inf,response
0.007906590289171433,0.07027472635882691,100,100,118,5,0.05,18.868376260592456,7.496680638377924,11.191475738641849,0.04797763212650103
