initial_infected_perc,initial_immune_perc,length,height,population_size,contagion_distance,critical_limit,amp_susc,amp_rec,amp_inf,response
0.0207365966069196,0.04245419024838568,100,100,118,5,0.05,6.988948307070597,18.772348905429723,17.867381802233485,0.14882407196551642
