initial_infected_perc,initial_immune_perc,length,height,population_size,contagion_distance,critical_limit,amp_susc,amp_rec,amp_inf,response
0.06064164059032732,0.046362874245802155,100,100,118,5,0.05,9.4188400665337,3.133311795078524,3.018552284271163,0.28678592247133206
