initial_infected_perc,initial_immune_perc,length,height,population_size,contagion_distance,critical_limit,amp_susc,amp_rec,amp_inf,response
0.01635413928276851,0.0679243599135167,100,100,118,5,0.05,17.52887832578868,14.524080356563601,13.778241000871454,0.2703420119916854
