initial_infected_perc,initial_immune_perc,length,height,population_size,contagion_distance,critical_limit,amp_susc,amp_rec,amp_inf,response
0.021545255639401795,0.03580877978940268,100,100,118,5,0.05,15.956487174486414,3.1906369951963964,8.915926078503944,0.09888694909458483
