initial_infected_perc,initial_immune_perc,length,height,population_size,contagion_distance,critical_limit,amp_susc,amp_rec,amp_inf,response
0.08887639595467785,0.06897106496948906,100,100,118,5,0.05,9.627835065209096,7.0211635834119175,10.44236487759367,0.06345264319376163
