initial_infected_perc,initial_immune_perc,length,height,population_size,contagion_distance,critical_limit,amp_susc,amp_rec,amp_inf,response
0.03184574807997566,0.022170034231664106,100,100,118,5,0.05,7.694380271126223,16.832029436595896,5.8037887384989295,0.0794908111142399
