initial_infected_perc,initial_immune_perc,length,height,population_size,contagion_distance,critical_limit,amp_susc,amp_rec,amp_inf,response
0.07017481588630174,0.09271492991620431,100,100,118,5,0.05,2.686123161821441,14.620325817965544,0.6833700648194951,0.1663698475617759
