initial_infected_perc,initial_immune_perc,length,height,population_size,contagion_distance,critical_limit,amp_susc,amp_rec,amp_inf,response
0.016184851462196816,0.0011191302978249885,100,100,118,5,0.05,7.736355557496324,18.655206350291568,4.078368337849612,0.21750785161188552
