initial_infected_perc,initial_immune_perc,length,height,population_size,contagion_distance,critical_limit,amp_susc,amp_rec,amp_inf,response
0.035411092944915144,0.07965803949296434,100,100,118,5,0.05,2.000287799027971,18.377256761611665,4.949245054095515,0.29914177467187525
