initial_infected_perc,initial_immune_perc,length,height,population_size,contagion_distance,critical_limit,amp_susc,amp_rec,amp_inf,response
0.07491004089821623,0.07791490856527361,100,100,118,5,0.05,6.820961991148815,2.6112182185365507,8.53513664480106,0.2590822172417162
