initial_infected_perc,initial_immune_perc,length,height,population_size,contagion_distance,critical_limit,amp_susc,amp_rec,amp_inf,response
0.06722962375337158,0.018640627164016633,100,100,118,5,0.05,4.759696961462689,0.49276836988795925,0.7035523880228034,0.1340890186799351
