initial_infected_perc,initial_immune_perc,length,height,population_size,contagion_distance,critical_limit,amp_susc,amp_rec,amp_inf,response
0.08141518902797835,0.03744318943354741,100,100,118,5,0.05,1.2710890549028586,16.415854406427293,13.799003907158038,0.11225044175576453
