initial_infected_perc,initial_immune_perc,length,height,population_size,contagion_distance,critical_limit,amp_susc,amp_rec,amp_inf,response
0.09874088086367548,0.030984782975672143,100,100,118,5,0.05,13.973735968159984,13.184780890303234,18.592582672470325,0.04488302372855076
