initial_infected_perc,initial_immune_perc,length,height,population_size,contagion_distance,critical_limit,amp_susc,amp_rec,amp_inf,response
0.0800853459123817,0.07805806088750468,100,100,118,5,0.05,7.8075347319155375,18.106851850505166,17.737688141555545,0.17359811728764798
