initial_infected_perc,initial_immune_perc,length,height,population_size,contagion_distance,critical_limit,amp_susc,amp_rec,amp_inf,response
0.031089710750566747,0.006449842280493512,100,100,118,5,0.05,19.6731798612795,8.077507204753616,13.014068753072248,0.013550440442757739
