initial_infected_perc,initial_immune_perc,length,height,population_size,contagion_distance,critical_limit,amp_susc,amp_rec,amp_inf,response
0.041088030243954715,0.03827615252201805,100,100,118,5,0.05,2.176575914793062,0.011424015552374822,19.362716543256134,0.2610074824650573
