initial_infected_perc,initial_immune_perc,length,height,population_size,contagion_distance,critical_limit,amp_susc,amp_rec,amp_inf,response
0.03938852215956922,0.08803965909181011,100,100,118,5,0.05,13.838042398260896,2.7763196229174514,11.656858230088794,0.10668042776618941
