initial_infected_perc,initial_immune_perc,length,height,population_size,contagion_distance,critical_limit,amp_susc,amp_rec,amp_inf,response
0.012364237142650959,0.04340381636885385,100,100,118,5,0.05,19.631739382291713,11.309396684194448,10.424813925624836,0.03248218919739219
