initial_infected_perc,initial_immune_perc,length,height,population_size,contagion_distance,critical_limit,amp_susc,amp_rec,amp_inf,response
0.09440320977530181,0.0919922795758063,100,100,118,5,0.05,11.344562928097226,16.549907020011684,3.2808469948285235,0.06350059391526909
