initial_infected_perc,initial_immune_perc,length,height,population_size,contagion_distance,critical_limit,amp_susc,amp_rec,amp_inf,response
0.05116375646916126,0.012378217791660774,100,100,118,5,0.05,3.071427995456988,18.686364797656505,3.2538396921193757,0.04479853142042538
