initial_infected_perc,initial_immune_perc,length,height,population_size,contagion_distance,critical_limit,amp_susc,amp_rec,amp_inf,response
0.04838015639469208,0.030612604673236322,100,100,118,5,0.05,15.167753951087231,8.66689534455767,4.5157196110174835,0.24803533479857431
