initial_infected_perc,initial_immune_perc,length,height,population_size,contagion_distance,critical_limit,amp_susc,amp_rec,amp_inf,response
0.058210655636946135,0.09428967482528255,100,100,118,5,0.05,4.956475379581359,11.16479751183832,16.8657350102231,0.06294954564457061
