initial_infected_perc,initial_immune_perc,length,height,population_size,contagion_distance,critical_limit,amp_susc,amp_rec,amp_inf,response
0.004989751152945355,0.04873358692789151,100,100,118,5,0.05,8.16794388755416,1.4191639443490756,18.629453398711007,0.014925543557279174
