initial_infected_perc,initial_immune_perc,length,height,population_size,contagion_distance,critical_limit,amp_susc,amp_rec,amp_inf,response
0.09906331452046595,0.006281497647011647,100,100,118,5,0.05,13.68390458997774,9.464818495857529,3.164250586544175,0.0024101897144377937
