initial_infected_perc,initial_immune_perc,length,height,population_size,contagion_distance,critical_limit,amp_susc,amp_rec,amp_inf,response
0.08874937938157254,0.017977376637243494,100,100,118,5,0.05,4.657275164335992,0.8844416830668367,16.226651573878833,0.22411100335850853
