initial_infected_perc,initial_immune_perc,length,height,population_size,contagion_distance,critical_limit,amp_susc,amp_rec,amp_inf,response
0.029494869591050313,0.05137398898281224,100,100,118,5,0.05,13.42527063909069,2.9084186613104235,10.400484297228768,0.2410980461199021
