initial_infected_perc,initial_immune_perc,length,height,population_size,contagion_distance,critical_limit,amp_susc,amp_rec,amp_inf,response
0.018694339166206466,0.013241599338705501,100,100,118,5,0.05,7.359069360076676,11.515140494364907,10.223309885576445,0.12318523965154123
