initial_infected_perc,initial_immune_perc,length,height,population_size,contagion_distance,critical_limit,amp_susc,amp_rec,amp_inf,response
0.06584935727561035,0.07280117213024936,100,100,118,5,0.05,1.4281572489520822,6.839245382560957,5.671887522135501,0.19829580565299712
