initial_infected_perc,initial_immune_perc,length,height,population_size,contagion_distance,critical_limit,amp_susc,amp_rec,amp_inf,response
0.015138282125302605,0.09426009229529736,100,100,118,5,0.05,9.388970655019307,19.839173326733622,1.6266261248864256,0.08828818547742463
