initial_infected_perc,initial_immune_perc,length,height,population_size,contagion_distance,critical_limit,amp_susc,amp_rec,amp_inf,response
0.09701395167837132,0.0593616313097169,100,100,118,5,0.05,17.334050834905106,17.319682291467636,16.54686963479416,0.05772643788850823
