initial_infected_perc,initial_immune_perc,length,height,population_size,contagion_distance,critical_limit,amp_susc,amp_rec,amp_inf,response
0.007361019854679862,0.03355338070955508,100,100,118,5,0.05,17.8034103553223,5.254117588163966,12.518150417829705,0.13375282212999462
