initial_infected_perc,initial_immune_perc,length,height,population_size,contagion_distance,critical_limit,amp_susc,amp_rec,amp_inf,response
0.031939949605974204,0.03533025416472735,100,100,118,5,0.05,0.0034701440299889086,14.376765490623358,16.519941430122003,0.010085073183219339
