initial_infected_perc,initial_immune_perc,length,height,population_size,contagion_distance,critical_limit,amp_susc,amp_rec,amp_inf,response
0.033591510833832376,0.05260309180302062,100,100,118,5,0.05,8.31958120350306,9.3772417283198,7.985788175325039,0.2076635396573314
