initial_infected_perc,initial_immune_perc,length,height,population_size,contagion_distance,critical_limit,amp_susc,amp_rec,amp_inf,response
0.015406930742004644,0.09294066032347101,100,100,118,5,0.05,13.79597158702355,5.816195722075443,19.704395794687343,0.053224044571272666
