initial_infected_perc,initial_immune_perc,length,height,population_size,contagion_distance,critical_limit,amp_susc,amp_rec,amp_inf,response
0.0859838750316926,0.008769842218771685,100,100,118,5,0.05,19.79811232374412,7.909916939323994,7.192202990368499,0.2343720855089978
