initial_infected_perc,initial_immune_perc,length,height,population_size,contagion_distance,critical_limit,amp_susc,amp_rec,amp_inf,response
0.020648853856572294,0.013868707576455343,100,100,118,5,0.05,11.80754357806919,18.232267656095164,11.101570980639913,0.17806758683200816
