initial_infected_perc,initial_immune_perc,length,height,population_size,contagion_distance,critical_limit,amp_susc,amp_rec,amp_inf,response
0.07940605113737326,0.09335408938002535,100,100,118,5,0.05,7.468404440288985,3.221694546057947,3.7197744508829733,0.28738155112481806
