initial_infected_perc,initial_immune_perc,length,height,population_size,contagion_distance,critical_limit,amp_susc,amp_rec,amp_inf,response
0.06494923480602054,0.07414664391426228,100,100,118,5,0.05,12.588321046435622,8.635796545902164,16.612286698003217,0.05006051433597059
