initial_infected_perc,initial_immune_perc,length,height,population_size,contagion_distance,critical_limit,amp_susc,amp_rec,amp_inf,response
0.027861459949812064,0.043250496143514144,100,100,118,5,0.05,14.49420807263647,18.94879478518652,5.538754450724275,0.13929742812161602
