initial_infected_perc,initial_immune_perc,length,height,population_size,contagion_distance,critical_limit,amp_susc,amp_rec,amp_inf,response
0.0024890195792304118,0.07488564992814108,100,100,118,5,0.05,6.193656122048965,5.840595640460073,2.8426439023805528,0.23771470091874505
