initial_infected_perc,initial_immune_perc,length,height,population_size,contagion_distance,critical_limit,amp_susc,amp_rec,amp_inf,response
0.07969745901838636,0.07411011032978075,100,100,118,5,0.05,5.482116822436294,1.7544294028194152,2.6689611258268697,0.019192423639867884
