initial_infected_perc,initial_immune_perc,length,height,population_size,contagion_distance,critical_limit,amp_susc,amp_rec,amp_inf,response
0.05138959291170414,0.03395245750075269,100,100,118,5,0.05,4.135683991124806,12.940911550525653,0.6594618273428021,0.24927887422747957
