initial_infected_perc,initial_immune_perc,length,height,population_size,contagion_distance,critical_limit,amp_susc,amp_rec,amp_inf,response
0.051009566262175635,0.03568999710481442,100,100,118,5,0.05,10.75641248539389,16.559553901656088,7.539263373428964,0.2253918417434423
