initial_infected_perc,initial_immune_perc,length,height,population_size,contagion_distance,critical_limit,amp_susc,amp_rec,amp_inf,response
0.001376538693160745,0.011276871894369512,100,100,118,5,0.05,13.302247078462454,8.499262257710424,14.148565610016599,0.14768472368553615
