initial_infected_perc,initial_immune_perc,length,height,population_size,contagion_distance,critical_limit,amp_susc,amp_rec,amp_inf,response
0.03470780680082478,0.031500891514448195,100,100,118,5,0.05,7.4220272961695555,18.261995651581135,13.966027778424356,0.1366736552122586
