initial_infected_perc,initial_immune_perc,length,height,population_size,contagion_distance,critical_limit,amp_susc,amp_rec,amp_inf,response
0.09892919037903135,0.05099206337106438,100,100,118,5,0.05,12.476413034411136,8.352966577614584,3.0232279912882243,0.10068434069761481
