initial_infected_perc,initial_immune_perc,length,height,population_size,contagion_distance,critical_limit,amp_susc,amp_rec,amp_inf,response
0.09542925722186318,0.045503035536106,100,100,118,5,0.05,1.2616426467310782,3.2463070997853793,9.177162400530129,0.04107624120765436
