initial_infected_perc,initial_immune_perc,length,height,population_size,contagion_distance,critical_limit,amp_susc,amp_rec,amp_inf,response
0.052168310613786684,0.039273745271419594,100,100,118,5,0.05,3.228817903393859,3.969726761881598,1.7616082409307476,0.02260219909806349
