initial_infected_perc,initial_immune_perc,length,height,population_size,contagion_distance,critical_limit,amp_susc,amp_rec,amp_inf,response
0.024666636788273334,0.052229677612350825,100,100,118,5,0.05,1.8319391698941656,15.338352237163456,17.973092293544383,0.2600609914949642
