initial_infected_perc,initial_immune_perc,length,height,population_size,contagion_distance,critical_limit,amp_susc,amp_rec,amp_inf,response
0.032209474200415804,0.06326268663525107,100,100,118,5,0.05,10.439982588325158,16.11902392832599,10.369776964366846,0.11951300553855729
