initial_infected_perc,initial_immune_perc,length,height,population_size,contagion_distance,critical_limit,amp_susc,amp_rec,amp_inf,response
0.01765007679042725,0.0244259986794806,100,100,118,5,0.05,5.773244158082875,16.02254272044316,18.216236595631614,0.16798868423310082
