initial_infected_perc,initial_immune_perc,length,height,population_size,contagion_distance,critical_limit,amp_susc,amp_rec,amp_inf,response
0.07702150726417023,0.0005660909741759146,100,100,118,5,0.05,9.12103032737843,7.463231329983633,6.1095036359627874,0.0160397423800832
