initial_infected_perc,initial_immune_perc,length,height,population_size,contagion_distance,critical_limit,amp_susc,amp_rec,amp_inf,response
0.03234121536950254,0.09345231569766918,100,100,118,5,0.05,17.961008882268533,9.786356587587502,9.054592260800778,0.1518190605048296
