initial_infected_perc,initial_immune_perc,length,height,population_size,contagion_distance,critical_limit,amp_susc,amp_rec,amp_inf,response
0.03527240677261682,0.06637585228682434,100,100,118,5,0.05,15.784307107275911,4.047166477834258,17.062405326514117,0.224877650582853
