initial_infected_perc,initial_immune_perc,length,height,population_size,contagion_distance,critical_limit,amp_susc,amp_rec,amp_inf,response
0.0296805941759701,0.04735122045321084,100,100,118,5,0.05,3.443032935638499,8.473491023872409,3.8031915348217105,0.01789123666624497
