initial_infected_perc,initial_immune_perc,length,height,population_size,contagion_distance,critical_limit,amp_susc,amp_rec,amp_inf,response
0.09304307006939888,0.09199924076648412,100,100,118,5,0.05,15.845436792719607,17.99087231395328,18.324431230714655,0.023104505656312068
