initial_infected_perc,initial_immune_perc,length,height,population_size,contagion_distance,critical_limit,amp_susc,amp_rec,amp_inf,response
0.08582152489449013,0.0399218439492985,100,100,118,5,0.05,6.9169070277140925,18.71189111560977,8.065907008723949,0.28354923819751693
