initial_infected_perc,initial_immune_perc,length,height,population_size,contagion_distance,critical_limit,amp_susc,amp_rec,amp_inf,response
0.02694311925569839,0.032173817210335055,100,100,118,5,0.05,18.153657414418905,4.729358409551625,9.211462853606545,0.202879388080675
