initial_infected_perc,initial_immune_perc,length,height,population_size,contagion_distance,critical_limit,amp_susc,amp_rec,amp_inf,response
0.07903523790469595,0.09091200574732583,100,100,118,5,0.05,12.739490162943891,7.6038568433773746,9.56626467856343,0.14519972672573678
