initial_infected_perc,initial_immune_perc,length,height,population_size,contagion_distance,critical_limit,amp_susc,amp_rec,amp_inf,response
0.05609613486742861,0.04461548670924179,100,100,118,5,0.05,3.1205531418821364,16.44443768372073,1.2109670209726908,0.019190568121330596
