initial_infected_perc,initial_immune_perc,length,height,population_size,contagion_distance,critical_limit,amp_susc,amp_rec,amp_inf,response
0.036333117697386265,0.06923462738047116,100,100,118,5,0.05,0.4349746646602881,3.76444271910078,11.543105775389183,0.1209809347919898
