initial_infected_perc,initial_immune_perc,length,height,population_size,contagion_distance,critical_limit,amp_susc,amp_rec,amp_inf,response
0.008450397854264746,0.03533843370550184,100,100,118,5,0.05,19.873740042309095,19.62232992017309,3.8456308485431467,0.1352951600459694
