initial_infected_perc,initial_immune_perc,length,height,population_size,contagion_distance,critical_limit,amp_susc,amp_rec,amp_inf,response
0.019780923290406816,0.09421313707983807,100,100,118,5,0.05,17.57299903606255,4.693187481712286,8.486009020492698,0.007974230986658148
