initial_infected_perc,initial_immune_perc,length,height,population_size,contagion_distance,critical_limit,amp_susc,amp_rec,amp_inf,response
0.06546090839480208,0.0745415030146688,100,100,118,5,0.05,6.57641731180002,16.09552087325533,3.31563152267198,0.17128089035737945
