initial_infected_perc,initial_immune_perc,length,height,population_size,contagion_distance,critical_limit,amp_susc,amp_rec,amp_inf,response
0.07381082555736494,0.011272459132504575,100,100,118,5,0.05,7.440131352732311,3.4314713395243457,6.436118145942791,0.169028979372331
