initial_infected_perc,initial_immune_perc,length,height,population_size,contagion_distance,critical_limit,amp_susc,amp_rec,amp_inf,response
0.09358625523697203,0.09243957007788764,100,100,118,5,0.05,9.414437735698815,15.888385338022902,9.9383798336871,0.08157012205022836
