initial_infected_perc,initial_immune_perc,length,height,population_size,contagion_distance,critical_limit,amp_susc,amp_rec,amp_inf,response
0.04498700150246946,0.03890749109286458,100,100,118,5,0.05,2.475379853172124,13.283606079609187,5.439817387723894,0.2795763647060132
