initial_infected_perc,initial_immune_perc,length,height,population_size,contagion_distance,critical_limit,amp_susc,amp_rec,amp_inf,response
0.09762414358187915,0.04880270275059428,100,100,118,5,0.05,18.607551578780278,9.9934181634303,13.027129384669472,0.2566926070426104
