initial_infected_perc,initial_immune_perc,length,height,population_size,contagion_distance,critical_limit,amp_susc,amp_rec,amp_inf,response
0.052604375653217156,0.031171831677849572,100,100,118,5,0.05,11.40975434035526,18.584881871429467,3.5334368611765665,0.22019396008875358
