initial_infected_perc,initial_immune_perc,length,height,population_size,contagion_distance,critical_limit,amp_susc,amp_rec,amp_inf,response
0.011240669795966142,0.005049492609537343,100,100,118,5,0.05,10.798901017937983,10.012538093024453,0.02279251196294796,0.07986659371402584
