initial_infected_perc,initial_immune_perc,length,height,population_size,contagion_distance,critical_limit,amp_susc,amp_rec,amp_inf,response
0.03413022932443325,0.04326887094357974,100,100,118,5,0.05,18.49262223637543,1.743008885942805,14.283786367336207,0.06825010974057234
