initial_infected_perc,initial_immune_perc,length,height,population_size,contagion_distance,critical_limit,amp_susc,amp_rec,amp_inf,response
0.09825305882134028,0.09123827757591853,100,100,118,5,0.05,18.882824841123277,11.184637961509672,8.029341739093427,0.2211270483188135
