initial_infected_perc,initial_immune_perc,length,height,population_size,contagion_distance,critical_limit,amp_susc,amp_rec,amp_inf,response
0.0305210005027763,0.09386033088521073,100,100,118,5,0.05,11.676783106200626,0.6536494651594582,6.855684311990132,0.08291488213032304
