initial_infected_perc,initial_immune_perc,length,height,population_size,contagion_distance,critical_limit,amp_susc,amp_rec,amp_inf,response
0.08021894917365624,0.03888487674157215,100,100,118,5,0.05,15.536523227980869,7.187914585504038,18.7063455520384,0.25200954443112134
