initial_infected_perc,initial_immune_perc,length,height,population_size,contagion_distance,critical_limit,amp_susc,amp_rec,amp_inf,response
0.07333675386985128,0.07018866068374184,100,100,118,5,0.05,5.084569704119892,18.128258669845835,18.246075073433648,0.16980141908506083
