initial_infected_perc,initial_immune_perc,length,height,population_size,contagion_distance,critical_limit,amp_susc,amp_rec,amp_inf,response
0.07658149069405179,0.06020094951580595,100,100,118,5,0.05,11.657115735634683,0.07759130818589144,7.052190975485635,0.01832662184235956
