initial_infected_perc,initial_immune_perc,length,height,population_size,contagion_distance,critical_limit,amp_susc,amp_rec,amp_inf,response
0.06573346214751431,0.03601518626799496,100,100,118,5,0.05,4.8514586657602,11.29082984397587,6.808968715823706,0.19229184371304703
