initial_infected_perc,initial_immune_perc,length,height,population_size,contagion_distance,critical_limit,amp_susc,amp_rec,amp_inf,response
0.04541998447254452,0.029194302151085507,100,100,118,5,0.05,12.680865774575889,19.977000239450554,16.36326361415947,0.11804047367282874
