initial_infected_perc,initial_immune_perc,length,height,population_size,contagion_distance,critical_limit,amp_susc,amp_rec,amp_inf,response
0.07691855171519929,0.05842651984317927,100,100,118,5,0.05,2.8235124466115336,13.138859677551324,19.497949009096217,0.1264008490728571
