initial_infected_perc,initial_immune_perc,length,height,population_size,contagion_distance,critical_limit,amp_susc,amp_rec,amp_inf,response
0.0997098775504005,0.07078019434796506,100,100,118,5,0.05,15.709974047847837,13.10111848776215,10.19683971066808,0.23259307886489777
