initial_infected_perc,initial_immune_perc,length,height,population_size,contagion_distance,critical_limit,amp_susc,amp_rec,amp_inf,response
0.09898499994030885,0.022342702404942818,100,100,118,5,0.05,6.017725497511521,10.545637401721779,7.405056871772667,0.25168719531327066
