initial_infected_perc,initial_immune_perc,length,height,population_size,contagion_distance,critical_limit,amp_susc,amp_rec,amp_inf,response
0.028798978735424988,0.04996924285846104,100,100,118,5,0.05,13.15493912362411,9.428425929384932,7.814243818301845,0.12425471638801347
