initial_infected_perc,initial_immune_perc,length,height,population_size,contagion_distance,critical_limit,amp_susc,amp_rec,amp_inf,response
0.018534048138892346,0.08061503754849067,100,100,118,5,0.05,18.12079313389689,13.174809917149775,7.952847857736596,0.08593910816383354
