initial_infected_perc,initial_immune_perc,length,height,population_size,contagion_distance,critical_limit,amp_susc,amp_rec,amp_inf,response
0.03370149178034406,0.045222031768615514,100,100,118,5,0.05,8.647647951141797,19.043897807336847,5.250815637284734,0.1085605642970038
