initial_infected_perc,initial_immune_perc,length,height,population_size,contagion_distance,critical_limit,amp_susc,amp_rec,amp_inf,response
0.03047303411377619,0.08873748650039714,100,100,118,5,0.05,14.25326438034412,13.618174521159752,14.957338135333497,0.21765511129691245
