initial_infected_perc,initial_immune_perc,length,height,population_size,contagion_distance,critical_limit,amp_susc,amp_rec,amp_inf,response
0.07597877071077169,0.05061887499160124,100,100,118,5,0.05,13.375938956420356,0.9606299077976233,15.912339627767494,0.2976809490190009
