initial_infected_perc,initial_immune_perc,length,height,population_size,contagion_distance,critical_limit,amp_susc,amp_rec,amp_inf,response
0.05114667524111499,0.027912135726764167,100,100,118,5,0.05,1.8556672280973219,8.221141293358405,10.130112903604578,0.2700381862239571
