initial_infected_perc,initial_immune_perc,length,height,population_size,contagion_distance,critical_limit,amp_susc,amp_rec,amp_inf,response
0.07747124356059754,0.07871357053557371,100,100,118,5,0.05,15.002903693713083,19.87046875700315,10.333409784645912,0.07880192630860373
