initial_infected_perc,initial_immune_perc,length,height,population_size,contagion_distance,critical_limit,amp_susc,amp_rec,amp_inf,response
0.025820962775529224,0.045064683257339304,100,100,118,5,0.05,13.389493984009524,10.601627818339736,17.66268903717355,0.0802352045279507
