initial_infected_perc,initial_immune_perc,length,height,population_size,contagion_distance,critical_limit,amp_susc,amp_rec,amp_inf,response
0.08081307666665322,0.020844565916779113,100,100,118,5,0.05,15.284310663063902,11.992302506451582,7.3379117309322055,0.052578693746591694
