initial_infected_perc,initial_immune_perc,length,height,population_size,contagion_distance,critical_limit,amp_susc,amp_rec,amp_inf,response
0.0858415373571007,0.07656223383054343,100,100,118,5,0.05,16.08279830059157,13.622458104325897,4.211845369789804,0.29824777135573616
