initial_infected_perc,initial_immune_perc,length,height,population_size,contagion_distance,critical_limit,amp_susc,amp_rec,amp_inf,response
0.033664241404554374,0.01825871778552898,100,100,118,5,0.05,12.122079594604923,13.505371018527882,7.942692146733144,0.23211376479703505
