initial_infected_perc,initial_immune_perc,length,height,population_size,contagion_distance,critical_limit,amp_susc,amp_rec,amp_inf,response
0.08033365946929812,0.04948715025454551,100,100,118,5,0.05,14.005825254419362,8.754415396431776,3.6459404365466397,0.14445100196352248
