initial_infected_perc,initial_immune_perc,length,height,population_size,contagion_distance,critical_limit,amp_susc,amp_rec,amp_inf,response
0.0008363492964064912,0.09959306556555914,100,100,118,5,0.05,15.898900236221749,14.872856044228646,8.984506268385395,0.10880551429712489
