initial_infected_perc,initial_immune_perc,length,height,population_size,contagion_distance,critical_limit,amp_susc,amp_rec,amp_inf,response
0.03031338988598834,0.020230630235683257,100,100,118,5,0.05,6.370483556508406,17.86079227976158,17.668696272794683,0.29339695141511474
