initial_infected_perc,initial_immune_perc,length,height,population_size,contagion_distance,critical_limit,amp_susc,amp_rec,amp_inf,response
0.026051283954372763,0.05757535041903081,100,100,118,5,0.05,19.732200195634103,17.513052318154482,9.071136481911545,0.22830490260289416
