initial_infected_perc,initial_immune_perc,length,height,population_size,contagion_distance,critical_limit,amp_susc,amp_rec,amp_inf,response
0.058305635063414345,0.006147422880715625,100,100,118,5,0.05,17.166588775012688,14.563980338578656,14.932360102891835,0.23851546643123064
