initial_infected_perc,initial_immune_perc,length,height,population_size,contagion_distance,critical_limit,amp_susc,amp_rec,amp_inf,response
0.05929622009050807,0.05603444691831007,100,100,118,5,0.05,14.064761245878008,11.126956495669273,12.326124031910524,0.297929905165599
