initial_infected_perc,initial_immune_perc,length,height,population_size,contagion_distance,critical_limit,amp_susc,amp_rec,amp_inf,response
0.0326833178343443,0.09611700825138855,100,100,118,5,0.05,4.381058656470755,17.066030318598507,11.589331987321724,0.24913978158740396
