initial_infected_perc,initial_immune_perc,length,height,population_size,contagion_distance,critical_limit,amp_susc,amp_rec,amp_inf,response
0.07227368100688697,0.0518443018468922,100,100,118,5,0.05,3.7001620830975424,14.586502422744998,2.601905859208604,0.12894005176542
