initial_infected_perc,initial_immune_perc,length,height,population_size,contagion_distance,critical_limit,amp_susc,amp_rec,amp_inf,response
0.01944326060714844,0.03743742223205032,100,100,118,5,0.05,6.776945050636538,5.952195813020841,14.880997164484878,0.025675013578031335
