initial_infected_perc,initial_immune_perc,length,height,population_size,contagion_distance,critical_limit,amp_susc,amp_rec,amp_inf,response
0.042958845666965985,0.007513897358298838,100,100,118,5,0.05,0.39810659486791966,9.383781008531662,4.15486184163151,0.01180783081409057
