initial_infected_perc,initial_immune_perc,length,height,population_size,contagion_distance,critical_limit,amp_susc,amp_rec,amp_inf,response
0.019839676725383972,0.05466817508553212,100,100,118,5,0.05,6.164434530260719,18.106229843480463,10.99611439969776,0.1823887182025388
