initial_infected_perc,initial_immune_perc,length,height,population_size,contagion_distance,critical_limit,amp_susc,amp_rec,amp_inf,response
0.08328990741146253,0.08169262089895166,100,100,118,5,0.05,8.37364822476603,6.378995131453951,5.072251645185483,0.14037980735841568
