initial_infected_perc,initial_immune_perc,length,height,population_size,contagion_distance,critical_limit,amp_susc,amp_rec,amp_inf,response
0.06329778985380057,0.02159275222784648,100,100,118,5,0.05,14.633985612661217,7.338663483910722,3.7861773850515124,0.12860679713528642
