initial_infected_perc,initial_immune_perc,length,height,population_size,contagion_distance,critical_limit,amp_susc,amp_rec,amp_inf,response
0.01633800827635935,0.04300112050110403,100,100,118,5,0.05,15.852329316193856,18.24374824253467,11.672583163637453,0.24121801114379923
