initial_infected_perc,initial_immune_perc,length,height,population_size,contagion_distance,critical_limit,amp_susc,amp_rec,amp_inf,response
0.07926743453573534,0.05499288881135576,100,100,118,5,0.05,0.8551794629430454,8.145600702393399,5.805382345420693,0.088988614688669
