initial_infected_perc,initial_immune_perc,length,height,population_size,contagion_distance,critical_limit,amp_susc,amp_rec,amp_inf,response
0.038240110430051356,0.0339769313756819,100,100,118,5,0.05,7.820167035988295,4.3963623530077385,7.9516884659065905,0.14003187042966062
