initial_infected_perc,initial_immune_perc,length,height,population_size,contagion_distance,critical_limit,amp_susc,amp_rec,amp_inf,response
0.02088345395320154,0.06525648396092798,100,100,118,5,0.05,3.7178486124425003,13.53918447124751,15.410846345188396,0.23697450146149074
