initial_infected_perc,initial_immune_perc,length,height,population_size,contagion_distance,critical_limit,amp_susc,amp_rec,amp_inf,response
0.01565778567703956,0.05653227578069301,100,100,118,5,0.05,15.67804912153997,11.109190712260279,9.871465001729119,0.032117570557244755
