initial_infected_perc,initial_immune_perc,length,height,population_size,contagion_distance,critical_limit,amp_susc,amp_rec,amp_inf,response
0.016131392347789108,0.02735993745774018,100,100,118,5,0.05,0.7278466807876471,18.183465922849,7.457210616248505,0.2633073044687035
