initial_infected_perc,initial_immune_perc,length,height,population_size,contagion_distance,critical_limit,amp_susc,amp_rec,amp_inf,response
0.08867019879359567,0.018480964465991224,100,100,118,5,0.05,4.77427922563328,0.20390057169562104,1.9081563518767974,0.15873864163551502
