initial_infected_perc,initial_immune_perc,length,height,population_size,contagion_distance,critical_limit,amp_susc,amp_rec,amp_inf,response
0.08425464935866465,0.03790864958459235,100,100,118,5,0.05,19.37852698758315,13.54700803292693,14.835028960928756,0.05757953208162131
