initial_infected_perc,initial_immune_perc,length,height,population_size,contagion_distance,critical_limit,amp_susc,amp_rec,amp_inf,response
0.05587759745138709,0.05978834471749278,100,100,118,5,0.05,9.907334788250582,4.3316312575797795,10.156386808496777,0.02500491725003576
