initial_infected_perc,initial_immune_perc,length,height,population_size,contagion_distance,critical_limit,amp_susc,amp_rec,amp_inf,response
0.07623006366265035,0.02132370428987125,100,100,118,5,0.05,8.364189079325676,19.474208106547486,10.24020238170765,0.2881035917662001
