initial_infected_perc,initial_immune_perc,length,height,population_size,contagion_distance,critical_limit,amp_susc,amp_rec,amp_inf,response
0.09748530936984202,0.008423027567238884,100,100,118,5,0.05,15.6163516857875,14.660427735522239,1.7977917036370261,0.05639417942177028
