initial_infected_perc,initial_immune_perc,length,height,population_size,contagion_distance,critical_limit,amp_susc,amp_rec,amp_inf,response
0.0021776423950840007,0.08686781251766673,100,100,118,5,0.05,13.183000611051392,18.157836741181434,19.2374326959111,0.23012450295016354
