initial_infected_perc,initial_immune_perc,length,height,population_size,contagion_distance,critical_limit,amp_susc,amp_rec,amp_inf,response
0.08014370520720139,0.06253868904277184,100,100,118,5,0.05,9.911900637173808,8.498483035877975,1.5006322438955766,0.11362212185639796
