initial_infected_perc,initial_immune_perc,length,height,population_size,contagion_distance,critical_limit,amp_susc,amp_rec,amp_inf,response
0.0028144370501290597,0.08910631272099469,100,100,118,5,0.05,10.135000423047122,7.71706101279902,19.951411882427553,0.2137886575489807
