initial_infected_perc,initial_immune_perc,length,height,population_size,contagion_distance,critical_limit,amp_susc,amp_rec,amp_inf,response
0.0847880949569649,0.03771143405816248,100,100,118,5,0.05,0.9813317116450637,12.022540524164349,16.049577240713823,0.10127092604613251
