initial_infected_perc,initial_immune_perc,length,height,population_size,contagion_distance,critical_limit,amp_susc,amp_rec,amp_inf,response
0.03055169496175523,0.070813542842786,100,100,118,5,0.05,17.901889166970793,3.045054963003613,9.851074407010783,0.06398613416942225
