initial_infected_perc,initial_immune_perc,length,height,population_size,contagion_distance,critical_limit,amp_susc,amp_rec,amp_inf,response
0.03996682207386512,0.09945670256674236,100,100,118,5,0.05,14.394931276859017,3.263033670174258,1.5127997989924813,0.14496995331752444
