initial_infected_perc,initial_immune_perc,length,height,population_size,contagion_distance,critical_limit,amp_susc,amp_rec,amp_inf,response
0.06611500007938775,0.05556915029330955,100,100,118,5,0.05,1.5056830301009616,14.357990187192765,0.8710432768368026,0.13460292077040623
