initial_infected_perc,initial_immune_perc,length,height,population_size,contagion_distance,critical_limit,amp_susc,amp_rec,amp_inf,response
0.058340952415454485,0.05708301728323154,100,100,118,5,0.05,14.555074024065506,8.155603141422446,0.24279799377046496,0.10701602094716997
