initial_infected_perc,initial_immune_perc,length,height,population_size,contagion_distance,critical_limit,amp_susc,amp_rec,amp_inf,response
0.08692791046454214,0.035920366797645,100,100,118,5,0.05,0.7124899133965634,16.666262813615468,2.7224958234966556,0.14848610621277128
