initial_infected_perc,initial_immune_perc,length,height,population_size,contagion_distance,critical_limit,amp_susc,amp_rec,amp_inf,response
0.01924284729680196,0.01516023929981608,100,100,118,5,0.05,0.3705289186841121,3.1443674084894924,4.524603387840491,0.07086502103017679
