initial_infected_perc,initial_immune_perc,length,height,population_size,contagion_distance,critical_limit,amp_susc,amp_rec,amp_inf,response
0.06790409046462106,0.011721926035846675,100,100,118,5,0.05,1.6581991999568224,0.4345384287196685,5.26175264468055,0.027641011915042712
