initial_infected_perc,initial_immune_perc,length,height,population_size,contagion_distance,critical_limit,amp_susc,amp_rec,amp_inf,response
0.07237752840853327,0.0498350790818993,100,100,118,5,0.05,6.6303827029843365,1.4475074835817936,14.045242549388675,0.21163202279217017
