initial_infected_perc,initial_immune_perc,length,height,population_size,contagion_distance,critical_limit,amp_susc,amp_rec,amp_inf,response
0.0756716175968126,0.0052863074182370245,100,100,118,5,0.05,1.506198446100393,8.590894405251753,13.670772518960256,0.0785883625252163
