initial_infected_perc,initial_immune_perc,length,height,population_size,contagion_distance,critical_limit,amp_susc,amp_rec,amp_inf,response
0.0828039859712894,0.08988263025718254,100,100,118,5,0.05,2.407097364852746,13.316291887420606,4.822578409654474,0.28233290793315263
