initial_infected_perc,initial_immune_perc,length,height,population_size,contagion_distance,critical_limit,amp_susc,amp_rec,amp_inf,response
0.027070795365247792,0.04045375621709342,100,100,118,5,0.05,9.009874740419948,19.821764018690263,4.671650787597599,0.14247430950209028
