initial_infected_perc,initial_immune_perc,length,height,population_size,contagion_distance,critical_limit,amp_susc,amp_rec,amp_inf,response
0.07322635639792537,0.07255452348324731,100,100,118,5,0.05,17.809683971013243,15.534596409271801,15.63745011903475,0.13585317544739806
