initial_infected_perc,initial_immune_perc,length,height,population_size,contagion_distance,critical_limit,amp_susc,amp_rec,amp_inf,response
0.006051612419489117,0.01407511204068701,100,100,118,5,0.05,19.539045301698334,8.72680060928532,14.223144295484271,0.22020799589683118
