initial_infected_perc,initial_immune_perc,length,height,population_size,contagion_distance,critical_limit,amp_susc,amp_rec,amp_inf,response
0.037742308609600164,0.09876756880857027,100,100,118,5,0.05,15.702249924266924,6.318867799512322,9.532061011604577,0.028658418340140056
