initial_infected_perc,initial_immune_perc,length,height,population_size,contagion_distance,critical_limit,amp_susc,amp_rec,amp_inf,response
0.09555715712819395,0.02814285589656551,100,100,118,5,0.05,15.187082239034677,15.1366912839912,4.783101633459572,0.0019245358490650676
