initial_infected_perc,initial_immune_perc,length,height,population_size,contagion_distance,critical_limit,amp_susc,amp_rec,amp_inf,response
0.08562211352091666,0.023355035543227133,100,100,118,5,0.05,2.279666889459131,6.856573366490039,8.926962434445251,0.28949084289172955
