initial_infected_perc,initial_immune_perc,length,height,population_size,contagion_distance,critical_limit,amp_susc,amp_rec,amp_inf,response
0.02157845145066435,0.09031787844369274,100,100,118,5,0.05,13.833806395188041,18.662262821820818,5.070847985444058,0.18308962576450175
