initial_infected_perc,initial_immune_perc,length,height,population_size,contagion_distance,critical_limit,amp_susc,amp_rec,amp_inf,response
0.08537095216363481,0.09720012314045212,100,100,118,5,0.05,9.138447679987692,18.647615850637948,2.360455746031167,0.030610899497028186
