initial_infected_perc,initial_immune_perc,length,height,population_size,contagion_distance,critical_limit,amp_susc,amp_rec,amp_inf,response
0.07667714661623279,0.09665227039833452,100,100,118,5,0.05,13.600865825095532,10.248825262849886,14.034060173121969,0.24614596077842887
