initial_infected_perc,initial_immune_perc,length,height,population_size,contagion_distance,critical_limit,amp_susc,amp_rec,amp_inf,response
0.04160063668434762,0.009932274771086269,100,100,118,5,0.05,5.552683697208045,14.605673147940422,17.194000984399793,0.06292402285681639
