initial_infected_perc,initial_immune_perc,length,height,population_size,contagion_distance,critical_limit,amp_susc,amp_rec,amp_inf,response
0.015032788620989314,0.032707730626255496,100,100,118,5,0.05,1.3002761650388739,8.401022924905632,11.639546860997346,0.22153855363987787
