initial_infected_perc,initial_immune_perc,length,height,population_size,contagion_distance,critical_limit,amp_susc,amp_rec,amp_inf,response
0.04194295486899496,0.08412228527446008,100,100,118,5,0.05,3.919397634649966,5.053589347867167,3.9772694426147703,0.21758108805127155
