initial_infected_perc,initial_immune_perc,length,height,population_size,contagion_distance,critical_limit,amp_susc,amp_rec,amp_inf,response
0.05914629432672311,0.008546883667464712,100,100,118,5,0.05,1.0762211912080644,7.7119318743661625,12.08839127925637,0.004520301919704206
