initial_infected_perc,initial_immune_perc,length,height,population_size,contagion_distance,critical_limit,amp_susc,amp_rec,amp_inf,response
0.017778765536796384,0.08089140588592734,100,100,118,5,0.05,4.220921646460145,2.5301740675284123,12.475812045007835,0.293083880068877
