initial_infected_perc,initial_immune_perc,length,height,population_size,contagion_distance,critical_limit,amp_susc,amp_rec,amp_inf,response
0.030529266066287787,0.09279852270754152,100,100,118,5,0.05,3.2177160037423813,18.821703127256832,12.996691567019623,0.04762053346156564
