initial_infected_perc,initial_immune_perc,length,height,population_size,contagion_distance,critical_limit,amp_susc,amp_rec,amp_inf,response
0.08492936508783067,0.025510466042738857,100,100,118,5,0.05,18.135629652654938,4.105102987438121,9.66775263015775,0.15090650045903847
