initial_infected_perc,initial_immune_perc,length,height,population_size,contagion_distance,critical_limit,amp_susc,amp_rec,amp_inf,response
0.05135120982251826,0.04975385895457714,100,100,118,5,0.05,11.917103652806789,16.602688344024937,18.233395653368493,0.09609328621913461
