initial_infected_perc,initial_immune_perc,length,height,population_size,contagion_distance,critical_limit,amp_susc,amp_rec,amp_inf,response
0.03931383049341563,0.08589283771200519,100,100,118,5,0.05,4.34728445044837,16.955987723552948,5.840502453350762,0.01716348348618668
