initial_infected_perc,initial_immune_perc,length,height,population_size,contagion_distance,critical_limit,amp_susc,amp_rec,amp_inf,response
0.06952652166517596,0.057651793139099974,100,100,118,5,0.05,5.404161868195036,17.432172947172656,19.53209448006867,0.20753533603002464
