initial_infected_perc,initial_immune_perc,length,height,population_size,contagion_distance,critical_limit,amp_susc,amp_rec,amp_inf,response
0.06672527101983974,0.0067910344522256975,100,100,118,5,0.05,5.283376157857198,9.187373569942668,2.1844293818500016,0.2966989004994905
