initial_infected_perc,initial_immune_perc,length,height,population_size,contagion_distance,critical_limit,amp_susc,amp_rec,amp_inf,response
0.09542340655214221,0.032305745487203545,100,100,118,5,0.05,10.876369612862867,5.040304834796139,0.5866084011114436,0.1633514690693295
