initial_infected_perc,initial_immune_perc,length,height,population_size,contagion_distance,critical_limit,amp_susc,amp_rec,amp_inf,response
0.07765761739941449,0.05410868754164871,100,100,118,5,0.05,14.976442511556389,7.19953603105963,1.0968805992955466,0.1772311664362097
