initial_infected_perc,initial_immune_perc,length,height,population_size,contagion_distance,critical_limit,amp_susc,amp_rec,amp_inf,response
0.06557092075570456,0.033719096296684306,100,100,118,5,0.05,8.752402995877851,2.2507995101975276,14.603388004945248,0.1910955624097519
