initial_infected_perc,initial_immune_perc,length,height,population_size,contagion_distance,critical_limit,amp_susc,amp_rec,amp_inf,response
0.05164943242549628,0.08870294993049033,100,100,118,5,0.05,14.496445923724416,9.460894474986546,7.951215498375232,0.19974692271959457
