initial_infected_perc,initial_immune_perc,length,height,population_size,contagion_distance,critical_limit,amp_susc,amp_rec,amp_inf,response
0.09619582370772137,0.0454879190865682,100,100,118,5,0.05,13.383200794384248,19.94362653449841,17.033204842389857,0.24652507779922248
