initial_infected_perc,initial_immune_perc,length,height,population_size,contagion_distance,critical_limit,amp_susc,amp_rec,amp_inf,response
0.027116279357078745,0.03775045379823558,100,100,118,5,0.05,3.603314590277338,4.945511832330521,11.381565837244676,0.2820050737815556
