initial_infected_perc,initial_immune_perc,length,height,population_size,contagion_distance,critical_limit,amp_susc,amp_rec,amp_inf,response
0.0008052083549309086,0.04513641043102663,100,100,118,5,0.05,19.45443977580982,9.24306382587928,18.0774247803156,0.16609727840734193
