initial_infected_perc,initial_immune_perc,length,height,population_size,contagion_distance,critical_limit,amp_susc,amp_rec,amp_inf,response
0.030872723125996572,0.0004895248688737142,100,100,118,5,0.05,2.9861778118436555,13.598878334967516,0.7314535897217866,0.04140588907224896
