initial_infected_perc,initial_immune_perc,length,height,population_size,contagion_distance,critical_limit,amp_susc,amp_rec,amp_inf,response
0.08182823669998224,0.08139757501182529,100,100,118,5,0.05,2.2502638614549753,16.747912719902402,11.836694967869247,0.2724698627145179
