initial_infected_perc,initial_immune_perc,length,height,population_size,contagion_distance,critical_limit,amp_susc,amp_rec,amp_inf,response
0.023996549717151785,0.03634473153276727,100,100,118,5,0.05,0.7048524753075425,16.65869332403098,3.405369481512952,0.18923467055065582
