initial_infected_perc,initial_immune_perc,length,height,population_size,contagion_distance,critical_limit,amp_susc,amp_rec,amp_inf,response
0.020319519868363712,0.03326665829180436,100,100,118,5,0.05,9.466047814095393,8.133555056234854,6.511819512916331,0.2681733711952561
