initial_infected_perc,initial_immune_perc,length,height,population_size,contagion_distance,critical_limit,amp_susc,amp_rec,amp_inf,response
0.021715715116392965,0.08734595292800569,100,100,118,5,0.05,17.595115706336905,1.7723064547672163,4.003372799693816,0.20129052249294208
