initial_infected_perc,initial_immune_perc,length,height,population_size,contagion_distance,critical_limit,amp_susc,amp_rec,amp_inf,response
0.0377405957724282,0.07510887640432679,100,100,118,5,0.05,13.188950852447006,9.968395840602044,6.481885956939026,0.1570497823044216
