initial_infected_perc,initial_immune_perc,length,height,population_size,contagion_distance,critical_limit,amp_susc,amp_rec,amp_inf,response
0.01232335891017098,0.09782699145096771,100,100,118,5,0.05,7.6727486447726845,16.233844161328413,4.901379408992417,0.20316540168578426
