initial_infected_perc,initial_immune_perc,length,height,population_size,contagion_distance,critical_limit,amp_susc,amp_rec,amp_inf,response
0.08547524029340507,0.06753135295681652,100,100,118,5,0.05,12.561599805364047,8.731592676563828,12.576216341509593,0.07265763826408689
