initial_infected_perc,initial_immune_perc,length,height,population_size,contagion_distance,critical_limit,amp_susc,amp_rec,amp_inf,response
0.04632799887049003,0.07099953102280758,100,100,118,5,0.05,10.636502032540063,18.34245457615136,5.052069975101228,0.18616017227768336
