initial_infected_perc,initial_immune_perc,length,height,population_size,contagion_distance,critical_limit,amp_susc,amp_rec,amp_inf,response
0.0896311628593063,0.022215117209028336,100,100,118,5,0.05,16.788835851516424,18.629036281990686,2.67854010150554,0.09860635347740972
