initial_infected_perc,initial_immune_perc,length,height,population_size,contagion_distance,critical_limit,amp_susc,amp_rec,amp_inf,response
0.09660059087606851,0.005849326258983001,100,100,118,5,0.05,8.758336784841331,15.602998749500694,3.670791556023363,0.058731828244890566
