initial_infected_perc,initial_immune_perc,length,height,population_size,contagion_distance,critical_limit,amp_susc,amp_rec,amp_inf,response
0.033822209204930356,0.022957325203585035,100,100,118,5,0.05,14.644305635019663,0.9728252508277158,19.39953741367966,0.11828392492529473
