initial_infected_perc,initial_immune_perc,length,height,population_size,contagion_distance,critical_limit,amp_susc,amp_rec,amp_inf,response
0.034358363611477184,0.005907803403845391,100,100,118,5,0.05,17.664957672009326,11.52289540918231,5.5397099479142,0.20820240591995332
