initial_infected_perc,initial_immune_perc,length,height,population_size,contagion_distance,critical_limit,amp_susc,amp_rec,amp_inf,response
0.05419712435541383,0.05843553742525092,100,100,118,5,0.05,3.654543308355913,8.161725580555306,11.895701544561703,0.24411921861891264
