initial_infected_perc,initial_immune_perc,length,height,population_size,contagion_distance,critical_limit,amp_susc,amp_rec,amp_inf,response
0.029077351986518164,0.03746179275332826,100,100,118,5,0.05,3.5521056676154195,6.114125764140352,17.170530426366813,0.17196830340982006
