initial_infected_perc,initial_immune_perc,length,height,population_size,contagion_distance,critical_limit,amp_susc,amp_rec,amp_inf,response
0.00031793752244828615,0.022918279132614818,100,100,118,5,0.05,12.505461345641415,11.191477269075769,2.983893656987262,0.02611984266651778
