initial_infected_perc,initial_immune_perc,length,height,population_size,contagion_distance,critical_limit,amp_susc,amp_rec,amp_inf,response
0.027626306682535042,0.07716908757605385,100,100,118,5,0.05,14.240022735919942,19.185505409738536,1.2130452446209228,0.22145430225830776
