initial_infected_perc,initial_immune_perc,length,height,population_size,contagion_distance,critical_limit,amp_susc,amp_rec,amp_inf,response
0.09273231499383021,0.09429896446696119,100,100,118,5,0.05,19.395030036811264,19.81710396198237,17.239828239469833,0.18760643727630238
