initial_infected_perc,initial_immune_perc,length,height,population_size,contagion_distance,critical_limit,amp_susc,amp_rec,amp_inf,response
0.08236089853811834,0.08318564148408657,100,100,118,5,0.05,9.953891399591832,7.758471480748456,16.31360358046631,0.22666040105297047
