initial_infected_perc,initial_immune_perc,length,height,population_size,contagion_distance,critical_limit,amp_susc,amp_rec,amp_inf,response
0.06766743193641397,0.06986407236476343,100,100,118,5,0.05,2.8837006024560674,12.868388182806566,15.334002824228087,0.04030809007518902
