initial_infected_perc,initial_immune_perc,length,height,population_size,contagion_distance,critical_limit,amp_susc,amp_rec,amp_inf,response
0.059577655400768176,0.0735886170794505,100,100,118,5,0.05,11.474656930140892,12.53422781010562,5.772235795446385,0.19997524254691343
