initial_infected_perc,initial_immune_perc,length,height,population_size,contagion_distance,critical_limit,amp_susc,amp_rec,amp_inf,response
0.009609990546445957,0.0053479974329977645,100,100,118,5,0.05,7.936880479907744,2.5445788154574878,7.331635204841005,0.29669423294976105
