initial_infected_perc,initial_immune_perc,length,height,population_size,contagion_distance,critical_limit,amp_susc,amp_rec,amp_inf,response
0.0671807892135754,0.06733770553042727,100,100,118,5,0.05,3.6189720166016093,6.097509129377416,16.732894892780795,0.10336742353332959
