initial_infected_perc,initial_immune_perc,length,height,population_size,contagion_distance,critical_limit,amp_susc,amp_rec,amp_inf,response
0.06316350661811025,0.04442254642739412,100,100,118,5,0.05,17.683972157587807,4.044503296054696,9.325542883268874,0.28369291001223096
