initial_infected_perc,initial_immune_perc,length,height,population_size,contagion_distance,critical_limit,amp_susc,amp_rec,amp_inf,response
0.019635414048056556,0.0412231413342696,100,100,118,5,0.05,2.845876871371007,16.616421725779258,13.522983947172039,0.07932412982425037
