initial_infected_perc,initial_immune_perc,length,height,population_size,contagion_distance,critical_limit,amp_susc,amp_rec,amp_inf,response
0.07781974256064361,0.0019658647488326577,100,100,118,5,0.05,12.641652057014387,10.767295720067288,12.209282553144265,0.13833076820945509
