initial_infected_perc,initial_immune_perc,length,height,population_size,contagion_distance,critical_limit,amp_susc,amp_rec,amp_inf,response
0.0930923044542812,0.04227349289715909,100,100,118,5,0.05,8.291199589440005,15.281862895168178,2.5923330437158953,0.09200253907585139
