initial_infected_perc,initial_immune_perc,length,height,population_size,contagion_distance,critical_limit,amp_susc,amp_rec,amp_inf,response
0.04376004702706,0.021358836031998764,100,100,118,5,0.05,19.5775478268241,9.02810802946977,10.216812960048982,0.01562137750920085
