initial_infected_perc,initial_immune_perc,length,height,population_size,contagion_distance,critical_limit,amp_susc,amp_rec,amp_inf,response
0.05694358324442951,0.03516696219409832,100,100,118,5,0.05,7.625400704224132,17.75654213151799,1.8828988177768458,0.000592836235836125
