initial_infected_perc,initial_immune_perc,length,height,population_size,contagion_distance,critical_limit,amp_susc,amp_rec,amp_inf,response
0.0032737429903449745,0.08199994175605142,100,100,118,5,0.05,18.042722397774774,6.280307529359142,7.7731310914041085,0.12913906386974594
