initial_infected_perc,initial_immune_perc,length,height,population_size,contagion_distance,critical_limit,amp_susc,amp_rec,amp_inf,response
0.04619163484718772,0.09453867526572228,100,100,118,5,0.05,3.1305056521741537,2.1169197056291655,6.652542997142548,0.0469139815200344
