initial_infected_perc,initial_immune_perc,length,height,population_size,contagion_distance,critical_limit,amp_susc,amp_rec,amp_inf,response
0.06598033827741012,0.03978533950337122,100,100,118,5,0.05,8.10454967390096,16.230960360278857,9.039593763593105,0.25624319506842286
