initial_infected_perc,initial_immune_perc,length,height,population_size,contagion_distance,critical_limit,amp_susc,amp_rec,amp_inf,response
0.03677972296964769,0.026575456359274743,100,100,118,5,0.05,16.9554461713885,12.37256755480551,0.06173006200287601,0.09853857907468107
