initial_infected_perc,initial_immune_perc,length,height,population_size,contagion_distance,critical_limit,amp_susc,amp_rec,amp_inf,response
0.041105778591620984,0.04780185329974446,100,100,118,5,0.05,19.724963033067556,15.827914747677623,5.0732834589958165,0.27719893079333835
