initial_infected_perc,initial_immune_perc,length,height,population_size,contagion_distance,critical_limit,amp_susc,amp_rec,amp_inf,response
0.09838366986635307,0.0995219019017501,100,100,118,5,0.05,4.27219588645269,6.59009938003085,9.6377534921441,0.22848391378951927
