initial_infected_perc,initial_immune_perc,length,height,population_size,contagion_distance,critical_limit,amp_susc,amp_rec,amp_inf,response
0.04092050710661757,0.05539069919431952,100,100,118,5,0.05,8.642035345357517,13.82524759093873,2.320622266507526,0.23447425990523704
