initial_infected_perc,initial_immune_perc,length,height,population_size,contagion_distance,critical_limit,amp_susc,amp_rec,amp_inf,response
0.07115400860750153,0.040348545196565166,100,100,118,5,0.05,18.340944971886362,17.58087680452302,10.478823033122012,0.047425550088315505
