initial_infected_perc,initial_immune_perc,length,height,population_size,contagion_distance,critical_limit,amp_susc,amp_rec,amp_inf,response
0.004661541005590531,0.08687185598408856,100,100,118,5,0.05,15.764402084584379,5.398024149590526,8.130929147317271,0.05842571732962762
