initial_infected_perc,initial_immune_perc,length,height,population_size,contagion_distance,critical_limit,amp_susc,amp_rec,amp_inf,response
0.024527715729590227,0.09499914232641538,100,100,118,5,0.05,11.164247508153135,1.9013554982846848,12.660328766868155,0.056513978314352085
