initial_infected_perc,initial_immune_perc,length,height,population_size,contagion_distance,critical_limit,amp_susc,amp_rec,amp_inf,response
0.037004436220368364,0.0148717870517328,100,100,118,5,0.05,17.68951532410039,17.8037218971985,2.8481796195942777,0.05651252539006983
