initial_infected_perc,initial_immune_perc,length,height,population_size,contagion_distance,critical_limit,amp_susc,amp_rec,amp_inf,response
0.062300183127603194,0.04137857891411201,100,100,118,5,0.05,4.771358716893557,1.5653186415789744,13.198967051450117,0.29895620310704724
