initial_infected_perc,initial_immune_perc,length,height,population_size,contagion_distance,critical_limit,amp_susc,amp_rec,amp_inf,response
0.07959644064957494,0.024207369267082814,100,100,118,5,0.05,16.49613704793663,16.170914565837148,12.014467979245522,0.11263656789258088
