initial_infected_perc,initial_immune_perc,length,height,population_size,contagion_distance,critical_limit,amp_susc,amp_rec,amp_inf,response
0.05566507223442955,0.06835220463025092,100,100,118,5,0.05,7.577395139176028,6.195039077976938,2.4186934711050645,0.27506085336318564
