initial_infected_perc,initial_immune_perc,length,height,population_size,contagion_distance,critical_limit,amp_susc,amp_rec,amp_inf,response
0.07523667073353453,0.03984309572981857,100,100,118,5,0.05,18.096011074160778,14.27731829104151,9.553686256108243,0.24371427549047375
