initial_infected_perc,initial_immune_perc,length,height,population_size,contagion_distance,critical_limit,amp_susc,amp_rec,amp_inf,response
0.00018378769282603182,0.06695725146725336,100,100,118,5,0.05,11.66796359555512,13.509723257447197,19.650086694893556,0.03218563089590743
