initial_infected_perc,initial_immune_perc,length,height,population_size,contagion_distance,critical_limit,amp_susc,amp_rec,amp_inf,response
0.03232926965819873,0.06929046007050205,100,100,118,5,0.05,6.920609023519466,15.840282936949674,7.487519174751965,0.29562142908939276
