initial_infected_perc,initial_immune_perc,length,height,population_size,contagion_distance,critical_limit,amp_susc,amp_rec,amp_inf,response
0.027467666087942433,0.02367682703436882,100,100,118,5,0.05,9.20933493127995,8.739104919776235,4.168467436197078,0.13574579932806058
