initial_infected_perc,initial_immune_perc,length,height,population_size,contagion_distance,critical_limit,amp_susc,amp_rec,amp_inf,response
0.09949091329345279,0.07927049183984004,100,100,118,5,0.05,8.722168704495651,2.923582944890122,10.938015316371224,0.28337255257883626
