initial_infected_perc,initial_immune_perc,length,height,population_size,contagion_distance,critical_limit,amp_susc,amp_rec,amp_inf,response
0.08840758473824646,0.011022423869039,100,100,118,5,0.05,6.941517446312573,8.38960517435794,7.5409619091511,0.24333080775821078
