initial_infected_perc,initial_immune_perc,length,height,population_size,contagion_distance,critical_limit,amp_susc,amp_rec,amp_inf,response
0.03180878491198437,0.09909544250927038,100,100,118,5,0.05,16.777749800440656,9.000013373487628,8.583570794068171,0.29018804590821806
