initial_infected_perc,initial_immune_perc,length,height,population_size,contagion_distance,critical_limit,amp_susc,amp_rec,amp_inf,response
0.04849839083123857,0.02426650450784733,100,100,118,5,0.05,17.85765627579854,7.892178413490713,10.82905901718255,0.22534937142430467
