initial_infected_perc,initial_immune_perc,length,height,population_size,contagion_distance,critical_limit,amp_susc,amp_rec,amp_inf,response
0.0716871665278356,0.0032080999204188833,100,100,118,5,0.05,0.31960425450479724,17.151295622422133,1.3134907727071399,0.21855460324656747
