initial_infected_perc,initial_immune_perc,length,height,population_size,contagion_distance,critical_limit,amp_susc,amp_rec,amp_inf,response
0.050479506288879594,0.0827315755792591,100,100,118,5,0.05,12.775340201778933,15.775523689506123,10.688896735739304,0.04909218325084047
