initial_infected_perc,initial_immune_perc,length,height,population_size,contagion_distance,critical_limit,amp_susc,amp_rec,amp_inf,response
0.09185796820753268,0.07849735619699369,100,100,118,5,0.05,14.778139814591803,2.297252700398531,10.863245101542546,0.08233066764854484
