initial_infected_perc,initial_immune_perc,length,height,population_size,contagion_distance,critical_limit,amp_susc,amp_rec,amp_inf,response
0.09888529009455671,0.025481184070629104,100,100,118,5,0.05,19.412754821199844,11.278943607637395,8.634197879123649,0.18056601492277036
