initial_infected_perc,initial_immune_perc,length,height,population_size,contagion_distance,critical_limit,amp_susc,amp_rec,amp_inf,response
0.01640065037491978,0.027834470100585863,100,100,118,5,0.05,1.973736215736206,7.465846750511298,16.329615464352432,0.01992433047175882
