initial_infected_perc,initial_immune_perc,length,height,population_size,contagion_distance,critical_limit,amp_susc,amp_rec,amp_inf,response
0.07792274515891394,0.08271661176452327,100,100,118,5,0.05,18.457363159356206,10.482679510187904,7.296195900790887,0.24776793630179486
