initial_infected_perc,initial_immune_perc,length,height,population_size,contagion_distance,critical_limit,amp_susc,amp_rec,amp_inf,response
0.06463110340863604,0.06883610951890741,100,100,118,5,0.05,10.478448005439764,19.38465900868449,6.779162542192783,0.10421068003114071
