initial_infected_perc,initial_immune_perc,length,height,population_size,contagion_distance,critical_limit,amp_susc,amp_rec,amp_inf,response
0.024550280408574234,0.04394297458679711,100,100,118,5,0.05,16.4838706499973,5.938607553801014,2.6077651189483353,0.1614393734280485
