initial_infected_perc,initial_immune_perc,length,height,population_size,contagion_distance,critical_limit,amp_susc,amp_rec,amp_inf,response
0.061046651507000595,0.06876615614358143,100,100,118,5,0.05,7.121315677602746,15.31786278029498,7.37603416863257,0.19742409979171316
