initial_infected_perc,initial_immune_perc,length,height,population_size,contagion_distance,critical_limit,amp_susc,amp_rec,amp_inf,response
0.06795527747676844,0.08563074279421505,100,100,118,5,0.05,7.693353988222526,18.511907500825487,4.2220549909683,0.23838069407869883
