initial_infected_perc,initial_immune_perc,length,height,population_size,contagion_distance,critical_limit,amp_susc,amp_rec,amp_inf,response
0.09730845605109599,0.045800090497297954,100,100,118,5,0.05,14.809742177129062,3.871278186961906,10.197157659002682,0.18535901219423043
