initial_infected_perc,initial_immune_perc,length,height,population_size,contagion_distance,critical_limit,amp_susc,amp_rec,amp_inf,response
0.06279475072275334,0.05668473601618636,100,100,118,5,0.05,8.288376658316816,9.998739066423036,15.6920949652206,0.09083700855741231
