initial_infected_perc,initial_immune_perc,length,height,population_size,contagion_distance,critical_limit,amp_susc,amp_rec,amp_inf,response
0.053363299783187074,0.05237932485673805,100,100,118,5,0.05,12.646061547798093,7.691977224418589,4.504263934549324,0.09857731198286569
