initial_infected_perc,initial_immune_perc,length,height,population_size,contagion_distance,critical_limit,amp_susc,amp_rec,amp_inf,response
0.09879447515499332,0.0026533528495662484,100,100,118,5,0.05,14.322572077408346,16.083811401262068,2.0911539376124733,0.07829440288812073
