initial_infected_perc,initial_immune_perc,length,height,population_size,contagion_distance,critical_limit,amp_susc,amp_rec,amp_inf,response
0.0681525825546138,0.09529004880229489,100,100,118,5,0.05,12.991858621107424,7.396874905944538,11.407537056084738,0.115093010090032
