initial_infected_perc,initial_immune_perc,length,height,population_size,contagion_distance,critical_limit,amp_susc,amp_rec,amp_inf,response
0.06785251690154272,0.06709259462347088,100,100,118,5,0.05,11.320262181192293,0.007620082841810483,4.237834554034472,0.18123036987784055
