initial_infected_perc,initial_immune_perc,length,height,population_size,contagion_distance,critical_limit,amp_susc,amp_rec,amp_inf,response
0.034057403165925995,0.01931249545335616,100,100,118,5,0.05,12.54052930815508,19.3391816597401,19.72500880676375,0.18884487078650808
