initial_infected_perc,initial_immune_perc,length,height,population_size,contagion_distance,critical_limit,amp_susc,amp_rec,amp_inf,response
0.08741887760420151,0.04648617315042926,100,100,118,5,0.05,19.316047621458303,4.054846026930033,2.510741670993215,0.1518030226026405
