initial_infected_perc,initial_immune_perc,length,height,population_size,contagion_distance,critical_limit,amp_susc,amp_rec,amp_inf,response
0.026768031052936504,0.025297733797594736,100,100,118,5,0.05,18.985892251036166,10.917812227379773,6.795931676558167,0.18769056883049876
