initial_infected_perc,initial_immune_perc,length,height,population_size,contagion_distance,critical_limit,amp_susc,amp_rec,amp_inf,response
0.0445378810167355,0.008777243273153545,100,100,118,5,0.05,11.847386284380914,12.264411368107702,11.86734781299709,0.08343065921226551
