initial_infected_perc,initial_immune_perc,length,height,population_size,contagion_distance,critical_limit,amp_susc,amp_rec,amp_inf,response
0.035226000916022536,0.0210157160185557,100,100,118,5,0.05,6.3588126054466425,6.164605758310973,2.826576176132667,0.07381341796996856
