initial_infected_perc,initial_immune_perc,length,height,population_size,contagion_distance,critical_limit,amp_susc,amp_rec,amp_inf,response
0.06086623956587281,0.08894029882177185,100,100,118,5,0.05,3.5768521318287205,0.22322194888971358,14.78417595946819,0.2889394611149015
