initial_infected_perc,initial_immune_perc,length,height,population_size,contagion_distance,critical_limit,amp_susc,amp_rec,amp_inf,response
0.03462634054596806,0.07828327334715604,100,100,118,5,0.05,2.341518416716246,6.62672467415375,7.492532908572869,0.2541087535343366
