initial_infected_perc,initial_immune_perc,length,height,population_size,contagion_distance,critical_limit,amp_susc,amp_rec,amp_inf,response
0.06507411705314065,0.07802774347828052,100,100,118,5,0.05,11.301053519432376,1.759437995532902,3.978685989670483,0.15409455084207643
