initial_infected_perc,initial_immune_perc,length,height,population_size,contagion_distance,critical_limit,amp_susc,amp_rec,amp_inf,response
0.051724184992806545,0.04799672593450086,100,100,118,5,0.05,0.6397192667003648,16.309101381320758,12.888764567813745,0.06252249567110545
