initial_infected_perc,initial_immune_perc,length,height,population_size,contagion_distance,critical_limit,amp_susc,amp_rec,amp_inf,response
0.049889627064745534,0.03010301443026534,100,100,118,5,0.05,0.5660491183340022,11.073093635563563,17.108597259233473,0.13209842767003596
