initial_infected_perc,initial_immune_perc,length,height,population_size,contagion_distance,critical_limit,amp_susc,amp_rec,amp_inf,response
0.09826638016773526,0.007997197299804337,100,100,118,5,0.05,19.109993123119096,12.895044421217097,5.897159567345889,0.05450505304962525
