initial_infected_perc,initial_immune_perc,length,height,population_size,contagion_distance,critical_limit,amp_susc,amp_rec,amp_inf,response
0.061498549884602474,0.005150534814749397,100,100,118,5,0.05,5.297144943834158,18.142497147240057,3.348649134648509,0.2142960282928247
