initial_infected_perc,initial_immune_perc,length,height,population_size,contagion_distance,critical_limit,amp_susc,amp_rec,amp_inf,response
0.04055549339741459,0.040441965399967555,100,100,118,5,0.05,6.8754161774895595,0.21408289215267162,7.553672059409216,0.07444991170916168
