initial_infected_perc,initial_immune_perc,length,height,population_size,contagion_distance,critical_limit,amp_susc,amp_rec,amp_inf,response
0.012476651432307773,0.07423670255635882,100,100,118,5,0.05,0.9523303283829887,4.822630065393416,7.1537599490353205,0.08166144313829472
