initial_infected_perc,initial_immune_perc,length,height,population_size,contagion_distance,critical_limit,amp_susc,amp_rec,amp_inf,response
0.09469804265704684,0.07662356385294834,100,100,118,5,0.05,6.230402297872654,14.24293544688002,15.03280703445174,0.034203636162329965
