initial_infected_perc,initial_immune_perc,length,height,population_size,contagion_distance,critical_limit,amp_susc,amp_rec,amp_inf,response
0.048515131955038586,0.0045347983009517145,100,100,118,5,0.05,1.7757780922274158,7.629852313286573,13.17568118645573,0.24256840641670124
