initial_infected_perc,initial_immune_perc,length,height,population_size,contagion_distance,critical_limit,amp_susc,amp_rec,amp_inf,response
0.05366183853769945,0.041438075387954014,100,100,118,5,0.05,14.763014291770611,5.629337935680274,9.49438708621418,0.1432237950731605
