initial_infected_perc,initial_immune_perc,length,height,population_size,contagion_distance,critical_limit,amp_susc,amp_rec,amp_inf,response
0.08038204691240707,0.0038321395176489914,100,100,118,5,0.05,15.841183087353505,11.673493929018537,16.540033447763612,0.06358423595440586
