initial_infected_perc,initial_immune_perc,length,height,population_size,contagion_distance,critical_limit,amp_susc,amp_rec,amp_inf,response
0.028410256980558813,0.09338232715499133,100,100,118,5,0.05,19.81270702481614,2.624229293528777,11.737846860522955,0.1774665228701467
