initial_infected_perc,initial_immune_perc,length,height,population_size,contagion_distance,critical_limit,amp_susc,amp_rec,amp_inf,response
0.09607178075265863,0.06875744274125066,100,100,118,5,0.05,9.753744848504958,5.271935049829704,9.64731761940267,0.1564954274424587
