initial_infected_perc,initial_immune_perc,length,height,population_size,contagion_distance,critical_limit,amp_susc,amp_rec,amp_inf,response
0.060831299636066,0.015786793317707003,100,100,118,5,0.05,9.590722445491895,2.9961328235862217,9.080765334910708,0.1700854508428386
