initial_infected_perc,initial_immune_perc,length,height,population_size,contagion_distance,critical_limit,amp_susc,amp_rec,amp_inf,response
0.009888885460734588,0.04659489473723243,100,100,118,5,0.05,6.600203017355504,0.4375560472375861,2.6624051006839067,0.01893459754135337
