initial_infected_perc,initial_immune_perc,length,height,population_size,contagion_distance,critical_limit,amp_susc,amp_rec,amp_inf,response
0.07961190661942652,0.0848735026149679,100,100,118,5,0.05,2.62417502951958,16.466793310279083,13.956754102455612,0.21967233168757402
