initial_infected_perc,initial_immune_perc,length,height,population_size,contagion_distance,critical_limit,amp_susc,amp_rec,amp_inf,response
0.01362894130096335,0.07338490853686204,100,100,118,5,0.05,17.78227986923643,6.392626749598309,1.227611981022303,0.2510309476049325
