initial_infected_perc,initial_immune_perc,length,height,population_size,contagion_distance,critical_limit,amp_susc,amp_rec,amp_inf,response
0.08488318062452499,0.051951544129441675,100,100,118,5,0.05,1.2354941589605462,14.808828512076444,9.84752474683221,0.08455276247585751
