initial_infected_perc,initial_immune_perc,length,height,population_size,contagion_distance,critical_limit,amp_susc,amp_rec,amp_inf,response
0.03427657433032243,0.02016538187496444,100,100,118,5,0.05,2.864522895911672,15.277939667657225,6.398479090527987,0.16203512701161976
