initial_infected_perc,initial_immune_perc,length,height,population_size,contagion_distance,critical_limit,amp_susc,amp_rec,amp_inf,response
0.014291746896143043,0.04588327061291726,100,100,118,5,0.05,17.232561614341968,7.303012572431911,17.14027603628282,0.17198975674640288
