initial_infected_perc,initial_immune_perc,length,height,population_size,contagion_distance,critical_limit,amp_susc,amp_rec,amp_inf,response
0.0205032446622377,0.012840535550958666,100,100,118,5,0.05,13.017759787112304,8.25304994310381,16.16636743910491,0.05894452560410097
