initial_infected_perc,initial_immune_perc,length,height,population_size,contagion_distance,critical_limit,amp_susc,amp_rec,amp_inf,response
0.027961877987663267,0.017221581707329604,100,100,118,5,0.05,6.65239542555466,5.411553914784742,17.58816676355369,0.11510360503353427
