initial_infected_perc,initial_immune_perc,length,height,population_size,contagion_distance,critical_limit,amp_susc,amp_rec,amp_inf,response
0.06025412670351944,0.017693555869360177,100,100,118,5,0.05,0.3007554503233911,10.033075302871472,12.633806686048274,0.03452481418589326
