initial_infected_perc,initial_immune_perc,length,height,population_size,contagion_distance,critical_limit,amp_susc,amp_rec,amp_inf,response
0.029011053400457922,0.003203708981457143,100,100,118,5,0.05,16.356580766631946,17.669169867883454,2.554468171483275,0.28129984785577505
