initial_infected_perc,initial_immune_perc,length,height,population_size,contagion_distance,critical_limit,amp_susc,amp_rec,amp_inf,response
0.06644350726277817,0.014448094424348157,100,100,118,5,0.05,0.06849235892739225,10.992863974694615,11.04291608122181,0.2559375065473868
