initial_infected_perc,initial_immune_perc,length,height,population_size,contagion_distance,critical_limit,amp_susc,amp_rec,amp_inf,response
0.08354289513852649,0.06273547137171298,100,100,118,5,0.05,12.853888750237449,8.601928360342303,18.24803544615088,0.24611731438917162
