initial_infected_perc,initial_immune_perc,length,height,population_size,contagion_distance,critical_limit,amp_susc,amp_rec,amp_inf,response
0.03471043611523578,0.031199768186323917,100,100,118,5,0.05,14.033084476109273,13.321006823261746,13.991802376525687,0.14631055341703864
