initial_infected_perc,initial_immune_perc,length,height,population_size,contagion_distance,critical_limit,amp_susc,amp_rec,amp_inf,response
0.03136319892298596,0.09227926656784913,100,100,118,5,0.05,3.8160036527820873,17.122107252124014,15.216990898127465,0.1412940930693399
