initial_infected_perc,initial_immune_perc,length,height,population_size,contagion_distance,critical_limit,amp_susc,amp_rec,amp_inf,response
0.04872794191878238,0.033346245961502964,100,100,118,5,0.05,2.4054503485975243,13.86288275519319,12.72404324787776,0.2511645931401
