initial_infected_perc,initial_immune_perc,length,height,population_size,contagion_distance,critical_limit,amp_susc,amp_rec,amp_inf,response
0.033535356975470366,0.0019724556915053483,100,100,118,5,0.05,7.784737473035557,12.683892299552763,6.564606373830067,0.14420531636057285
