initial_infected_perc,initial_immune_perc,length,height,population_size,contagion_distance,critical_limit,amp_susc,amp_rec,amp_inf,response
0.07649385798038738,0.05443974435185525,100,100,118,5,0.05,14.734256502275356,13.363627969538447,11.312813065425404,0.09794382119805761
