initial_infected_perc,initial_immune_perc,length,height,population_size,contagion_distance,critical_limit,amp_susc,amp_rec,amp_inf,response
0.07050085294527587,0.04195173517986761,100,100,118,5,0.05,19.38309202319394,4.512091984577344,19.82737653218293,0.21351901911071597
