initial_infected_perc,initial_immune_perc,length,height,population_size,contagion_distance,critical_limit,amp_susc,amp_rec,amp_inf,response
0.0916396866994846,0.051605879569663664,100,100,118,5,0.05,2.9619825186604865,7.674832814274559,11.078315680512546,0.04408702918290138
