initial_infected_perc,initial_immune_perc,length,height,population_size,contagion_distance,critical_limit,amp_susc,amp_rec,amp_inf,response
0.07449816398098245,0.06534346642928744,100,100,118,5,0.05,8.292525569757029,7.91980445044498,8.932548525238627,0.22979505556189297
