initial_infected_perc,initial_immune_perc,length,height,population_size,contagion_distance,critical_limit,amp_susc,amp_rec,amp_inf,response
0.06636832219759095,0.054872393659322866,100,100,118,5,0.05,16.877582818275815,3.8196424933711737,1.2351708243028225,0.17411446017531704
