initial_infected_perc,initial_immune_perc,length,height,population_size,contagion_distance,critical_limit,amp_susc,amp_rec,amp_inf,response
0.04288177732770341,0.07343616259322398,100,100,118,5,0.05,4.402067966936009,18.051648136774023,11.737993656452081,0.05642759316494835
