initial_infected_perc,initial_immune_perc,length,height,population_size,contagion_distance,critical_limit,amp_susc,amp_rec,amp_inf,response
0.010933462365531988,0.08116577784147318,100,100,118,5,0.05,16.0210623822377,5.459825046072706,11.771930974825251,0.1689704059390503
