initial_infected_perc,initial_immune_perc,length,height,population_size,contagion_distance,critical_limit,amp_susc,amp_rec,amp_inf,response
0.0026556004211904186,0.059326953113335246,100,100,118,5,0.05,17.51817525598366,13.790464140528996,8.640648750758679,0.06625025784363214
