initial_infected_perc,initial_immune_perc,length,height,population_size,contagion_distance,critical_limit,amp_susc,amp_rec,amp_inf,response
0.08278501555550377,0.0949476750959936,100,100,118,5,0.05,18.14803212062152,16.434798481444915,5.210325739906745,0.11135454469404239
