initial_infected_perc,initial_immune_perc,length,height,population_size,contagion_distance,critical_limit,amp_susc,amp_rec,amp_inf,response
0.045860011978483495,0.043227371343607594,100,100,118,5,0.05,2.6456359717421174,12.415431095986296,7.719619258816857,0.14903688782155722
