initial_infected_perc,initial_immune_perc,length,height,population_size,contagion_distance,critical_limit,amp_susc,amp_rec,amp_inf,response
0.014020959828871983,0.030113142042675668,100,100,118,5,0.05,7.379375714720813,7.825122873510242,16.608071977923938,0.026887479532989398
