initial_infected_perc,initial_immune_perc,length,height,population_size,contagion_distance,critical_limit,amp_susc,amp_rec,amp_inf,response
0.04298698380600925,0.017365445073317366,100,100,118,5,0.05,9.438376475615197,15.475065965067785,18.53674300683318,0.19051086511161672
