initial_infected_perc,initial_immune_perc,length,height,population_size,contagion_distance,critical_limit,amp_susc,amp_rec,amp_inf,response
0.07043169429892755,0.07341137617790756,100,100,118,5,0.05,16.687116526910224,8.403819872613564,6.9810559658222004,0.2155280494233476
