initial_infected_perc,initial_immune_perc,length,height,population_size,contagion_distance,critical_limit,amp_susc,amp_rec,amp_inf,response
0.02050702425503035,0.057795592473749824,100,100,118,5,0.05,7.2985571273671646,4.823742937950721,11.171841181778039,0.27135612826642275
