initial_infected_perc,initial_immune_perc,length,height,population_size,contagion_distance,critical_limit,amp_susc,amp_rec,amp_inf,response
0.010965956741271222,0.004626765559467771,100,100,118,5,0.05,3.044846641196377,19.981356757618975,9.214289619183365,0.18193769397365217
