initial_infected_perc,initial_immune_perc,length,height,population_size,contagion_distance,critical_limit,amp_susc,amp_rec,amp_inf,response
0.07838816528025414,0.018444011167524022,100,100,118,5,0.05,17.386465493451272,17.11930527927454,13.638341680773289,0.1454281667953381
