initial_infected_perc,initial_immune_perc,length,height,population_size,contagion_distance,critical_limit,amp_susc,amp_rec,amp_inf,response
0.05466414867962807,0.09580321238005005,100,100,118,5,0.05,6.948950954545625,2.7420131899147937,3.6152262759253895,0.11967061686669446
