initial_infected_perc,initial_immune_perc,length,height,population_size,contagion_distance,critical_limit,amp_susc,amp_rec,amp_inf,response
0.040037682201695006,0.06835713897379248,100,100,118,5,0.05,4.690320564320373,15.848457013235288,2.825689327435388,0.11243440880688212
