initial_infected_perc,initial_immune_perc,length,height,population_size,contagion_distance,critical_limit,amp_susc,amp_rec,amp_inf,response
0.03559451861309606,0.02694202986640829,100,100,118,5,0.05,6.97862989109524,17.81351715272717,4.467225329432248,0.021206481033310454
