initial_infected_perc,initial_immune_perc,length,height,population_size,contagion_distance,critical_limit,amp_susc,amp_rec,amp_inf,response
0.027822139882648603,0.07662213064472287,100,100,118,5,0.05,1.0811750490826766,13.523238264072614,6.169829381651722,0.22890110233707792
