initial_infected_perc,initial_immune_perc,length,height,population_size,contagion_distance,critical_limit,amp_susc,amp_rec,amp_inf,response
0.08799842243260902,0.005973758545809194,100,100,118,5,0.05,9.792417725388933,18.457445496132134,5.04319993961891,0.20639992442148955
