initial_infected_perc,initial_immune_perc,length,height,population_size,contagion_distance,critical_limit,amp_susc,amp_rec,amp_inf,response
0.06371292208545155,0.009844725449405135,100,100,118,5,0.05,8.074275242103292,10.571137561484527,18.38281718473883,0.22895877621921765
