initial_infected_perc,initial_immune_perc,length,height,population_size,contagion_distance,critical_limit,amp_susc,amp_rec,amp_inf,response
0.08316829883558678,0.0506214963653793,100,100,118,5,0.05,1.7105766932254562,3.2892784943400155,8.861331582776087,0.20263952897473322
