initial_infected_perc,initial_immune_perc,length,height,population_size,contagion_distance,critical_limit,amp_susc,amp_rec,amp_inf,response
0.014418446361608828,0.07999186923303404,100,100,118,5,0.05,9.112760613973482,9.410743036950697,13.802184497716958,0.1754662568465545
