initial_infected_perc,initial_immune_perc,length,height,population_size,contagion_distance,critical_limit,amp_susc,amp_rec,amp_inf,response
0.05766036932155251,0.018330398545448625,100,100,118,5,0.05,16.203948248359726,17.942167760179416,9.35125138766969,0.0019796792338860115
