initial_infected_perc,initial_immune_perc,length,height,population_size,contagion_distance,critical_limit,amp_susc,amp_rec,amp_inf,response
0.0010250820316981546,0.025252571084333143,100,100,118,5,0.05,6.365588266690015,17.811265935958133,3.1057158878572677,0.2595724139554217
