initial_infected_perc,initial_immune_perc,length,height,population_size,contagion_distance,critical_limit,amp_susc,amp_rec,amp_inf,response
0.05762817862262801,0.04111595201720361,100,100,118,5,0.05,14.333645458902659,19.036945622300905,8.158443852959735,0.14342859898228807
