initial_infected_perc,initial_immune_perc,length,height,population_size,contagion_distance,critical_limit,amp_susc,amp_rec,amp_inf,response
0.06348405046771546,0.06342344259965473,100,100,118,5,0.05,2.66648921636794,0.5720668035936649,9.507240389802798,0.12220789588121622
