initial_infected_perc,initial_immune_perc,length,height,population_size,contagion_distance,critical_limit,amp_susc,amp_rec,amp_inf,response
0.007776672321712819,0.07123387283480086,100,100,118,5,0.05,13.286181568960133,7.3759548261210135,7.871177406722976,0.018065255709129112
