initial_infected_perc,initial_immune_perc,length,height,population_size,contagion_distance,critical_limit,amp_susc,amp_rec,amp_inf,response
0.09201128977317069,0.06397275080109253,100,100,118,5,0.05,17.37797740563421,16.25816732348255,18.359887476628188,0.17831381575390498
