initial_infected_perc,initial_immune_perc,length,height,population_size,contagion_distance,critical_limit,amp_susc,amp_rec,amp_inf,response
0.06492391067959656,0.07746913614023543,100,100,118,5,0.05,7.7315132684318115,16.48461854673535,5.558530204410161,0.09115776987875628
