initial_infected_perc,initial_immune_perc,length,height,population_size,contagion_distance,critical_limit,amp_susc,amp_rec,amp_inf,response
0.042165782043764144,0.03476883304719406,100,100,118,5,0.05,10.914550092187902,4.112903474495813,1.4257823997747554,0.12880681369803149
