initial_infected_perc,initial_immune_perc,length,height,population_size,contagion_distance,critical_limit,amp_susc,amp_rec,amp_inf,response
0.05171446623138223,0.046571086583441015,100,100,118,5,0.05,9.344532307014003,8.069628253432233,13.681212709692572,0.19645681046802824
