initial_infected_perc,initial_immune_perc,length,height,population_size,contagion_distance,critical_limit,amp_susc,amp_rec,amp_inf,response
0.03209818322803577,0.05992497878284643,100,100,118,5,0.05,2.5017534397129215,15.918131665548156,10.313635051912238,0.2213548949570578
