initial_infected_perc,initial_immune_perc,length,height,population_size,contagion_distance,critical_limit,amp_susc,amp_rec,amp_inf,response
0.08303111081211383,0.044670039446996816,100,100,118,5,0.05,8.385269720124498,1.2666261813013513,9.978101568787881,0.2786665012163691
