initial_infected_perc,initial_immune_perc,length,height,population_size,contagion_distance,critical_limit,amp_susc,amp_rec,amp_inf,response
0.02082001015244376,0.09611883378883418,100,100,118,5,0.05,13.992076562397651,17.524657259756438,3.9511429649610563,0.2955557342699247
