initial_infected_perc,initial_immune_perc,length,height,population_size,contagion_distance,critical_limit,amp_susc,amp_rec,amp_inf,response
0.059780703465991805,0.04579557829728542,100,100,118,5,0.05,5.895295260668663,3.868070480562127,15.237131209151176,0.0050863677046110055
