initial_infected_perc,initial_immune_perc,length,height,population_size,contagion_distance,critical_limit,amp_susc,amp_rec,amp_inf,response
0.06741615944969219,0.032797928757129495,100,100,118,5,0.05,0.09455895200827902,2.978222757597724,18.87298887809021,0.18195971854952162
