initial_infected_perc,initial_immune_perc,length,height,population_size,contagion_distance,critical_limit,amp_susc,amp_rec,amp_inf,response
0.017158838715705196,0.07452569320460382,100,100,118,5,0.05,8.173246981302402,12.846971790361273,13.996093627751856,0.28045425394954004
