initial_infected_perc,initial_immune_perc,length,height,population_size,contagion_distance,critical_limit,amp_susc,amp_rec,amp_inf,response
0.06555006701103264,0.027268013473864008,100,100,118,5,0.05,17.340567498936093,6.466671705528954,11.323031501694325,0.013996426659109407
