initial_infected_perc,initial_immune_perc,length,height,population_size,contagion_distance,critical_limit,amp_susc,amp_rec,amp_inf,response
0.0604929189692002,0.007202890919618621,100,100,118,5,0.05,15.827403330771062,1.7708151088163238,18.820686133081917,0.2574993513820252
