initial_infected_perc,initial_immune_perc,length,height,population_size,contagion_distance,critical_limit,amp_susc,amp_rec,amp_inf,response
0.0018176222323763704,0.05390229270515739,100,100,118,5,0.05,19.546521120466206,12.283020764354504,18.761719405256425,0.0024789319642699037
