initial_infected_perc,initial_immune_perc,length,height,population_size,contagion_distance,critical_limit,amp_susc,amp_rec,amp_inf,response
0.07686858938500679,0.0638310342575873,100,100,118,5,0.05,2.5441235804396123,14.134227210393318,14.549875251674605,0.07462252289223816
