initial_infected_perc,initial_immune_perc,length,height,population_size,contagion_distance,critical_limit,amp_susc,amp_rec,amp_inf,response
0.023062794653060804,0.03594187636451742,100,100,118,5,0.05,14.216687863218853,9.816400372076654,2.906264076007661,0.022161277995054473
