initial_infected_perc,initial_immune_perc,length,height,population_size,contagion_distance,critical_limit,amp_susc,amp_rec,amp_inf,response
0.09229098609484368,0.06500570206422496,100,100,118,5,0.05,13.390793565986485,18.88343707783883,5.6984739884986,0.10022418484187628
