initial_infected_perc,initial_immune_perc,length,height,population_size,contagion_distance,critical_limit,amp_susc,amp_rec,amp_inf,response
0.09784264500006624,0.08024561224148083,100,100,118,5,0.05,9.734956326715913,6.841107511350399,13.113203065165395,0.15949721565559455
