initial_infected_perc,initial_immune_perc,length,height,population_size,contagion_distance,critical_limit,amp_susc,amp_rec,amp_inf,response
0.08995206375552268,0.04933003210411333,100,100,118,5,0.05,0.5802848817542716,5.265835176716223,12.798412116162822,0.18204902929868666
