initial_infected_perc,initial_immune_perc,length,height,population_size,contagion_distance,critical_limit,amp_susc,amp_rec,amp_inf,response
0.0970834474475209,0.04141029978466276,100,100,118,5,0.05,17.876139386791582,7.8613901695578425,15.004157573499747,0.2480395913660884
