initial_infected_perc,initial_immune_perc,length,height,population_size,contagion_distance,critical_limit,amp_susc,amp_rec,amp_inf,response
0.0700973536289267,0.07594486462251898,100,100,118,5,0.05,16.757915603270185,19.598715703376143,8.239529002276418,0.17014853316476
