initial_infected_perc,initial_immune_perc,length,height,population_size,contagion_distance,critical_limit,amp_susc,amp_rec,amp_inf,response
0.09957239998767906,0.07352228038599438,100,100,118,5,0.05,5.334984375935603,4.655088239826797,12.593582657443338,0.17466619963124191
