initial_infected_perc,initial_immune_perc,length,height,population_size,contagion_distance,critical_limit,amp_susc,amp_rec,amp_inf,response
0.0676421722514535,0.07933397844080697,100,100,118,5,0.05,19.880474519822343,6.902333577019437,2.696166456307154,0.19211670469810474
