initial_infected_perc,initial_immune_perc,length,height,population_size,contagion_distance,critical_limit,amp_susc,amp_rec,amp_inf,response
0.09926348497875259,0.033383021667186985,100,100,118,5,0.05,13.221319779774092,12.79980136948599,8.347481921392427,0.27010252146880315
