initial_infected_perc,initial_immune_perc,length,height,population_size,contagion_distance,critical_limit,amp_susc,amp_rec,amp_inf,response
0.08241343934803969,0.05367997744603066,100,100,118,5,0.05,11.903143919565553,13.714718271729769,6.450596654460108,0.18341998228960957
