initial_infected_perc,initial_immune_perc,length,height,population_size,contagion_distance,critical_limit,amp_susc,amp_rec,amp_inf,response
0.04638709012928514,0.049243581838049014,100,100,118,5,0.05,16.831012527744072,11.055482024791523,15.58169155394721,0.06189549317875101
