initial_infected_perc,initial_immune_perc,length,height,population_size,contagion_distance,critical_limit,amp_susc,amp_rec,amp_inf,response
0.03310258407437633,0.08644502412325059,100,100,118,5,0.05,4.638878168955647,15.109067664773983,6.231122338854556,0.17451322508208192
