initial_infected_perc,initial_immune_perc,length,height,population_size,contagion_distance,critical_limit,amp_susc,amp_rec,amp_inf,response
0.099300141524228,0.09468380774437664,100,100,118,5,0.05,0.6561798925764561,18.412833971194345,16.401190997794362,0.13673517956677228
