initial_infected_perc,initial_immune_perc,length,height,population_size,contagion_distance,critical_limit,amp_susc,amp_rec,amp_inf,response
0.09074356886969374,0.03129005920370464,100,100,118,5,0.05,2.4981141163948095,13.374324395182297,1.5030241638501107,0.2864048556379756
