initial_infected_perc,initial_immune_perc,length,height,population_size,contagion_distance,critical_limit,amp_susc,amp_rec,amp_inf,response
0.0816998236457158,0.009456323316355486,100,100,118,5,0.05,3.4254533594383174,16.51595206664482,0.4222225728547535,0.14269295432299775
