initial_infected_perc,initial_immune_perc,length,height,population_size,contagion_distance,critical_limit,amp_susc,amp_rec,amp_inf,response
0.0840802697655193,0.000876337303476571,100,100,118,5,0.05,12.995483392644193,17.13178629353443,0.8254623590209764,0.1612194781528019
