initial_infected_perc,initial_immune_perc,length,height,population_size,contagion_distance,critical_limit,amp_susc,amp_rec,amp_inf,response
0.023920676592490434,0.007524205125440931,100,100,118,5,0.05,19.93992702552951,6.26094141108513,13.149178659591609,0.16278601111433397
