initial_infected_perc,initial_immune_perc,length,height,population_size,contagion_distance,critical_limit,amp_susc,amp_rec,amp_inf,response
0.09666332572868186,0.03263209971479752,100,100,118,5,0.05,15.981543666967607,6.558619306280882,10.130912251572909,0.2869889010765395
