initial_infected_perc,initial_immune_perc,length,height,population_size,contagion_distance,critical_limit,amp_susc,amp_rec,amp_inf,response
0.07852299609220559,0.06674627261435676,100,100,118,5,0.05,0.5560958637978697,9.975100005955749,15.107767212663184,0.2842844390413872
