initial_infected_perc,initial_immune_perc,length,height,population_size,contagion_distance,critical_limit,amp_susc,amp_rec,amp_inf,response
0.06237803179881327,0.05967085700485911,100,100,118,5,0.05,2.7476839712794776,7.932585065674422,12.15564522570501,0.09149429221792586
