initial_infected_perc,initial_immune_perc,length,height,population_size,contagion_distance,critical_limit,amp_susc,amp_rec,amp_inf,response
0.09148583905264475,0.06850107411168838,100,100,118,5,0.05,19.876560825031067,2.4683284765061364,12.236202817968946,0.2609511537166997
