initial_infected_perc,initial_immune_perc,length,height,population_size,contagion_distance,critical_limit,amp_susc,amp_rec,amp_inf,response
0.07765597372311657,0.07701142897732842,100,100,118,5,0.05,13.701431009543812,14.043351296307316,12.522944882161887,0.14934759441575113
