initial_infected_perc,initial_immune_perc,length,height,population_size,contagion_distance,critical_limit,amp_susc,amp_rec,amp_inf,response
0.08424233102885599,0.09671669942746074,100,100,118,5,0.05,3.953898884031821,3.9153473448445464,2.425345687320404,0.03420954322565288
