initial_infected_perc,initial_immune_perc,length,height,population_size,contagion_distance,critical_limit,amp_susc,amp_rec,amp_inf,response
0.02786190730588979,0.08365917795428261,100,100,118,5,0.05,5.307209854789092,2.427042669868986,19.64566760797091,0.19203382056633447
