initial_infected_perc,initial_immune_perc,length,height,population_size,contagion_distance,critical_limit,amp_susc,amp_rec,amp_inf,response
0.09461574540661162,0.036556118950488305,100,100,118,5,0.05,5.723759674688413,7.062388786706801,7.2929045203124465,0.17372836200446148
