initial_infected_perc,initial_immune_perc,length,height,population_size,contagion_distance,critical_limit,amp_susc,amp_rec,amp_inf,response
0.09978715478908959,0.07510445555159335,100,100,118,5,0.05,13.519148473321476,17.322206629383782,17.984662622834165,0.08063869264290476
