initial_infected_perc,initial_immune_perc,length,height,population_size,contagion_distance,critical_limit,amp_susc,amp_rec,amp_inf,response
0.027032666105794047,0.05417017157240252,100,100,118,5,0.05,3.530661498338792,16.23143660436032,5.389273741707454,0.14653085006490235
