initial_infected_perc,initial_immune_perc,length,height,population_size,contagion_distance,critical_limit,amp_susc,amp_rec,amp_inf,response
0.08226721236835703,0.06865459998130628,100,100,118,5,0.05,12.349689744398805,17.652430058511804,9.103449282339914,0.274273944961185
