initial_infected_perc,initial_immune_perc,length,height,population_size,contagion_distance,critical_limit,amp_susc,amp_rec,amp_inf,response
0.023207788525626927,0.0024625653184617625,100,100,118,5,0.05,7.596736623052118,5.620769984121548,16.694886082218858,0.06232510063016323
