initial_infected_perc,initial_immune_perc,length,height,population_size,contagion_distance,critical_limit,amp_susc,amp_rec,amp_inf,response
0.0059240904311602454,0.07685156268565678,100,100,118,5,0.05,4.307225073136585,10.548991563016871,14.872469736619507,0.07044321469508416
