initial_infected_perc,initial_immune_perc,length,height,population_size,contagion_distance,critical_limit,amp_susc,amp_rec,amp_inf,response
0.06203251521719644,0.04219401264061661,100,100,118,5,0.05,4.079143874533635,18.509591788433887,9.934986461288256,0.29913941804740024
