initial_infected_perc,initial_immune_perc,length,height,population_size,contagion_distance,critical_limit,amp_susc,amp_rec,amp_inf,response
0.08896349980374899,0.06518689804767706,100,100,118,5,0.05,17.121896762016796,13.635685270343751,19.45332092716288,0.23464937523154983
