initial_infected_perc,initial_immune_perc,length,height,population_size,contagion_distance,critical_limit,amp_susc,amp_rec,amp_inf,response
0.0650298011536295,0.03906277183225302,100,100,118,5,0.05,3.999535109309418,7.079482291519037,15.996067748745869,0.03256452873138078
