initial_infected_perc,initial_immune_perc,length,height,population_size,contagion_distance,critical_limit,amp_susc,amp_rec,amp_inf,response
0.066157387118766,0.00609658611240781,100,100,118,5,0.05,10.12558879465269,2.4721928499418766,13.73179238414681,0.21932646777501752
