initial_infected_perc,initial_immune_perc,length,height,population_size,contagion_distance,critical_limit,amp_susc,amp_rec,amp_inf,response
0.06841096661998605,0.028883190416375895,100,100,118,5,0.05,13.140949664821298,13.209804909737201,13.16103843567693,0.06734795440191789
