initial_infected_perc,initial_immune_perc,length,height,population_size,contagion_distance,critical_limit,amp_susc,amp_rec,amp_inf,response
0.013785074408955779,0.001477451418388498,100,100,118,5,0.05,11.862520417016489,16.227276697576116,14.87256724937182,0.022678613015750613
