initial_infected_perc,initial_immune_perc,length,height,population_size,contagion_distance,critical_limit,amp_susc,amp_rec,amp_inf,response
0.01932265884154708,0.04440726036497598,100,100,118,5,0.05,3.904313088904987,3.850669045622861,8.811283267662828,0.08119025100707014
