initial_infected_perc,initial_immune_perc,length,height,population_size,contagion_distance,critical_limit,amp_susc,amp_rec,amp_inf,response
0.0005780279012002177,0.0865760643232185,100,100,118,5,0.05,0.9816145410133581,6.753781435108383,16.634796943247135,0.22688869272769144
