initial_infected_perc,initial_immune_perc,length,height,population_size,contagion_distance,critical_limit,amp_susc,amp_rec,amp_inf,response
0.08725683206601247,0.02883111036852426,100,100,118,5,0.05,4.3103131189255155,18.269025918408875,15.04245018243515,0.05472106271613043
