initial_infected_perc,initial_immune_perc,length,height,population_size,contagion_distance,critical_limit,amp_susc,amp_rec,amp_inf,response
0.0016323366229858195,0.03411291938614658,100,100,118,5,0.05,13.209678504806487,11.77786015763617,14.05939546729956,0.08312197407351979
