initial_infected_perc,initial_immune_perc,length,height,population_size,contagion_distance,critical_limit,amp_susc,amp_rec,amp_inf,response
0.0806338732680322,0.002631800515060634,100,100,118,5,0.05,8.284411255039451,14.2234501435132,14.438112927315498,0.14303203638431952
