initial_infected_perc,initial_immune_perc,length,height,population_size,contagion_distance,critical_limit,amp_susc,amp_rec,amp_inf,response
0.014255458320056747,0.06465316927793499,100,100,118,5,0.05,5.952162124532463,18.971930933556976,14.154174732606464,0.2907912456628043
