initial_infected_perc,initial_immune_perc,length,height,population_size,contagion_distance,critical_limit,amp_susc,amp_rec,amp_inf,response
0.043797204962290504,0.09779185683702513,100,100,118,5,0.05,18.523876000416685,8.46025129438843,0.9443766115565144,0.002572304128040148
