initial_infected_perc,initial_immune_perc,length,height,population_size,contagion_distance,critical_limit,amp_susc,amp_rec,amp_inf,response
0.038608010775136606,0.008852986284195119,100,100,118,5,0.05,12.776140734693083,15.165524787324003,2.02459491102176,0.2495004885591498
