initial_infected_perc,initial_immune_perc,length,height,population_size,contagion_distance,critical_limit,amp_susc,amp_rec,amp_inf,response
0.04324674115406525,0.011233557722360333,100,100,118,5,0.05,7.210786715291504,13.870904270596867,15.944507017321001,0.045699755964717516
