initial_infected_perc,initial_immune_perc,length,height,population_size,contagion_distance,critical_limit,amp_susc,amp_rec,amp_inf,response
0.0732227696476279,0.013175188212098399,100,100,118,5,0.05,3.9928088096642345,19.09900297916088,18.09523674347021,0.22485277795502348
