initial_infected_perc,initial_immune_perc,length,height,population_size,contagion_distance,critical_limit,amp_susc,amp_rec,amp_inf,response
0.06282811111340582,0.09109411284957362,100,100,118,5,0.05,10.863570989935873,17.90185156520616,11.080166156198938,0.13650970602370774
