initial_infected_perc,initial_immune_perc,length,height,population_size,contagion_distance,critical_limit,amp_susc,amp_rec,amp_inf,response
0.07844801360813476,0.052798384481544884,100,100,118,5,0.05,8.186262977666313,17.206424649325236,2.8654734655050462,0.17291921079303446
