initial_infected_perc,initial_immune_perc,length,height,population_size,contagion_distance,critical_limit,amp_susc,amp_rec,amp_inf,response
0.03326587649375824,0.07298887240177114,100,100,118,5,0.05,4.532726141970398,13.70732813822654,1.1307555499892286,0.2700208938033454
