initial_infected_perc,initial_immune_perc,length,height,population_size,contagion_distance,critical_limit,amp_susc,amp_rec,amp_inf,response
0.07752635736194759,0.00012119444059370821,100,100,118,5,0.05,15.087541453447988,19.025709797313745,14.395942174976547,0.03590992990768958
