initial_infected_perc,initial_immune_perc,length,height,population_size,contagion_distance,critical_limit,amp_susc,amp_rec,amp_inf,response
0.019875785880666033,0.05069127807158416,100,100,118,5,0.05,9.023512104375452,17.389750380901724,13.87643399486371,0.13226025274152808
