initial_infected_perc,initial_immune_perc,length,height,population_size,contagion_distance,critical_limit,amp_susc,amp_rec,amp_inf,response
0.06572908322238888,0.0549504482949771,100,100,118,5,0.05,8.862781930073687,13.32654186752907,2.1089982062355284,0.16537319475329004
