initial_infected_perc,initial_immune_perc,length,height,population_size,contagion_distance,critical_limit,amp_susc,amp_rec,amp_inf,response
0.05207080949723959,0.04088080983425845,100,100,118,5,0.05,0.225908462802209,6.6161953365437975,19.65685488419236,0.13176638394080217
