initial_infected_perc,initial_immune_perc,length,height,population_size,contagion_distance,critical_limit,amp_susc,amp_rec,amp_inf,response
0.0722371091816727,0.01627551034139917,100,100,118,5,0.05,5.439562406015206,11.34542246036225,2.3827826492318516,0.027823559705567113
