initial_infected_perc,initial_immune_perc,length,height,population_size,contagion_distance,critical_limit,amp_susc,amp_rec,amp_inf,response
0.04647430889575328,0.010356477050297809,100,100,118,5,0.05,6.670444588080695,7.994548290921566,14.57386733933986,0.21147291068225135
