initial_infected_perc,initial_immune_perc,length,height,population_size,contagion_distance,critical_limit,amp_susc,amp_rec,amp_inf,response
0.03578812989255825,0.03576408476487487,100,100,118,5,0.05,9.611407251404403,0.5063664496266695,3.070620165765423,0.05165889350080723
