initial_infected_perc,initial_immune_perc,length,height,population_size,contagion_distance,critical_limit,amp_susc,amp_rec,amp_inf,response
0.044060267510627665,0.0203072519385745,100,100,118,5,0.05,12.081166116994888,18.839243259328025,6.400351570623486,0.22883494359676176
