initial_infected_perc,initial_immune_perc,length,height,population_size,contagion_distance,critical_limit,amp_susc,amp_rec,amp_inf,response
0.018088692237096148,0.07809251580772411,100,100,118,5,0.05,9.073572837589136,19.181862713657118,5.592913599845673,0.231437959651982
