initial_infected_perc,initial_immune_perc,length,height,population_size,contagion_distance,critical_limit,amp_susc,amp_rec,amp_inf,response
0.08543164605648312,0.06542731817797,100,100,118,5,0.05,18.470609587920833,1.1690359496676428,7.02016376045544,0.13268870614847658
