initial_infected_perc,initial_immune_perc,length,height,population_size,contagion_distance,critical_limit,amp_susc,amp_rec,amp_inf,response
0.07957999965862128,0.0520683460491371,100,100,118,5,0.05,4.696437227408432,18.07010990906391,0.4367814731471831,0.011633309944425695
