initial_infected_perc,initial_immune_perc,length,height,population_size,contagion_distance,critical_limit,amp_susc,amp_rec,amp_inf,response
0.05645905144817557,0.011332103063568322,100,100,118,5,0.05,9.7234111453412,16.681638339193906,11.286630834708413,0.05979965978331225
