initial_infected_perc,initial_immune_perc,length,height,population_size,contagion_distance,critical_limit,amp_susc,amp_rec,amp_inf,response
0.054383195354249986,0.036762537289082096,100,100,118,5,0.05,4.929885328610732,17.998203088510053,5.3816059907908205,0.1676177500986257
