initial_infected_perc,initial_immune_perc,length,height,population_size,contagion_distance,critical_limit,amp_susc,amp_rec,amp_inf,response
0.05574110028637448,0.027405482276082718,100,100,118,5,0.05,14.507772012821349,3.419191435111393,5.723174703281,0.28769260800031055
