initial_infected_perc,initial_immune_perc,length,height,population_size,contagion_distance,critical_limit,amp_susc,amp_rec,amp_inf,response
0.03399977611958806,0.030924077587262424,100,100,118,5,0.05,5.746616871570989,5.759728015571158,3.4500352431259573,0.1867561934600568
