initial_infected_perc,initial_immune_perc,length,height,population_size,contagion_distance,critical_limit,amp_susc,amp_rec,amp_inf,response
0.087310706097428,0.029396079014984824,100,100,118,5,0.05,19.61322234435754,5.135861549149274,12.686333403281546,0.057772133071496264
