initial_infected_perc,initial_immune_perc,length,height,population_size,contagion_distance,critical_limit,amp_susc,amp_rec,amp_inf,response
0.09183577816520404,0.09660439990181621,100,100,118,5,0.05,3.7888917153156054,13.169978523037301,14.721722682499252,0.2391045393785085
