initial_infected_perc,initial_immune_perc,length,height,population_size,contagion_distance,critical_limit,amp_susc,amp_rec,amp_inf,response
0.09394989236552215,0.04558722104997054,100,100,118,5,0.05,13.038820179238632,11.69803850640696,14.272461186509066,0.051616632709115616
