initial_infected_perc,initial_immune_perc,length,height,population_size,contagion_distance,critical_limit,amp_susc,amp_rec,amp_inf,response
0.037059161926392525,0.037951782322449196,100,100,118,5,0.05,0.7905763134827271,5.2083784940241955,18.56525673783881,0.04626060030509277
