initial_infected_perc,initial_immune_perc,length,height,population_size,contagion_distance,critical_limit,amp_susc,amp_rec,amp_inf,response
0.04971522571939984,0.09782057412174017,100,100,118,5,0.05,11.6710450070731,3.645085171656912,15.578116581751473,0.2999513962769974
