initial_infected_perc,initial_immune_perc,length,height,population_size,contagion_distance,critical_limit,amp_susc,amp_rec,amp_inf,response
0.045800922343170486,0.013743576682246262,100,100,118,5,0.05,19.13710052171708,13.010605478436437,15.201740331394205,0.08621734693517076
