initial_infected_perc,initial_immune_perc,length,height,population_size,contagion_distance,critical_limit,amp_susc,amp_rec,amp_inf,response
0.0560388695829155,0.043465316644693865,100,100,118,5,0.05,6.797535296468126,1.088892897342033,11.57710088384369,0.04852460058373842
