initial_infected_perc,initial_immune_perc,length,height,population_size,contagion_distance,critical_limit,amp_susc,amp_rec,amp_inf,response
0.015511086001231201,0.0516579701057077,100,100,118,5,0.05,0.7316922496848299,13.275338660986282,8.484386552089052,0.2298179467146806
