initial_infected_perc,initial_immune_perc,length,height,population_size,contagion_distance,critical_limit,amp_susc,amp_rec,amp_inf,response
0.056436604513914614,0.05264920450965413,100,100,118,5,0.05,4.393026743183794,16.496962111133172,11.764284771524324,0.17260589006961355
