initial_infected_perc,initial_immune_perc,length,height,population_size,contagion_distance,critical_limit,amp_susc,amp_rec,amp_inf,response
0.01903142036895743,0.021592067337419796,100,100,118,5,0.05,2.0449595078977167,0.3094758664929764,10.046379142147268,0.03637093124298988
