initial_infected_perc,initial_immune_perc,length,height,population_size,contagion_distance,critical_limit,amp_susc,amp_rec,amp_inf,response
0.021570072467510994,0.09452933760479286,100,100,118,5,0.05,0.25103874120551817,19.068035238297114,2.993080361283804,0.0011895351542186682
