initial_infected_perc,initial_immune_perc,length,height,population_size,contagion_distance,critical_limit,amp_susc,amp_rec,amp_inf,response
0.0955376865415318,0.07347386016216477,100,100,118,5,0.05,8.678243500809277,6.725047672650522,8.165325428681722,0.042781244910132264
