initial_infected_perc,initial_immune_perc,length,height,population_size,contagion_distance,critical_limit,amp_susc,amp_rec,amp_inf,response
0.032734740784316006,0.021571587131590877,100,100,118,5,0.05,12.998132989796385,10.597812960451133,16.83227537134328,0.20002669171840298
