initial_infected_perc,initial_immune_perc,length,height,population_size,contagion_distance,critical_limit,amp_susc,amp_rec,amp_inf,response
0.017349957179299092,0.024804868333825926,100,100,118,5,0.05,18.58670871227328,7.600126724474741,10.237625143468993,0.14832426094640563
