initial_infected_perc,initial_immune_perc,length,height,population_size,contagion_distance,critical_limit,amp_susc,amp_rec,amp_inf,response
0.07461723879473779,0.09702247260953775,100,100,118,5,0.05,19.421291202003598,19.659130059106733,7.789309283135792,0.19254996415211853
