initial_infected_perc,initial_immune_perc,length,height,population_size,contagion_distance,critical_limit,amp_susc,amp_rec,amp_inf,response
0.08887514390726921,0.03726285336568748,100,100,118,5,0.05,18.269867864349514,18.386539746144667,11.921893505066743,0.024638756725896983
