initial_infected_perc,initial_immune_perc,length,height,population_size,contagion_distance,critical_limit,amp_susc,amp_rec,amp_inf,response
0.012296597083458117,0.08098020799162207,100,100,118,5,0.05,2.2701816503996364,17.49077520426493,10.881066472955258,0.19401955670407345
