initial_infected_perc,initial_immune_perc,length,height,population_size,contagion_distance,critical_limit,amp_susc,amp_rec,amp_inf,response
0.013607185884983775,0.08178441526461885,100,100,118,5,0.05,3.8207167867603653,14.108891153115009,8.60273827611979,0.26327630887702
