initial_infected_perc,initial_immune_perc,length,height,population_size,contagion_distance,critical_limit,amp_susc,amp_rec,amp_inf,response
0.0917312590908328,0.09341650707691304,100,100,118,5,0.05,9.487099081794941,16.66069461984949,0.6950393323786286,0.13388303799499998
