initial_infected_perc,initial_immune_perc,length,height,population_size,contagion_distance,critical_limit,amp_susc,amp_rec,amp_inf,response
0.013093510272931342,0.011544021420816631,100,100,118,5,0.05,2.8540226777467015,3.9419036869672075,2.840001508758201,0.11477288081437487
