initial_infected_perc,initial_immune_perc,length,height,population_size,contagion_distance,critical_limit,amp_susc,amp_rec,amp_inf,response
0.037443112780987754,0.00901386802712526,100,100,118,5,0.05,12.175881065031826,8.031336561826913,10.48256452729499,0.12906555082898866
