initial_infected_perc,initial_immune_perc,length,height,population_size,contagion_distance,critical_limit,amp_susc,amp_rec,amp_inf,response
0.0882307908292667,0.001923218488021139,100,100,118,5,0.05,0.8883346222606137,17.40987726793029,9.774354947907547,0.03491551278086608
