initial_infected_perc,initial_immune_perc,length,height,population_size,contagion_distance,critical_limit,amp_susc,amp_rec,amp_inf,response
0.044832878239369926,0.06139020009188685,100,100,118,5,0.05,13.36001348295673,9.278611310982221,2.7568893662616745,0.07129998395864996
