initial_infected_perc,initial_immune_perc,length,height,population_size,contagion_distance,critical_limit,amp_susc,amp_rec,amp_inf,response
0.08673575406090252,0.06477994131482982,100,100,118,5,0.05,14.17775957592789,7.782352744146395,6.496207391092588,0.04767823708192199
