initial_infected_perc,initial_immune_perc,length,height,population_size,contagion_distance,critical_limit,amp_susc,amp_rec,amp_inf,response
0.05303138759397388,0.01388923701228234,100,100,118,5,0.05,6.645288948314421,3.3136933507803756,15.97956886733468,0.12379910126168714
