initial_infected_perc,initial_immune_perc,length,height,population_size,contagion_distance,critical_limit,amp_susc,amp_rec,amp_inf,response
0.00743479366379809,0.007140348873111213,100,100,118,5,0.05,14.385426389044492,17.52740869867689,5.011674903345577,0.2082269436618253
