initial_infected_perc,initial_immune_perc,length,height,population_size,contagion_distance,critical_limit,amp_susc,amp_rec,amp_inf,response
0.013314824317177,0.08773575786645067,100,100,118,5,0.05,3.908102470507613,10.583329237019989,4.028014393120721,0.032918905729362465
