initial_infected_perc,initial_immune_perc,length,height,population_size,contagion_distance,critical_limit,amp_susc,amp_rec,amp_inf,response
0.044776985824286776,0.07678939798423329,100,100,118,5,0.05,16.0241932696573,18.153141181233746,10.284029479414176,0.03833171992729876
