initial_infected_perc,initial_immune_perc,length,height,population_size,contagion_distance,critical_limit,amp_susc,amp_rec,amp_inf,response
0.057161944020945876,0.06553843972839522,100,100,118,5,0.05,11.886920268499797,8.40610452827972,12.36194662731183,0.09978913323129912
