initial_infected_perc,initial_immune_perc,length,height,population_size,contagion_distance,critical_limit,amp_susc,amp_rec,amp_inf,response
0.06411200931152572,0.01247628026730836,100,100,118,5,0.05,16.241907341230185,18.66279081755936,16.057154323283225,0.2428347674200364
