initial_infected_perc,initial_immune_perc,length,height,population_size,contagion_distance,critical_limit,amp_susc,amp_rec,amp_inf,response
0.05777137423697997,0.08940503657325183,100,100,118,5,0.05,17.641899253194502,8.319997816226143,9.879906461219267,0.12844002950489566
