initial_infected_perc,initial_immune_perc,length,height,population_size,contagion_distance,critical_limit,amp_susc,amp_rec,amp_inf,response
0.08559494184437988,0.03743065309784468,100,100,118,5,0.05,18.52679355076596,17.35380049889624,7.045115040591991,0.13502509130350288
