initial_infected_perc,initial_immune_perc,length,height,population_size,contagion_distance,critical_limit,amp_susc,amp_rec,amp_inf,response
0.07456869072721937,0.019569278310651517,100,100,118,5,0.05,3.27387221381249,8.373207141747923,18.113638626880125,0.29780914881512666
