initial_infected_perc,initial_immune_perc,length,height,population_size,contagion_distance,critical_limit,amp_susc,amp_rec,amp_inf,response
0.06581761749943087,0.0003721756681478339,100,100,118,5,0.05,1.782642729263657,3.262893749732334,16.665908679333565,0.263750800911475
