initial_infected_perc,initial_immune_perc,length,height,population_size,contagion_distance,critical_limit,amp_susc,amp_rec,amp_inf,response
0.08533669482180456,0.061590404806439215,100,100,118,5,0.05,12.838125592080383,6.671189745027033,1.6839231848458924,0.2650276333426891
