initial_infected_perc,initial_immune_perc,length,height,population_size,contagion_distance,critical_limit,amp_susc,amp_rec,amp_inf,response
0.09851578334416294,0.021921299757804026,100,100,118,5,0.05,15.594894959114951,16.268950088245624,18.89644979988216,0.06437780723465107
