initial_infected_perc,initial_immune_perc,length,height,population_size,contagion_distance,critical_limit,amp_susc,amp_rec,amp_inf,response
0.014805734005720517,0.05306385352965474,100,100,118,5,0.05,1.92302185488485,14.050368135542799,1.6755530143047759,0.1877827869764769
