initial_infected_perc,initial_immune_perc,length,height,population_size,contagion_distance,critical_limit,amp_susc,amp_rec,amp_inf,response
0.014818298672003872,0.03518684156372442,100,100,118,5,0.05,0.7106772404014117,7.609423384056786,3.956185858542811,0.03280994900463578
