initial_infected_perc,initial_immune_perc,length,height,population_size,contagion_distance,critical_limit,amp_susc,amp_rec,amp_inf,response
0.038778607799110444,0.0945914110169141,100,100,118,5,0.05,5.771992109713451,14.42063683556337,14.27479721033518,0.158597783997075
