initial_infected_perc,initial_immune_perc,length,height,population_size,contagion_distance,critical_limit,amp_susc,amp_rec,amp_inf,response
0.037719920625728764,0.09857958691268022,100,100,118,5,0.05,2.620854602220193,18.793920390095217,16.774292356292563,0.08520940815705422
