initial_infected_perc,initial_immune_perc,length,height,population_size,contagion_distance,critical_limit,amp_susc,amp_rec,amp_inf,response
0.01786064254555586,0.009277094390162178,100,100,118,5,0.05,17.09914768642731,6.139901829775671,13.205542633791909,0.25196299369690517
