initial_infected_perc,initial_immune_perc,length,height,population_size,contagion_distance,critical_limit,amp_susc,amp_rec,amp_inf,response
0.07721281986528998,0.07981510246420849,100,100,118,5,0.05,5.46394194767962,5.6142605269665395,5.773240952172019,0.12585039974348466
