initial_infected_perc,initial_immune_perc,length,height,population_size,contagion_distance,critical_limit,amp_susc,amp_rec,amp_inf,response
0.003336833615636792,0.02870941119737648,100,100,118,5,0.05,0.9579626693188281,9.343906494765983,7.110327348108651,0.24952472526829444
