initial_infected_perc,initial_immune_perc,length,height,population_size,contagion_distance,critical_limit,amp_susc,amp_rec,amp_inf,response
0.09770405077469374,0.04345675223241385,100,100,118,5,0.05,0.8355354313133012,8.106219362964906,0.9588002328872403,0.2494941491867655
