initial_infected_perc,initial_immune_perc,length,height,population_size,contagion_distance,critical_limit,amp_susc,amp_rec,amp_inf,response
0.04214445221945167,0.07596859651115252,100,100,118,5,0.05,3.9107125180260227,18.059831546622945,15.109295819394182,0.025857562933231458
