initial_infected_perc,initial_immune_perc,length,height,population_size,contagion_distance,critical_limit,amp_susc,amp_rec,amp_inf,response
0.06898857292237136,0.021616631769671213,100,100,118,5,0.05,12.836503572244462,11.915162585527643,9.19085654266073,0.27675588541844887
