initial_infected_perc,initial_immune_perc,length,height,population_size,contagion_distance,critical_limit,amp_susc,amp_rec,amp_inf,response
0.06179829952977437,0.056295523224673676,100,100,118,5,0.05,9.08610681365155,7.1209281231516,13.105827826749831,0.08980429918172422
