initial_infected_perc,initial_immune_perc,length,height,population_size,contagion_distance,critical_limit,amp_susc,amp_rec,amp_inf,response
0.0012400650380220537,0.09737949957489894,100,100,118,5,0.05,13.40165860089285,13.975839476294631,3.915876676042258,0.2879785653444558
