initial_infected_perc,initial_immune_perc,length,height,population_size,contagion_distance,critical_limit,amp_susc,amp_rec,amp_inf,response
0.04152879458484399,0.01480385432603727,100,100,118,5,0.05,12.964042523221732,6.959421465606743,0.33445826050512384,0.2642629885530435
