initial_infected_perc,initial_immune_perc,length,height,population_size,contagion_distance,critical_limit,amp_susc,amp_rec,amp_inf,response
0.05343164077873687,0.002722388489264571,100,100,118,5,0.05,5.072252065186092,7.758596070047165,0.6634990767340243,0.1265838505526143
