initial_infected_perc,initial_immune_perc,length,height,population_size,contagion_distance,critical_limit,amp_susc,amp_rec,amp_inf,response
0.08862815458524011,0.09006406620484787,100,100,118,5,0.05,8.427698326451594,2.7598782250640963,8.083362539193825,0.10837649957154333
