initial_infected_perc,initial_immune_perc,length,height,population_size,contagion_distance,critical_limit,amp_susc,amp_rec,amp_inf,response
0.08324213382585187,0.0741184304694046,100,100,118,5,0.05,2.119552417224604,16.201507116595806,8.024511249018072,0.20601099715342291
