initial_infected_perc,initial_immune_perc,length,height,population_size,contagion_distance,critical_limit,amp_susc,amp_rec,amp_inf,response
0.08233379240425201,0.07814100948645167,100,100,118,5,0.05,6.097332916287719,12.489047833488362,7.754434782149393,0.04637885684274323
