initial_infected_perc,initial_immune_perc,length,height,population_size,contagion_distance,critical_limit,amp_susc,amp_rec,amp_inf,response
0.00712527303725089,0.07083562122064817,100,100,118,5,0.05,17.590171486019006,15.763955086689682,2.138264896945028,0.2784680069720283
