initial_infected_perc,initial_immune_perc,length,height,population_size,contagion_distance,critical_limit,amp_susc,amp_rec,amp_inf,response
0.012046173591129129,0.027088182183819833,100,100,118,5,0.05,15.34868897302594,18.4965416413659,4.580310387727371,0.024031455964988156
