initial_infected_perc,initial_immune_perc,length,height,population_size,contagion_distance,critical_limit,amp_susc,amp_rec,amp_inf,response
0.08220525114700261,0.03939236963086371,100,100,118,5,0.05,18.34090209633577,2.148055953894459,19.111895101855843,0.054336901898313646
