initial_infected_perc,initial_immune_perc,length,height,population_size,contagion_distance,critical_limit,amp_susc,amp_rec,amp_inf,response
0.004748183093009284,0.08660373538973387,100,100,118,5,0.05,16.602946971921856,18.075157953775978,19.350640331669826,0.22316634656181344
