initial_infected_perc,initial_immune_perc,length,height,population_size,contagion_distance,critical_limit,amp_susc,amp_rec,amp_inf,response
0.07712907386891776,0.006522907696451874,100,100,118,5,0.05,7.621757614441984,2.5107882656112035,4.583574552495968,0.22900002353809498
