initial_infected_perc,initial_immune_perc,length,height,population_size,contagion_distance,critical_limit,amp_susc,amp_rec,amp_inf,response
0.08688226017068308,0.08341526147815084,100,100,118,5,0.05,2.2871878342500085,3.625396048069438,16.14047606542068,0.095106172936211
