initial_infected_perc,initial_immune_perc,length,height,population_size,contagion_distance,critical_limit,amp_susc,amp_rec,amp_inf,response
0.08542155826177482,0.012381437403126683,100,100,118,5,0.05,3.2914672901135633,15.778875344548847,5.605885611493273,0.056111790400864316
