initial_infected_perc,initial_immune_perc,length,height,population_size,contagion_distance,critical_limit,amp_susc,amp_rec,amp_inf,response
0.07503403477621623,0.09798786960402311,100,100,118,5,0.05,17.32694551916839,11.574063797099349,18.628068021278704,0.003472921965851228
