initial_infected_perc,initial_immune_perc,length,height,population_size,contagion_distance,critical_limit,amp_susc,amp_rec,amp_inf,response
0.09976925840738914,0.03696198291491516,100,100,118,5,0.05,7.134329413265162,1.2661380814395895,3.5649147505335654,0.08784392200112412
