initial_infected_perc,initial_immune_perc,length,height,population_size,contagion_distance,critical_limit,amp_susc,amp_rec,amp_inf,response
0.008527128118222106,0.00897872534223222,100,100,118,5,0.05,4.772193325868503,2.7977870920999304,11.356419020970861,0.265283001540794
