initial_infected_perc,initial_immune_perc,length,height,population_size,contagion_distance,critical_limit,amp_susc,amp_rec,amp_inf,response
0.017589961697272317,0.018667788165033707,100,100,118,5,0.05,1.1554049733896488,13.289571860022011,6.422982563470825,0.13225363521089792
