initial_infected_perc,initial_immune_perc,length,height,population_size,contagion_distance,critical_limit,amp_susc,amp_rec,amp_inf,response
0.0055505431286801965,0.026414533667196427,100,100,118,5,0.05,16.72612641937511,5.447499379169958,0.22607560057617881,0.0990452228736667
