initial_infected_perc,initial_immune_perc,length,height,population_size,contagion_distance,critical_limit,amp_susc,amp_rec,amp_inf,response
0.09421733874673516,0.03265835766958715,100,100,118,5,0.05,0.21775543061874458,14.616791267883789,2.5035493497920958,0.2449393493946467
