initial_infected_perc,initial_immune_perc,length,height,population_size,contagion_distance,critical_limit,amp_susc,amp_rec,amp_inf,response
0.0606156826361182,0.05238793239515144,100,100,118,5,0.05,6.236993160129192,10.900405824657948,6.656506881219871,0.19069047226805763
