initial_infected_perc,initial_immune_perc,length,height,population_size,contagion_distance,critical_limit,amp_susc,amp_rec,amp_inf,response
0.08249192391442067,0.060258915216634894,100,100,118,5,0.05,2.740852197633319,8.170226810319507,5.214241862661959,0.01421835259636086
