initial_infected_perc,initial_immune_perc,length,height,population_size,contagion_distance,critical_limit,amp_susc,amp_rec,amp_inf,response
0.010533108948238147,0.06764085479376196,100,100,118,5,0.05,11.151889494517796,6.4740070352496275,12.157480962175317,0.07314668441974509
