initial_infected_perc,initial_immune_perc,length,height,population_size,contagion_distance,critical_limit,amp_susc,amp_rec,amp_inf,response
0.05033989728692211,0.07867821716758017,100,100,118,5,0.05,19.203357154565424,6.7825811065363,19.387066256040814,0.28994246878692387
