initial_infected_perc,initial_immune_perc,length,height,population_size,contagion_distance,critical_limit,amp_susc,amp_rec,amp_inf,response
0.027988810110275722,0.08768821820474983,100,100,118,5,0.05,16.778814717484412,19.536579157638098,2.6340731881486734,0.22136461074897393
