initial_infected_perc,initial_immune_perc,length,height,population_size,contagion_distance,critical_limit,amp_susc,amp_rec,amp_inf,response
0.025199430512375134,0.029010369227524892,100,100,118,5,0.05,3.853367364173652,0.7188266783685604,4.642049028121795,0.22591590492845026
