initial_infected_perc,initial_immune_perc,length,height,population_size,contagion_distance,critical_limit,amp_susc,amp_rec,amp_inf,response
0.011138305618784851,0.022226309128237698,100,100,118,5,0.05,19.259694506229522,13.447212974582246,15.230558310421873,0.03472177245734157
