initial_infected_perc,initial_immune_perc,length,height,population_size,contagion_distance,critical_limit,amp_susc,amp_rec,amp_inf,response
0.09402642107708714,0.025083814553668107,100,100,118,5,0.05,5.870005186615057,18.984675613887227,12.98841938459657,0.11611977189600177
