initial_infected_perc,initial_immune_perc,length,height,population_size,contagion_distance,critical_limit,amp_susc,amp_rec,amp_inf,response
0.01912935028788404,0.09336549224290519,100,100,118,5,0.05,6.9211920189408165,14.350514513571524,12.409181268148593,0.2683573842854453
