initial_infected_perc,initial_immune_perc,length,height,population_size,contagion_distance,critical_limit,amp_susc,amp_rec,amp_inf,response
0.06830034435700565,0.021540402425370545,100,100,118,5,0.05,5.37553259120195,0.37828299220480366,8.405796570310711,0.1852409236320484
