initial_infected_perc,initial_immune_perc,length,height,population_size,contagion_distance,critical_limit,amp_susc,amp_rec,amp_inf,response
0.08218201156911487,0.07866603125715527,100,100,118,5,0.05,2.858529998733752,1.7164963405940625,17.57272915551402,0.24878685565387082
