initial_infected_perc,initial_immune_perc,length,height,population_size,contagion_distance,critical_limit,amp_susc,amp_rec,amp_inf,response
0.09011269343050891,0.080329581571016,100,100,118,5,0.05,18.5935780971294,6.589398715628407,13.03736015326785,0.04998342326412906
