initial_infected_perc,initial_immune_perc,length,height,population_size,contagion_distance,critical_limit,amp_susc,amp_rec,amp_inf,response
0.03800214959934948,0.00799412131182693,100,100,118,5,0.05,2.5837117151953715,2.3659986258655485,9.162413371312699,0.29781422252176515
