initial_infected_perc,initial_immune_perc,length,height,population_size,contagion_distance,critical_limit,amp_susc,amp_rec,amp_inf,response
0.041914159788086484,0.05791659536666625,100,100,118,5,0.05,19.379426964854943,0.9356579907038087,2.42359215861353,0.11313301168094989
