initial_infected_perc,initial_immune_perc,length,height,population_size,contagion_distance,critical_limit,amp_susc,amp_rec,amp_inf,response
0.037694400590277205,0.03602390076093517,100,100,118,5,0.05,17.130512458976977,5.703187337289794,7.051170442943864,0.10424220574879185
