initial_infected_perc,initial_immune_perc,length,height,population_size,contagion_distance,critical_limit,amp_susc,amp_rec,amp_inf,response
0.04709436516572984,0.0563300086758793,100,100,118,5,0.05,4.819205121885657,2.0060490209476822,6.9253983583455625,0.08423231594413762
