initial_infected_perc,initial_immune_perc,length,height,population_size,contagion_distance,critical_limit,amp_susc,amp_rec,amp_inf,response
0.08487365715493268,0.02416496513152029,100,100,118,5,0.05,8.271860777785191,7.588608750247376,14.67412924503864,0.19797048059283387
