initial_infected_perc,initial_immune_perc,length,height,population_size,contagion_distance,critical_limit,amp_susc,amp_rec,amp_inf,response
0.03263941303805867,0.05357037005706949,100,100,118,5,0.05,13.92254009859746,2.1222220077330722,10.991237211144325,0.19660662374666768
