initial_infected_perc,initial_immune_perc,length,height,population_size,contagion_distance,critical_limit,amp_susc,amp_rec,amp_inf,response
0.06690124925839669,0.08851031197898908,100,100,118,5,0.05,4.337055980489417,10.263590142651678,2.0483474087615505,0.009328555993458332
