initial_infected_perc,initial_immune_perc,length,height,population_size,contagion_distance,critical_limit,amp_susc,amp_rec,amp_inf,response
0.04222179186074115,0.041848427653268405,100,100,118,5,0.05,11.320663043231054,3.0229100411223975,7.175229240053875,0.01863665540554066
