initial_infected_perc,initial_immune_perc,length,height,population_size,contagion_distance,critical_limit,amp_susc,amp_rec,amp_inf,response
0.06247148532067877,0.04651571493077664,100,100,118,5,0.05,2.0012582205065255,14.041442435839954,3.921205169501798,0.2661162862582165
