initial_infected_perc,initial_immune_perc,length,height,population_size,contagion_distance,critical_limit,amp_susc,amp_rec,amp_inf,response
0.0809015086965163,0.02862164140455936,100,100,118,5,0.05,17.781579130464557,1.7273492163221205,3.7712342535006327,0.07014522978903956
