initial_infected_perc,initial_immune_perc,length,height,population_size,contagion_distance,critical_limit,amp_susc,amp_rec,amp_inf,response
0.0801343281581312,0.03486471584932404,100,100,118,5,0.05,17.8206671287383,12.111961266946846,7.597216370478916,0.2942062437301351
