initial_infected_perc,initial_immune_perc,length,height,population_size,contagion_distance,critical_limit,amp_susc,amp_rec,amp_inf,response
0.09615160754657359,0.073461502649163,100,100,118,5,0.05,14.946401751930807,4.382803328940348,17.81805076139857,0.09245530660357316
