initial_infected_perc,initial_immune_perc,length,height,population_size,contagion_distance,critical_limit,amp_susc,amp_rec,amp_inf,response
0.09020450890693543,0.003884734077425911,100,100,118,5,0.05,5.5366913132870055,8.012547760859691,16.800667535200834,0.045716554511751946
