initial_infected_perc,initial_immune_perc,length,height,population_size,contagion_distance,critical_limit,amp_susc,amp_rec,amp_inf,response
0.04149702190096606,0.06551007741793337,100,100,118,5,0.05,19.359897000023377,2.048837168098263,5.3486884288931495,0.09046648362792355
