initial_infected_perc,initial_immune_perc,length,height,population_size,contagion_distance,critical_limit,amp_susc,amp_rec,amp_inf,response
0.04073289176727832,0.0051906554349685835,100,100,118,5,0.05,8.610414319619347,17.867012830176275,19.585803452461498,0.18412927387771907
