initial_infected_perc,initial_immune_perc,length,height,population_size,contagion_distance,critical_limit,amp_susc,amp_rec,amp_inf,response
0.04604115733840908,0.008270476777205616,100,100,118,5,0.05,3.340711837089545,5.347107299282139,19.89752755435014,0.22211426319049057
