initial_infected_perc,initial_immune_perc,length,height,population_size,contagion_distance,critical_limit,amp_susc,amp_rec,amp_inf,response
0.018197155331266212,0.08674322934342653,100,100,118,5,0.05,7.051613198721533,15.239694219855082,7.453415848824905,0.09641040317724199
