initial_infected_perc,initial_immune_perc,length,height,population_size,contagion_distance,critical_limit,amp_susc,amp_rec,amp_inf,response
0.052112525739851236,0.017127800689420603,100,100,118,5,0.05,10.12638553411232,5.160872190849162,18.49979866669725,0.14879006828047547
