initial_infected_perc,initial_immune_perc,length,height,population_size,contagion_distance,critical_limit,amp_susc,amp_rec,amp_inf,response
0.041023822398340994,0.06106627136651865,100,100,118,5,0.05,8.070141040311537,6.35125117418422,12.841108095862499,0.1668901470300587
