initial_infected_perc,initial_immune_perc,length,height,population_size,contagion_distance,critical_limit,amp_susc,amp_rec,amp_inf,response
0.0718605472324619,0.08946144282746898,100,100,118,5,0.05,2.0587300187299595,7.931858426590324,0.8763215251100176,0.0167736468884225
