initial_infected_perc,initial_immune_perc,length,height,population_size,contagion_distance,critical_limit,amp_susc,amp_rec,amp_inf,response
0.0677414362899083,0.044066564527855435,100,100,118,5,0.05,9.594241135112425,0.23627308019835258,6.784203430386528,0.22954923333619287
