initial_infected_perc,initial_immune_perc,length,height,population_size,contagion_distance,critical_limit,amp_susc,amp_rec,amp_inf,response
0.0990190902399723,0.0018995880179762947,100,100,118,5,0.05,6.877293024631492,16.061886176435728,12.54534672151767,0.2519267623717602
