initial_infected_perc,initial_immune_perc,length,height,population_size,contagion_distance,critical_limit,amp_susc,amp_rec,amp_inf,response
0.009508990692262954,0.07877165618747756,100,100,118,5,0.05,7.7437130309552105,9.780603527813485,0.5148740938131424,0.10677389935643368
