initial_infected_perc,initial_immune_perc,length,height,population_size,contagion_distance,critical_limit,amp_susc,amp_rec,amp_inf,response
0.07839278206462287,0.0689371092816702,100,100,118,5,0.05,16.21550139347021,5.028559904849532,11.078474505720472,0.2941636611181051
