initial_infected_perc,initial_immune_perc,length,height,population_size,contagion_distance,critical_limit,amp_susc,amp_rec,amp_inf,response
0.0817129369827933,0.07908972734068925,100,100,118,5,0.05,17.16465191249808,0.41973966417606867,4.275554585921382,0.29858129146890744
