initial_infected_perc,initial_immune_perc,length,height,population_size,contagion_distance,critical_limit,amp_susc,amp_rec,amp_inf,response
0.0029709139591045266,0.07583137631802364,100,100,118,5,0.05,7.9311456648958,5.561679525992876,18.41638315704677,0.12462017911123746
