initial_infected_perc,initial_immune_perc,length,height,population_size,contagion_distance,critical_limit,amp_susc,amp_rec,amp_inf,response
0.0927935945035993,0.02541460757199573,100,100,118,5,0.05,8.91467630754509,18.696210482235088,15.483906150758976,0.15395537523122138
