initial_infected_perc,initial_immune_perc,length,height,population_size,contagion_distance,critical_limit,amp_susc,amp_rec,amp_inf,response
0.017279136720678444,0.03995571337405315,100,100,118,5,0.05,11.713624410955862,0.870383599471567,10.399811735403045,0.02639735561879525
