initial_infected_perc,initial_immune_perc,length,height,population_size,contagion_distance,critical_limit,amp_susc,amp_rec,amp_inf,response
0.00334310416781195,0.020916335981668723,100,100,118,5,0.05,16.381045398575896,18.32121197413556,14.85891817278433,0.0687622873751065
