initial_infected_perc,initial_immune_perc,length,height,population_size,contagion_distance,critical_limit,amp_susc,amp_rec,amp_inf,response
0.034859598332919406,0.04648954031252295,100,100,118,5,0.05,14.22166447299964,9.451070392148647,2.324551213324424,0.22263818373633923
