initial_infected_perc,initial_immune_perc,length,height,population_size,contagion_distance,critical_limit,amp_susc,amp_rec,amp_inf,response
0.06531686109286004,0.030492739950955385,100,100,118,5,0.05,7.262996800746404,13.249487097431821,8.202825538560525,0.06537920580048394
