initial_infected_perc,initial_immune_perc,length,height,population_size,contagion_distance,critical_limit,amp_susc,amp_rec,amp_inf,response
0.02666320896162975,0.0914215343894513,100,100,118,5,0.05,5.195874518375505,13.600061863101825,6.4547861559319,0.21133030379326345
