initial_infected_perc,initial_immune_perc,length,height,population_size,contagion_distance,critical_limit,amp_susc,amp_rec,amp_inf,response
0.04838122781770892,0.07694010790839148,100,100,118,5,0.05,17.465124122028584,10.061154170314259,1.7135573804719373,0.019597552418205398
