initial_infected_perc,initial_immune_perc,length,height,population_size,contagion_distance,critical_limit,amp_susc,amp_rec,amp_inf,response
0.08334132186362726,0.09124078546632022,100,100,118,5,0.05,2.683056634333192,13.775223705576034,17.711854596488116,0.08414289716213548
