initial_infected_perc,initial_immune_perc,length,height,population_size,contagion_distance,critical_limit,amp_susc,amp_rec,amp_inf,response
0.07862203406727575,0.07180133047295442,100,100,118,5,0.05,10.490053857751931,7.167676756468411,7.815560267891795,0.030049592330466522
