initial_infected_perc,initial_immune_perc,length,height,population_size,contagion_distance,critical_limit,amp_susc,amp_rec,amp_inf,response
0.07771136629616528,0.08621993134596345,100,100,118,5,0.05,19.639542718470146,2.1242945827770443,14.287951854151062,0.2844825641325322
