initial_infected_perc,initial_immune_perc,length,height,population_size,contagion_distance,critical_limit,amp_susc,amp_rec,amp_inf,response
0.0759073891322561,0.055697983418433475,100,100,118,5,0.05,7.692281280267057,8.205246108225783,18.617338079731674,0.10995327547332562
