initial_infected_perc,initial_immune_perc,length,height,population_size,contagion_distance,critical_limit,amp_susc,amp_rec,amp_inf,response
0.012731638581660121,0.004495333183186956,100,100,118,5,0.05,15.55440721021101,6.5295730665797835,7.485107273213972,0.2427462992924277
