initial_infected_perc,initial_immune_perc,length,height,population_size,contagion_distance,critical_limit,amp_susc,amp_rec,amp_inf,response
0.02736896902806446,0.09464441312380442,100,100,118,5,0.05,16.80512613714385,12.078144404048617,17.964436585884208,0.23016571179315343
