initial_infected_perc,initial_immune_perc,length,height,population_size,contagion_distance,critical_limit,amp_susc,amp_rec,amp_inf,response
0.0622847959405288,0.07892747888901802,100,100,118,5,0.05,0.03855404483654512,8.05009502436977,7.6262028295001265,0.05380978887629868
