initial_infected_perc,initial_immune_perc,length,height,population_size,contagion_distance,critical_limit,amp_susc,amp_rec,amp_inf,response
0.006696966465537924,0.06281420050240964,100,100,118,5,0.05,19.606730496609657,16.41912592637286,1.685604295448282,0.2151577518940064
