initial_infected_perc,initial_immune_perc,length,height,population_size,contagion_distance,critical_limit,amp_susc,amp_rec,amp_inf,response
0.015509107496230513,0.09050815796728813,100,100,118,5,0.05,14.923669969599686,13.114861721318302,17.527242342810837,0.012231918041569223
