initial_infected_perc,initial_immune_perc,length,height,population_size,contagion_distance,critical_limit,amp_susc,amp_rec,amp_inf,response
0.07832204690676298,0.030774085246251096,100,100,118,5,0.05,18.442934466308813,18.09593503835053,15.767242809435697,0.04580111112571226
