initial_infected_perc,initial_immune_perc,length,height,population_size,contagion_distance,critical_limit,amp_susc,amp_rec,amp_inf,response
0.0957591290640708,0.04081978087152069,100,100,118,5,0.05,14.5627684506952,10.521195637434621,7.717543175768029,0.1192357339780329
