initial_infected_perc,initial_immune_perc,length,height,population_size,contagion_distance,critical_limit,amp_susc,amp_rec,amp_inf,response
0.014456890651281452,0.037570039626104494,100,100,118,5,0.05,3.9852294828045776,12.283498158880784,5.442497977789671,0.20641117111811655
