initial_infected_perc,initial_immune_perc,length,height,population_size,contagion_distance,critical_limit,amp_susc,amp_rec,amp_inf,response
0.03042227616332749,0.07755318604710858,100,100,118,5,0.05,13.166303827715861,9.609580628141558,1.322042026165442,0.11114750864640915
