initial_infected_perc,initial_immune_perc,length,height,population_size,contagion_distance,critical_limit,amp_susc,amp_rec,amp_inf,response
0.02938919275312947,0.06905896968897311,100,100,118,5,0.05,6.75810523666172,2.7637826059160653,7.459781378370436,0.050558835437785596
