initial_infected_perc,initial_immune_perc,length,height,population_size,contagion_distance,critical_limit,amp_susc,amp_rec,amp_inf,response
0.04311238747366556,0.029406033263364186,100,100,118,5,0.05,12.669722385205265,3.230860967257876,4.26712469531984,0.19741232134972933
