initial_infected_perc,initial_immune_perc,length,height,population_size,contagion_distance,critical_limit,amp_susc,amp_rec,amp_inf,response
0.07800102923337698,0.0461282712401498,100,100,118,5,0.05,13.38476599996185,12.236063595104536,17.492176492961764,0.10679661975953499
