initial_infected_perc,initial_immune_perc,length,height,population_size,contagion_distance,critical_limit,amp_susc,amp_rec,amp_inf,response
0.06507768273825446,0.05400892509365576,100,100,118,5,0.05,6.719280217344608,18.36268679062053,0.06456257267876353,0.1514289429732829
