initial_infected_perc,initial_immune_perc,length,height,population_size,contagion_distance,critical_limit,amp_susc,amp_rec,amp_inf,response
0.08538089539750073,0.03033029278440378,100,100,118,5,0.05,4.712178459262266,13.578481713652605,18.674146274834193,0.09605391008158935
