initial_infected_perc,initial_immune_perc,length,height,population_size,contagion_distance,critical_limit,amp_susc,amp_rec,amp_inf,response
0.05015468836390583,0.09811351841345357,100,100,118,5,0.05,10.539102380126772,5.29399348303741,9.479320415929235,0.26117107091134073
