initial_infected_perc,initial_immune_perc,length,height,population_size,contagion_distance,critical_limit,amp_susc,amp_rec,amp_inf,response
0.087247975595684,0.07297049205370838,100,100,118,5,0.05,10.555023936481112,7.136750812924911,19.980240855599792,0.25938353830143973
