initial_infected_perc,initial_immune_perc,length,height,population_size,contagion_distance,critical_limit,amp_susc,amp_rec,amp_inf,response
0.03857261296557268,0.09453511059247283,100,100,118,5,0.05,19.713960392827822,5.122595501013157,0.3617532181359695,0.26450709663183014
