initial_infected_perc,initial_immune_perc,length,height,population_size,contagion_distance,critical_limit,amp_susc,amp_rec,amp_inf,response
0.031105391917563764,0.08315152433521196,100,100,118,5,0.05,14.90013539166075,14.39738687791965,16.362202994201567,0.11856841649284516
