initial_infected_perc,initial_immune_perc,length,height,population_size,contagion_distance,critical_limit,amp_susc,amp_rec,amp_inf,response
0.09419427674153205,0.024065050462340965,100,100,118,5,0.05,12.903664983225504,18.73275827471823,11.244116332552192,0.22136509444970498
