initial_infected_perc,initial_immune_perc,length,height,population_size,contagion_distance,critical_limit,amp_susc,amp_rec,amp_inf,response
0.09060226220586955,0.07654146086039039,100,100,118,5,0.05,2.7415797822304766,15.753328954538636,8.391166576682544,0.07423618739446038
