initial_infected_perc,initial_immune_perc,length,height,population_size,contagion_distance,critical_limit,amp_susc,amp_rec,amp_inf,response
0.006489778248355649,0.04286356718822,100,100,118,5,0.05,6.4384457659051275,8.01064396853919,5.3798248060154785,0.21242685437603073
