initial_infected_perc,initial_immune_perc,length,height,population_size,contagion_distance,critical_limit,amp_susc,amp_rec,amp_inf,response
0.027622297337429238,0.04173564738703636,100,100,118,5,0.05,0.2656245101268029,18.342446927368847,5.929903342763058,0.29814105220088083
