initial_infected_perc,initial_immune_perc,length,height,population_size,contagion_distance,critical_limit,amp_susc,amp_rec,amp_inf,response
0.08732825018789159,0.027544723374598314,100,100,118,5,0.05,14.354881490383809,18.649686690120298,3.049022517564375,0.06327391084007818
