initial_infected_perc,initial_immune_perc,length,height,population_size,contagion_distance,critical_limit,amp_susc,amp_rec,amp_inf,response
0.08986336089202954,0.011104176580723546,100,100,118,5,0.05,7.689578304493116,15.757189466267256,4.278810202887819,0.05288786346207756
