initial_infected_perc,initial_immune_perc,length,height,population_size,contagion_distance,critical_limit,amp_susc,amp_rec,amp_inf,response
0.09013761800163518,0.04366697495478755,100,100,118,5,0.05,5.924085883240487,6.41108717759664,19.426536493848182,0.09219527917807366
