initial_infected_perc,initial_immune_perc,length,height,population_size,contagion_distance,critical_limit,amp_susc,amp_rec,amp_inf,response
0.07806673924774025,0.043076119655753586,100,100,118,5,0.05,9.533151026026372,17.668356535798317,0.6315274198377585,0.25047953611606183
