initial_infected_perc,initial_immune_perc,length,height,population_size,contagion_distance,critical_limit,amp_susc,amp_rec,amp_inf,response
0.021407658078457126,0.04937580201309664,100,100,118,5,0.05,17.619529658621076,17.387155637438223,1.2452067747268747,0.14179234741685784
