initial_infected_perc,initial_immune_perc,length,height,population_size,contagion_distance,critical_limit,amp_susc,amp_rec,amp_inf,response
0.040453266044510376,0.0009410187574111495,100,100,118,5,0.05,17.41307504306967,9.371005532790335,13.321808012368672,0.062363687970070254
