initial_infected_perc,initial_immune_perc,length,height,population_size,contagion_distance,critical_limit,amp_susc,amp_rec,amp_inf,response
0.07199240249549883,0.07488112727791311,100,100,118,5,0.05,9.684963010835679,9.088975617002147,17.675683510674375,0.18503533233453992
