initial_infected_perc,initial_immune_perc,length,height,population_size,contagion_distance,critical_limit,amp_susc,amp_rec,amp_inf,response
0.025575815690691884,0.022184072379423637,100,100,118,5,0.05,17.892585240507398,3.791217939527829,9.284310184257624,0.04616972027169419
