initial_infected_perc,initial_immune_perc,length,height,population_size,contagion_distance,critical_limit,amp_susc,amp_rec,amp_inf,response
0.08930651852727296,0.09737095252459406,100,100,118,5,0.05,16.7835936761122,18.470668582351976,15.889849458474032,0.18025656866682443
