initial_infected_perc,initial_immune_perc,length,height,population_size,contagion_distance,critical_limit,amp_susc,amp_rec,amp_inf,response
0.0834236283206188,0.02450552674478107,100,100,118,5,0.05,2.370516333231927,16.02058762129795,4.743690606212299,0.18046943804683938
