initial_infected_perc,initial_immune_perc,length,height,population_size,contagion_distance,critical_limit,amp_susc,amp_rec,amp_inf,response
0.024396573853367354,0.0815435735726537,100,100,118,5,0.05,15.270130602868628,6.84360652072969,2.219496917955086,0.09216497099796483
