initial_infected_perc,initial_immune_perc,length,height,population_size,contagion_distance,critical_limit,amp_susc,amp_rec,amp_inf,response
0.0928249289536641,0.05633024491356797,100,100,118,5,0.05,11.076198445332928,17.178933570685338,7.148112652013814,0.29448038848440405
