initial_infected_perc,initial_immune_perc,length,height,population_size,contagion_distance,critical_limit,amp_susc,amp_rec,amp_inf,response
0.05543961397204897,0.09601028553285045,100,100,118,5,0.05,18.89116170449639,6.994986020935034,12.15028025345842,0.07150223932240822
