initial_infected_perc,initial_immune_perc,length,height,population_size,contagion_distance,critical_limit,amp_susc,amp_rec,amp_inf,response
0.002044773713115722,0.09121904287046238,100,100,118,5,0.05,10.17105940944875,12.877716314722003,6.141808693591891,0.21330856093081663
