initial_infected_perc,initial_immune_perc,length,height,population_size,contagion_distance,critical_limit,amp_susc,amp_rec,amp_inf,response
0.04104311580375717,0.09155810779544446,100,100,118,5,0.05,11.27761496255513,6.855958384320056,10.309466896635502,0.15704849932313406
