initial_infected_perc,initial_immune_perc,length,height,population_size,contagion_distance,critical_limit,amp_susc,amp_rec,amp_inf,response
0.09641156304402497,0.0785248778044959,100,100,118,5,0.05,17.197535508954317,13.19727701244238,11.509532488196658,0.1359734986947546
