initial_infected_perc,initial_immune_perc,length,height,population_size,contagion_distance,critical_limit,amp_susc,amp_rec,amp_inf,response
0.04915718871784335,0.03691674954174531,100,100,118,5,0.05,1.0967382910547308,15.300677633738278,7.981290347523558,0.2252199526676327
