initial_infected_perc,initial_immune_perc,length,height,population_size,contagion_distance,critical_limit,amp_susc,amp_rec,amp_inf,response
0.07794928918431923,0.040254800643562176,100,100,118,5,0.05,7.355176403653429,1.1876626228987064,18.511272355563648,0.0904617789590514
