initial_infected_perc,initial_immune_perc,length,height,population_size,contagion_distance,critical_limit,amp_susc,amp_rec,amp_inf,response
0.09485793897587069,0.052288974020550286,100,100,118,5,0.05,18.560178727602878,0.03683040498496659,15.3702968983951,0.18238735956219757
