initial_infected_perc,initial_immune_perc,length,height,population_size,contagion_distance,critical_limit,amp_susc,amp_rec,amp_inf,response
0.059518013292375826,0.017646889102088382,100,100,118,5,0.05,9.287429103137448,4.012464353148935,7.335447886576847,0.03242441097857279
