initial_infected_perc,initial_immune_perc,length,height,population_size,contagion_distance,critical_limit,amp_susc,amp_rec,amp_inf,response
0.06770639729719628,0.07731294106071626,100,100,118,5,0.05,17.28969495649061,4.456577894490364,17.318380139369246,0.24388083888200393
