initial_infected_perc,initial_immune_perc,length,height,population_size,contagion_distance,critical_limit,amp_susc,amp_rec,amp_inf,response
0.06901260991802093,0.026793021828817643,100,100,118,5,0.05,7.820540963926977,0.7923631282885513,17.409789175545814,0.23609630887534075
