initial_infected_perc,initial_immune_perc,length,height,population_size,contagion_distance,critical_limit,amp_susc,amp_rec,amp_inf,response
0.09256955284505097,0.010556140912866219,100,100,118,5,0.05,4.556264193501278,16.15524275814509,15.101045012001808,0.07475897332748156
