initial_infected_perc,initial_immune_perc,length,height,population_size,contagion_distance,critical_limit,amp_susc,amp_rec,amp_inf,response
0.007866284693835058,0.0467021274643106,100,100,118,5,0.05,1.0791787874963776,7.954570796749936,17.479973429771345,0.2460172026024773
