initial_infected_perc,initial_immune_perc,length,height,population_size,contagion_distance,critical_limit,amp_susc,amp_rec,amp_inf,response
0.08394748368943858,0.06005647330246349,100,100,118,5,0.05,8.493134531592169,1.1171312847928094,4.800523223846904,0.29392561607076767
