initial_infected_perc,initial_immune_perc,length,height,population_size,contagion_distance,critical_limit,amp_susc,amp_rec,amp_inf,response
0.0469293722164477,0.021168958448055542,100,100,118,5,0.05,9.472172766779586,13.083906066887774,11.0392355992728,0.0934998242333744
