initial_infected_perc,initial_immune_perc,length,height,population_size,contagion_distance,critical_limit,amp_susc,amp_rec,amp_inf,response
0.011824187384780284,0.04665649694882293,100,100,118,5,0.05,5.605449407946352,14.191370279135763,14.558408443637227,0.2811292915501863
