initial_infected_perc,initial_immune_perc,length,height,population_size,contagion_distance,critical_limit,amp_susc,amp_rec,amp_inf,response
0.09265548359394186,0.08510952400219612,100,100,118,5,0.05,12.267381362202567,18.550536224939187,8.410245456793392,0.035319520626317324
