initial_infected_perc,initial_immune_perc,length,height,population_size,contagion_distance,critical_limit,amp_susc,amp_rec,amp_inf,response
0.041757316379824244,0.0776667847309287,100,100,118,5,0.05,3.788236985935034,6.974548702060059,0.07554375012761572,0.030306061631696277
