initial_infected_perc,initial_immune_perc,length,height,population_size,contagion_distance,critical_limit,amp_susc,amp_rec,amp_inf,response
0.02850396141820537,0.08110267376627141,100,100,118,5,0.05,9.319561297643805,4.75820355322754,17.55400602270399,0.07841729585055562
