initial_infected_perc,initial_immune_perc,length,height,population_size,contagion_distance,critical_limit,amp_susc,amp_rec,amp_inf,response
0.0979350950978326,0.0484587954526438,100,100,118,5,0.05,17.819461641494524,4.734117444773121,1.2611996447357665,0.11820869347792007
