initial_infected_perc,initial_immune_perc,length,height,population_size,contagion_distance,critical_limit,amp_susc,amp_rec,amp_inf,response
0.03713522067139524,0.041634191176152004,100,100,118,5,0.05,18.28592479525864,13.46060640618488,9.662904086655697,0.17099785249209218
