initial_infected_perc,initial_immune_perc,length,height,population_size,contagion_distance,critical_limit,amp_susc,amp_rec,amp_inf,response
0.037338421024943405,0.07251715700142694,100,100,118,5,0.05,13.880978392099186,2.171162564954656,17.416084058070336,0.024057024912646805
