initial_infected_perc,initial_immune_perc,length,height,population_size,contagion_distance,critical_limit,amp_susc,amp_rec,amp_inf,response
0.010550352112859485,0.0020480615644217436,100,100,118,5,0.05,9.154675649981193,12.718530199591436,0.15786754917037404,0.22535983061362116
