initial_infected_perc,initial_immune_perc,length,height,population_size,contagion_distance,critical_limit,amp_susc,amp_rec,amp_inf,response
0.027120278697112855,0.014465168728587587,100,100,118,5,0.05,7.962179356984049,16.799276807011122,4.987744665820468,0.23584917844171266
