initial_infected_perc,initial_immune_perc,length,height,population_size,contagion_distance,critical_limit,amp_susc,amp_rec,amp_inf,response
0.04591986723060362,0.012182796518818062,100,100,118,5,0.05,1.8882318377867224,9.654904691444353,9.967498223659078,0.1809547317247681
