initial_infected_perc,initial_immune_perc,length,height,population_size,contagion_distance,critical_limit,amp_susc,amp_rec,amp_inf,response
0.00037732997995348905,0.0024915727864627925,100,100,118,5,0.05,12.587155257169062,5.3284899843616,16.755495060610265,0.1057847885274497
