initial_infected_perc,initial_immune_perc,length,height,population_size,contagion_distance,critical_limit,amp_susc,amp_rec,amp_inf,response
0.019383784143273842,0.0999841861655243,100,100,118,5,0.05,13.167206099374031,12.109119819946612,17.886930922838562,0.25497971011635656
