initial_infected_perc,initial_immune_perc,length,height,population_size,contagion_distance,critical_limit,amp_susc,amp_rec,amp_inf,response
0.054827588362612326,0.07571882417753027,100,100,118,5,0.05,8.792308012134695,5.0202075143069225,6.160505788018269,0.11278685114878233
