initial_infected_perc,initial_immune_perc,length,height,population_size,contagion_distance,critical_limit,amp_susc,amp_rec,amp_inf,response
0.028651180697478542,0.08366991435035397,100,100,118,5,0.05,17.13198120152172,0.371508600464594,5.331785726678047,0.012331518470649694
