initial_infected_perc,initial_immune_perc,length,height,population_size,contagion_distance,critical_limit,amp_susc,amp_rec,amp_inf,response
0.0451767007129397,0.05650075076447069,100,100,118,5,0.05,8.11521906603047,16.22823504961255,2.634613402076731,0.14531603554232797
