initial_infected_perc,initial_immune_perc,length,height,population_size,contagion_distance,critical_limit,amp_susc,amp_rec,amp_inf,response
0.08088354174397422,0.0693989466980513,100,100,118,5,0.05,13.467007946104168,4.5142223939152455,12.9079928449048,0.03777390557600607
