initial_infected_perc,initial_immune_perc,length,height,population_size,contagion_distance,critical_limit,amp_susc,amp_rec,amp_inf,response
0.0886451691154219,0.06344795862884393,100,100,118,5,0.05,9.316295325477178,6.098110125746374,11.564534672497091,0.014930840297881463
