initial_infected_perc,initial_immune_perc,length,height,population_size,contagion_distance,critical_limit,amp_susc,amp_rec,amp_inf,response
0.04199965126335138,0.09529830882890372,100,100,118,5,0.05,13.120664615621063,4.320619258111959,14.497168287370798,0.14250460543950322
