initial_infected_perc,initial_immune_perc,length,height,population_size,contagion_distance,critical_limit,amp_susc,amp_rec,amp_inf,response
0.06011576030007955,0.06851442782719509,100,100,118,5,0.05,6.467920054092344,10.061441531829354,16.609542774590974,0.15688753007000436
