initial_infected_perc,initial_immune_perc,length,height,population_size,contagion_distance,critical_limit,amp_susc,amp_rec,amp_inf,response
0.025109851442637544,0.019534026176728836,100,100,118,5,0.05,17.628451788514262,2.1456990776058493,1.119997545097604,0.1022535775429144
