initial_infected_perc,initial_immune_perc,length,height,population_size,contagion_distance,critical_limit,amp_susc,amp_rec,amp_inf,response
0.06202709449681948,0.09654134219465907,100,100,118,5,0.05,15.372596289275563,9.204510852101729,19.830038699717733,0.27105774542626143
