initial_infected_perc,initial_immune_perc,length,height,population_size,contagion_distance,critical_limit,amp_susc,amp_rec,amp_inf,response
0.040991760809052896,0.010016148694423688,100,100,118,5,0.05,13.983472784003297,13.018796168438922,5.348372551138832,0.2116054733453858
