initial_infected_perc,initial_immune_perc,length,height,population_size,contagion_distance,critical_limit,amp_susc,amp_rec,amp_inf,response
0.03528835019889394,0.08477406441387829,100,100,118,5,0.05,9.163902539723285,0.9128574464060835,7.014362796173835,0.15927634647272956
