initial_infected_perc,initial_immune_perc,length,height,population_size,contagion_distance,critical_limit,amp_susc,amp_rec,amp_inf,response
0.08391986452559079,0.00022711549639302666,100,100,118,5,0.05,4.723280562056398,10.458132192145303,16.09339917263229,0.1301768089632474
