initial_infected_perc,initial_immune_perc,length,height,population_size,contagion_distance,critical_limit,amp_susc,amp_rec,amp_inf,response
0.08211982930390471,0.029652908677587533,100,100,118,5,0.05,16.41427947324718,15.509771430627975,16.28452112757001,0.1603577251133321
