initial_infected_perc,initial_immune_perc,length,height,population_size,contagion_distance,critical_limit,amp_susc,amp_rec,amp_inf,response
0.07338024448130553,0.0907131070850525,100,100,118,5,0.05,5.470044699629446,14.957695256197507,17.448334045160884,0.1285975278233307
