initial_infected_perc,initial_immune_perc,length,height,population_size,contagion_distance,critical_limit,amp_susc,amp_rec,amp_inf,response
0.04628397843168271,0.09354325763450623,100,100,118,5,0.05,5.909768431754343,11.407379800996571,14.224316277906276,0.22505841722836437
