initial_infected_perc,initial_immune_perc,length,height,population_size,contagion_distance,critical_limit,amp_susc,amp_rec,amp_inf,response
0.05746560526832564,0.09811051437541402,100,100,118,5,0.05,12.11393818835967,12.267189762625774,1.8142765407673345,0.24828165299918853
