initial_infected_perc,initial_immune_perc,length,height,population_size,contagion_distance,critical_limit,amp_susc,amp_rec,amp_inf,response
0.029677848935762433,0.0820219222330922,100,100,118,5,0.05,6.606568733627693,3.4285014476485642,7.756142180383847,0.03989166870558991
