initial_infected_perc,initial_immune_perc,length,height,population_size,contagion_distance,critical_limit,amp_susc,amp_rec,amp_inf,response
0.07505342824995603,0.006223742533920307,100,100,118,5,0.05,5.951432028451489,16.431496688874674,5.591039920949548,0.20127451584166065
