initial_infected_perc,initial_immune_perc,length,height,population_size,contagion_distance,critical_limit,amp_susc,amp_rec,amp_inf,response
0.060220469266212565,0.07109806521586491,100,100,118,5,0.05,5.920676375652192,8.3263028533433,0.8401852644200369,0.2577753141146081
