initial_infected_perc,initial_immune_perc,length,height,population_size,contagion_distance,critical_limit,amp_susc,amp_rec,amp_inf,response
0.0012697819975139414,0.023717615306132922,100,100,118,5,0.05,15.913677362940552,6.175791985349941,13.41653075847267,0.24078281398402654
