initial_infected_perc,initial_immune_perc,length,height,population_size,contagion_distance,critical_limit,amp_susc,amp_rec,amp_inf,response
0.059843234919351534,0.027865148742332924,100,100,118,5,0.05,5.193779400127127,16.758427334461345,9.875365040394206,0.2732655487284667
