initial_infected_perc,initial_immune_perc,length,height,population_size,contagion_distance,critical_limit,amp_susc,amp_rec,amp_inf,response
0.07222248564860621,0.08741049514592258,100,100,118,5,0.05,3.4622332281651658,4.65851422459272,4.990470172906636,0.06817960966723777
