initial_infected_perc,initial_immune_perc,length,height,population_size,contagion_distance,critical_limit,amp_susc,amp_rec,amp_inf,response
0.03895987900883005,0.010699408785392807,100,100,118,5,0.05,11.219518645098319,6.014353874777292,0.43719278290373254,0.06156620785385461
