initial_infected_perc,initial_immune_perc,length,height,population_size,contagion_distance,critical_limit,amp_susc,amp_rec,amp_inf,response
0.05363672417603143,0.020305884250532726,100,100,118,5,0.05,15.71889162221763,14.15588730584963,12.431185355655943,0.2206863219766865
