initial_infected_perc,initial_immune_perc,length,height,population_size,contagion_distance,critical_limit,amp_susc,amp_rec,amp_inf,response
0.08702764972700945,0.021013780686206587,100,100,118,5,0.05,4.046394926560877,7.601350427941373,8.359739074559403,0.25373893757937527
