initial_infected_perc,initial_immune_perc,length,height,population_size,contagion_distance,critical_limit,amp_susc,amp_rec,amp_inf,response
0.04974613311786078,0.07326660684613477,100,100,118,5,0.05,9.765639909219004,2.855491907982679,11.7820694044576,0.15381838746392154
