initial_infected_perc,initial_immune_perc,length,height,population_size,contagion_distance,critical_limit,amp_susc,amp_rec,amp_inf,response
0.00048446861381954424,0.057736239238108306,100,100,118,5,0.05,14.939145296650555,10.609843713440824,19.771882825915036,0.11419800997426358
