initial_infected_perc,initial_immune_perc,length,height,population_size,contagion_distance,critical_limit,amp_susc,amp_rec,amp_inf,response
0.06737729307184248,0.012387725961631391,100,100,118,5,0.05,11.38008267364102,17.249730441752682,13.509339622453435,0.002605269845167757
