initial_infected_perc,initial_immune_perc,length,height,population_size,contagion_distance,critical_limit,amp_susc,amp_rec,amp_inf,response
0.07494006747070975,0.09151472470456128,100,100,118,5,0.05,11.606635103547651,11.069067704467583,3.2518927136043674,0.1383348059409847
