initial_infected_perc,initial_immune_perc,length,height,population_size,contagion_distance,critical_limit,amp_susc,amp_rec,amp_inf,response
0.061421414174584,0.09885070054713452,100,100,118,5,0.05,19.127522584739555,16.389248074761074,3.72593876989471,0.24634106503390987
