initial_infected_perc,initial_immune_perc,length,height,population_size,contagion_distance,critical_limit,amp_susc,amp_rec,amp_inf,response
0.034167474256375445,0.01883726090690714,100,100,118,5,0.05,8.618051314493885,3.5294879358976394,19.72757978834562,0.035405421432750696
