initial_infected_perc,initial_immune_perc,length,height,population_size,contagion_distance,critical_limit,amp_susc,amp_rec,amp_inf,response
0.0850438205473448,0.09418717067925536,100,100,118,5,0.05,12.105043805030796,17.586245780864722,0.487202119696557,0.11231668020246517
