initial_infected_perc,initial_immune_perc,length,height,population_size,contagion_distance,critical_limit,amp_susc,amp_rec,amp_inf,response
0.07646615213615882,0.08228383408970479,100,100,118,5,0.05,1.9479451651962232,17.206140471058546,16.635422462851448,0.13066388186323266
