initial_infected_perc,initial_immune_perc,length,height,population_size,contagion_distance,critical_limit,amp_susc,amp_rec,amp_inf,response
0.08440643288928507,0.0023118316555156503,100,100,118,5,0.05,0.9285306527916926,18.54259526057931,8.831106566825191,0.22925008239183625
