initial_infected_perc,initial_immune_perc,length,height,population_size,contagion_distance,critical_limit,amp_susc,amp_rec,amp_inf,response
0.056921361353155744,0.058994390957528633,100,100,118,5,0.05,14.778896905225103,1.032280500683107,9.505026594675108,0.23930537900777699
