initial_infected_perc,initial_immune_perc,length,height,population_size,contagion_distance,critical_limit,amp_susc,amp_rec,amp_inf,response
0.028596244803856665,0.09437287478646261,100,100,118,5,0.05,17.668761183509034,12.026391119224044,15.737623663734183,0.24381870444245496
