initial_infected_perc,initial_immune_perc,length,height,population_size,contagion_distance,critical_limit,amp_susc,amp_rec,amp_inf,response
0.061360160298226586,0.07907764519606236,100,100,118,5,0.05,9.302189620342764,14.402855774522079,6.373007929733292,0.23559370508189464
