initial_infected_perc,initial_immune_perc,length,height,population_size,contagion_distance,critical_limit,amp_susc,amp_rec,amp_inf,response
0.08812357721228484,0.05663411566857116,100,100,118,5,0.05,4.468277339023874,17.38229629464724,1.914774054844175,0.06092752409274829
