initial_infected_perc,initial_immune_perc,length,height,population_size,contagion_distance,critical_limit,amp_susc,amp_rec,amp_inf,response
0.0726754557241085,0.03389248026719578,100,100,118,5,0.05,8.267221017807039,9.355403707963092,15.64769614111892,0.261148885725483
