initial_infected_perc,initial_immune_perc,length,height,population_size,contagion_distance,critical_limit,amp_susc,amp_rec,amp_inf,response
0.0785962861202236,0.03589709243196237,100,100,118,5,0.05,8.87901976088566,16.89542021541309,4.714593938341823,0.15262467626994256
