initial_infected_perc,initial_immune_perc,length,height,population_size,contagion_distance,critical_limit,amp_susc,amp_rec,amp_inf,response
0.02875556799767246,0.08609166782909328,100,100,118,5,0.05,16.178707472213546,16.10750925834852,3.8278413722170868,0.026993439015311316
