initial_infected_perc,initial_immune_perc,length,height,population_size,contagion_distance,critical_limit,amp_susc,amp_rec,amp_inf,response
0.06799436391282358,0.04066942359341091,100,100,118,5,0.05,1.3032901704772604,8.76280011872683,1.9183346483677033,0.1407211347634699
