initial_infected_perc,initial_immune_perc,length,height,population_size,contagion_distance,critical_limit,amp_susc,amp_rec,amp_inf,response
0.04599761979737913,0.0024066546595769792,100,100,118,5,0.05,18.752337097499453,14.17011092382574,10.516920965028563,0.020238537104157305
