initial_infected_perc,initial_immune_perc,length,height,population_size,contagion_distance,critical_limit,amp_susc,amp_rec,amp_inf,response
0.08832990622843005,0.04539661501989522,100,100,118,5,0.05,16.721436913934625,18.847273552276075,18.059545472514813,0.24686375737643335
