initial_infected_perc,initial_immune_perc,length,height,population_size,contagion_distance,critical_limit,amp_susc,amp_rec,amp_inf,response
0.007191606939912121,0.07770769505045343,100,100,118,5,0.05,0.27660577283057375,3.6709498997419865,12.757540568651148,0.19269264803272396
