initial_infected_perc,initial_immune_perc,length,height,population_size,contagion_distance,critical_limit,amp_susc,amp_rec,amp_inf,response
0.025145221081897574,0.08315087752728477,100,100,118,5,0.05,15.588318870224835,3.280369675468655,5.261992086257514,0.12291103428079349
