initial_infected_perc,initial_immune_perc,length,height,population_size,contagion_distance,critical_limit,amp_susc,amp_rec,amp_inf,response
0.09635840324140034,0.008501581079285147,100,100,118,5,0.05,8.090291111443353,7.0969548539136245,8.584323684721205,0.25676647683892173
