initial_infected_perc,initial_immune_perc,length,height,population_size,contagion_distance,critical_limit,amp_susc,amp_rec,amp_inf,response
0.014712447277865227,0.06822441044025852,100,100,118,5,0.05,14.340012292880486,14.098089987745928,1.2334784637520313,0.0040269191038793005
