initial_infected_perc,initial_immune_perc,length,height,population_size,contagion_distance,critical_limit,amp_susc,amp_rec,amp_inf,response
0.048443679056543947,0.02364933244922921,100,100,118,5,0.05,18.91766476000032,9.348262931340477,3.1737099841058214,0.2964108974283542
