initial_infected_perc,initial_immune_perc,length,height,population_size,contagion_distance,critical_limit,amp_susc,amp_rec,amp_inf,response
0.024041828033525583,0.08728356641169364,100,100,118,5,0.05,10.383036848261288,5.773306218964782,5.084029014677098,0.012732719768067424
