initial_infected_perc,initial_immune_perc,length,height,population_size,contagion_distance,critical_limit,amp_susc,amp_rec,amp_inf,response
0.09206653238475093,0.03949160254233415,100,100,118,5,0.05,19.921683933011497,5.380717494678098,1.4255506488325342,0.25501279455140274
