initial_infected_perc,initial_immune_perc,length,height,population_size,contagion_distance,critical_limit,amp_susc,amp_rec,amp_inf,response
0.012086615694773484,0.08645509815760041,100,100,118,5,0.05,18.782412052081014,4.3092539127445235,16.232631391337843,0.08714573569286056
