initial_infected_perc,initial_immune_perc,length,height,population_size,contagion_distance,critical_limit,amp_susc,amp_rec,amp_inf,response
0.05735567557299657,0.023943034893017946,100,100,118,5,0.05,9.829875012846767,17.756305173232455,7.197912134880193,0.22422665438104297
