initial_infected_perc,initial_immune_perc,length,height,population_size,contagion_distance,critical_limit,amp_susc,amp_rec,amp_inf,response
0.0582076324599393,0.017237742808179947,100,100,118,5,0.05,12.69285830800715,11.536097266652073,5.750397510529741,0.1945637007166985
