initial_infected_perc,initial_immune_perc,length,height,population_size,contagion_distance,critical_limit,amp_susc,amp_rec,amp_inf,response
0.02301980233911596,0.04460741689129005,100,100,118,5,0.05,18.532207478882214,7.599004390397138,7.762095542490199,0.12495080619004101
