initial_infected_perc,initial_immune_perc,length,height,population_size,contagion_distance,critical_limit,amp_susc,amp_rec,amp_inf,response
0.06141289551234247,0.049727040095099095,100,100,118,5,0.05,14.492155493639219,17.570106749415242,2.4321317925376995,0.0923187165207664
