initial_infected_perc,initial_immune_perc,length,height,population_size,contagion_distance,critical_limit,amp_susc,amp_rec,amp_inf,response
0.028563177927420802,0.07127263286645084,100,100,118,5,0.05,15.143557341350885,3.304786513033744,6.655881210640318,0.2665043062093074
