initial_infected_perc,initial_immune_perc,length,height,population_size,contagion_distance,critical_limit,amp_susc,amp_rec,amp_inf,response
0.030587088998468348,0.09584358874818463,100,100,118,5,0.05,13.480320337982528,16.659980393213605,3.355877265773217,0.24694136703435346
