initial_infected_perc,initial_immune_perc,length,height,population_size,contagion_distance,critical_limit,amp_susc,amp_rec,amp_inf,response
0.07735428338566255,0.08065939388461663,100,100,118,5,0.05,0.5784355048596468,2.013887246449526,17.782694137878153,0.260912795684134
