initial_infected_perc,initial_immune_perc,length,height,population_size,contagion_distance,critical_limit,amp_susc,amp_rec,amp_inf,response
0.008277878260436867,0.08667452795506796,100,100,118,5,0.05,6.495669759676663,5.407832939395371,17.13581913976477,0.033021755967639885
