initial_infected_perc,initial_immune_perc,length,height,population_size,contagion_distance,critical_limit,amp_susc,amp_rec,amp_inf,response
0.048304972266094086,0.0984497774259752,100,100,118,5,0.05,6.306388206786586,19.007613663117873,11.735392290397733,0.20456012058008258
