initial_infected_perc,initial_immune_perc,length,height,population_size,contagion_distance,critical_limit,amp_susc,amp_rec,amp_inf,response
0.079146075664302,0.0749496375218109,100,100,118,5,0.05,14.584049773302532,1.6185748077219153,9.650759229594764,0.06728600105870478
