initial_infected_perc,initial_immune_perc,length,height,population_size,contagion_distance,critical_limit,amp_susc,amp_rec,amp_inf,response
0.0967211131645783,0.07325826244142568,100,100,118,5,0.05,13.820189677375014,0.8901489935051132,3.44470136235979,0.06964606899768193
