initial_infected_perc,initial_immune_perc,length,height,population_size,contagion_distance,critical_limit,amp_susc,amp_rec,amp_inf,response
0.09772098810376764,0.08921877192387102,100,100,118,5,0.05,12.22724915604719,15.605839539352688,3.374473056473082,0.2396306223532235
