initial_infected_perc,initial_immune_perc,length,height,population_size,contagion_distance,critical_limit,amp_susc,amp_rec,amp_inf,response
0.03317572890740822,0.05855657204519206,100,100,118,5,0.05,9.816052682770337,19.585586813648796,11.235665582472237,0.20258531407564398
