initial_infected_perc,initial_immune_perc,length,height,population_size,contagion_distance,critical_limit,amp_susc,amp_rec,amp_inf,response
0.0015318055556839518,0.07140674519501246,100,100,118,5,0.05,9.717310100928067,6.229121701403033,2.5889932997831733,0.2732177867841266
