initial_infected_perc,initial_immune_perc,length,height,population_size,contagion_distance,critical_limit,amp_susc,amp_rec,amp_inf,response
0.012663501356887165,0.03072109648512794,100,100,118,5,0.05,16.7605626788154,15.155974536342164,5.984962954020268,0.002164764675749542
