initial_infected_perc,initial_immune_perc,length,height,population_size,contagion_distance,critical_limit,amp_susc,amp_rec,amp_inf,response
0.07144568325464444,0.000904732130403596,100,100,118,5,0.05,13.217036870422255,4.604881760177828,14.266074736215828,0.29071687112600064
