initial_infected_perc,initial_immune_perc,length,height,population_size,contagion_distance,critical_limit,amp_susc,amp_rec,amp_inf,response
0.01227853168650358,0.02264442192662316,100,100,118,5,0.05,0.2763176108257337,2.1616060630677425,3.721478812812662,0.06276379622178636
