initial_infected_perc,initial_immune_perc,length,height,population_size,contagion_distance,critical_limit,amp_susc,amp_rec,amp_inf,response
0.04844343137661834,0.013109471607813707,100,100,118,5,0.05,19.969741365748504,13.882838744940667,5.4445637415027175,0.008154005232474015
