initial_infected_perc,initial_immune_perc,length,height,population_size,contagion_distance,critical_limit,amp_susc,amp_rec,amp_inf,response
0.0046017554802952115,0.06936337033950778,100,100,118,5,0.05,1.4073768607553983,15.494889991788765,7.113670183106533,0.0706584513827611
