initial_infected_perc,initial_immune_perc,length,height,population_size,contagion_distance,critical_limit,amp_susc,amp_rec,amp_inf,response
0.056906776100272186,0.0751109687722199,100,100,118,5,0.05,16.837124235031443,15.839010974998653,9.22767942158929,0.1630994132691611
