initial_infected_perc,initial_immune_perc,length,height,population_size,contagion_distance,critical_limit,amp_susc,amp_rec,amp_inf,response
0.09707972839833237,0.006220999722371912,100,100,118,5,0.05,18.805355204846105,14.388824642740731,5.440963716994611,0.18085094354322503
