initial_infected_perc,initial_immune_perc,length,height,population_size,contagion_distance,critical_limit,amp_susc,amp_rec,amp_inf,response
0.04279941396766701,0.07790007401601853,100,100,118,5,0.05,15.868349101011933,10.09306920454948,4.3061581329717535,0.016841945064331374
