initial_infected_perc,initial_immune_perc,length,height,population_size,contagion_distance,critical_limit,amp_susc,amp_rec,amp_inf,response
0.012173194797980947,0.08095158138883743,100,100,118,5,0.05,10.354040842767589,7.117770656247937,18.307290738303045,0.16967492396599454
