initial_infected_perc,initial_immune_perc,length,height,population_size,contagion_distance,critical_limit,amp_susc,amp_rec,amp_inf,response
0.06263440447708817,0.08770723356705279,100,100,118,5,0.05,17.05042957009814,19.008643033873053,10.045011978534033,0.07584203628689241
