initial_infected_perc,initial_immune_perc,length,height,population_size,contagion_distance,critical_limit,amp_susc,amp_rec,amp_inf,response
0.017179901909505357,0.019927346907544066,100,100,118,5,0.05,14.86888947219692,0.026736134470592976,15.659991166407554,0.2197642360710573
