initial_infected_perc,initial_immune_perc,length,height,population_size,contagion_distance,critical_limit,amp_susc,amp_rec,amp_inf,response
0.04073135810529277,0.056266311822124285,100,100,118,5,0.05,8.815599665990096,2.1452757403209555,6.631175910158511,0.18954232665960238
