initial_infected_perc,initial_immune_perc,length,height,population_size,contagion_distance,critical_limit,amp_susc,amp_rec,amp_inf,response
0.027671019667944788,0.09359828871270581,100,100,118,5,0.05,4.073653083253412,18.507417884961143,6.075378595637502,0.24692009219087424
