initial_infected_perc,initial_immune_perc,length,height,population_size,contagion_distance,critical_limit,amp_susc,amp_rec,amp_inf,response
0.06379006259698732,0.06834550290709296,100,100,118,5,0.05,17.164515275354084,3.009683857297938,17.593125027780143,0.20676762106935445
