initial_infected_perc,initial_immune_perc,length,height,population_size,contagion_distance,critical_limit,amp_susc,amp_rec,amp_inf,response
0.052006647544141305,0.05731784683066419,100,100,118,5,0.05,0.8810772341383699,7.089210091276761,9.784561039711665,0.1831499939309676
