initial_infected_perc,initial_immune_perc,length,height,population_size,contagion_distance,critical_limit,amp_susc,amp_rec,amp_inf,response
0.06510467623595781,0.0395222539696987,100,100,118,5,0.05,6.746815142613838,9.66858943561471,6.852114878230502,0.29320815178132054
