initial_infected_perc,initial_immune_perc,length,height,population_size,contagion_distance,critical_limit,amp_susc,amp_rec,amp_inf,response
0.09641929122824144,0.05916158456498573,100,100,118,5,0.05,7.483440095855669,4.839366422720188,9.039014761841763,0.10258051701650467
