initial_infected_perc,initial_immune_perc,length,height,population_size,contagion_distance,critical_limit,amp_susc,amp_rec,amp_inf,response
0.016745741020328397,0.07165031899404309,100,100,118,5,0.05,1.5545906314829572,7.266361403257551,5.728280547158631,0.21128488131899217
