initial_infected_perc,initial_immune_perc,length,height,population_size,contagion_distance,critical_limit,amp_susc,amp_rec,amp_inf,response
0.03718110790233416,0.025997694565960128,100,100,118,5,0.05,2.2087000336953455,4.141351583937252,17.243399775147196,0.16293187262978653
