initial_infected_perc,initial_immune_perc,length,height,population_size,contagion_distance,critical_limit,amp_susc,amp_rec,amp_inf,response
0.08079537981391327,0.05228316363400846,100,100,118,5,0.05,3.8857755034075403,3.384249034199045,6.891796544934127,0.011825364131409288
