initial_infected_perc,initial_immune_perc,length,height,population_size,contagion_distance,critical_limit,amp_susc,amp_rec,amp_inf,response
0.014210066488714968,0.04740904004314529,100,100,118,5,0.05,6.135333784071715,9.17803332807213,9.460952145542969,0.2585778972616862
