initial_infected_perc,initial_immune_perc,length,height,population_size,contagion_distance,critical_limit,amp_susc,amp_rec,amp_inf,response
0.0777805027244619,0.048501482113696516,100,100,118,5,0.05,13.746077766024003,17.11411946078993,2.1610304242457024,0.08636148207429317
