initial_infected_perc,initial_immune_perc,length,height,population_size,contagion_distance,critical_limit,amp_susc,amp_rec,amp_inf,response
0.020792071423275705,0.09686066076399957,100,100,118,5,0.05,18.402113144746664,8.588622495003113,13.238768749689907,0.18425699923072159
