initial_infected_perc,initial_immune_perc,length,height,population_size,contagion_distance,critical_limit,amp_susc,amp_rec,amp_inf,response
0.059215612511194074,0.05868477399390011,100,100,118,5,0.05,6.573609195085344,7.480761510486316,1.8591145183624591,0.051788642606541126
