initial_infected_perc,initial_immune_perc,length,height,population_size,contagion_distance,critical_limit,amp_susc,amp_rec,amp_inf,response
0.041883110296622665,0.09588966055901339,100,100,118,5,0.05,6.219786513536693,4.484905281042657,5.5509101856494425,0.08226749752902719
