initial_infected_perc,initial_immune_perc,length,height,population_size,contagion_distance,critical_limit,amp_susc,amp_rec,amp_inf,response
0.06910655088152688,0.04533619219422417,100,100,118,5,0.05,17.55564851114213,11.158611234404763,1.3837823927274884,0.11185043674434715
