initial_infected_perc,initial_immune_perc,length,height,population_size,contagion_distance,critical_limit,amp_susc,amp_rec,amp_inf,response
0.09921502568561395,0.0010158285929541266,100,100,118,5,0.05,18.058966698313995,12.500220165540147,1.712950297349718,0.16212991822143813
