initial_infected_perc,initial_immune_perc,length,height,population_size,contagion_distance,critical_limit,amp_susc,amp_rec,amp_inf,response
0.0662804499039923,0.04449310681325233,100,100,118,5,0.05,18.578555689619535,0.4037792998226286,6.246326797752062,0.2684021598396431
