initial_infected_perc,initial_immune_perc,length,height,population_size,contagion_distance,critical_limit,amp_susc,amp_rec,amp_inf,response
0.013497936555650092,0.07174274250224574,100,100,118,5,0.05,19.01037631536084,10.503541010103854,15.11105828293113,0.24825765019960203
