initial_infected_perc,initial_immune_perc,length,height,population_size,contagion_distance,critical_limit,amp_susc,amp_rec,amp_inf,response
0.0598208648330964,0.044633595348863554,100,100,118,5,0.05,5.954782970006722,13.40613646720411,3.82822396426872,0.10164882295126042
