initial_infected_perc,initial_immune_perc,length,height,population_size,contagion_distance,critical_limit,amp_susc,amp_rec,amp_inf,response
0.05385768760863498,0.07774062755885099,100,100,118,5,0.05,8.717359890251169,3.67963217316295,8.65182685128647,0.16293061734504474
