initial_infected_perc,initial_immune_perc,length,height,population_size,contagion_distance,critical_limit,amp_susc,amp_rec,amp_inf,response
0.033752951244013854,0.008773129836833093,100,100,118,5,0.05,13.94741914984018,5.215554009959473,7.914235063199094,0.20706218150183395
