initial_infected_perc,initial_immune_perc,length,height,population_size,contagion_distance,critical_limit,amp_susc,amp_rec,amp_inf,response
0.057026089613056496,0.006181413773606648,100,100,118,5,0.05,1.0968233538284045,17.629034212811238,1.885391851189171,0.008333445374162552
