initial_infected_perc,initial_immune_perc,length,height,population_size,contagion_distance,critical_limit,amp_susc,amp_rec,amp_inf,response
0.04261997639004655,0.015187795857787935,100,100,118,5,0.05,3.5981762001992945,11.53884151040401,15.962401756524141,0.23851229046681352
