initial_infected_perc,initial_immune_perc,length,height,population_size,contagion_distance,critical_limit,amp_susc,amp_rec,amp_inf,response
0.07715139875420134,0.07908148834539354,100,100,118,5,0.05,8.080589518664766,15.829185028641215,6.800718032821544,0.21234410722573396
