initial_infected_perc,initial_immune_perc,length,height,population_size,contagion_distance,critical_limit,amp_susc,amp_rec,amp_inf,response
0.09448594047275055,0.06231647342023636,100,100,118,5,0.05,0.24817116325251076,15.684019697264656,7.250013560631459,0.020168151857639927
