initial_infected_perc,initial_immune_perc,length,height,population_size,contagion_distance,critical_limit,amp_susc,amp_rec,amp_inf,response
0.0031856925322332977,0.021435209616362028,100,100,118,5,0.05,12.917969974174227,10.371003771034147,1.5286155072555174,0.054880233169701066
