initial_infected_perc,initial_immune_perc,length,height,population_size,contagion_distance,critical_limit,amp_susc,amp_rec,amp_inf,response
0.048086095472844974,0.03182678407635692,100,100,118,5,0.05,10.124059154291729,4.627572881621731,7.290255409810857,0.06439946824457671
