initial_infected_perc,initial_immune_perc,length,height,population_size,contagion_distance,critical_limit,amp_susc,amp_rec,amp_inf,response
0.0748875137741488,0.07526531753573337,100,100,118,5,0.05,6.8814211080701675,4.7374313152939145,19.05301796298154,0.21102246690265553
