initial_infected_perc,initial_immune_perc,length,height,population_size,contagion_distance,critical_limit,amp_susc,amp_rec,amp_inf,response
0.06703871852246192,0.07356774458826706,100,100,118,5,0.05,6.186048590734734,17.728353317217326,9.435610400675072,0.14992055914435243
