initial_infected_perc,initial_immune_perc,length,height,population_size,contagion_distance,critical_limit,amp_susc,amp_rec,amp_inf,response
0.08315495192592764,0.0335369921606087,100,100,118,5,0.05,3.6107860632726196,13.271330312525953,3.620860112846027,0.22869120373374366
