initial_infected_perc,initial_immune_perc,length,height,population_size,contagion_distance,critical_limit,amp_susc,amp_rec,amp_inf,response
0.0670230210544731,0.06253624462570277,100,100,118,5,0.05,2.2452833836455466,16.383591995053603,9.25514553408222,0.06295629457230607
