initial_infected_perc,initial_immune_perc,length,height,population_size,contagion_distance,critical_limit,amp_susc,amp_rec,amp_inf,response
0.0011998206212716302,0.0528040571125727,100,100,118,5,0.05,7.64170293127604,15.996663194105036,2.1478800855694558,0.255668416708438
