initial_infected_perc,initial_immune_perc,length,height,population_size,contagion_distance,critical_limit,amp_susc,amp_rec,amp_inf,response
0.034324358204606956,0.02941091131266207,100,100,118,5,0.05,8.156890857705683,6.985360291947029,14.216971966948698,0.21803112101121938
