initial_infected_perc,initial_immune_perc,length,height,population_size,contagion_distance,critical_limit,amp_susc,amp_rec,amp_inf,response
0.06773429934744872,0.06670284430612665,100,100,118,5,0.05,17.93790520775121,9.093615647749246,16.62878421077159,0.11234118057434893
