initial_infected_perc,initial_immune_perc,length,height,population_size,contagion_distance,critical_limit,amp_susc,amp_rec,amp_inf,response
0.08489951976378797,0.018076274287832674,100,100,118,5,0.05,13.93941299595372,17.491518640059937,18.267620637921926,0.17216057942628463
