initial_infected_perc,initial_immune_perc,length,height,population_size,contagion_distance,critical_limit,amp_susc,amp_rec,amp_inf,response
0.09106996667137382,0.053968956549960014,100,100,118,5,0.05,2.239767224530078,3.172892776859968,1.5237192607877303,0.18422096603922627
