initial_infected_perc,initial_immune_perc,length,height,population_size,contagion_distance,critical_limit,amp_susc,amp_rec,amp_inf,response
0.06593094510786503,0.07712339228225541,100,100,118,5,0.05,14.077491538321585,1.8767804319515613,5.051836893768533,0.024930688998918437
