initial_infected_perc,initial_immune_perc,length,height,population_size,contagion_distance,critical_limit,amp_susc,amp_rec,amp_inf,response
0.08752470052161021,0.0705807441499645,100,100,118,5,0.05,13.889678026469529,4.5196952502395575,11.680946363677458,0.2179576401084772
