initial_infected_perc,initial_immune_perc,length,height,population_size,contagion_distance,critical_limit,amp_susc,amp_rec,amp_inf,response
0.050517229147261006,0.06649773144788,100,100,118,5,0.05,4.742609946769045,5.7467742228399255,2.8313428787491235,0.20401306627973745
