initial_infected_perc,initial_immune_perc,length,height,population_size,contagion_distance,critical_limit,amp_susc,amp_rec,amp_inf,response
0.06479459166725515,0.08428126907549793,100,100,118,5,0.05,5.127371733179549,13.783721658622142,8.920878586992714,0.15866985984220178
