initial_infected_perc,initial_immune_perc,length,height,population_size,contagion_distance,critical_limit,amp_susc,amp_rec,amp_inf,response
0.06201909497258956,0.021316173845061615,100,100,118,5,0.05,2.9022302463801464,15.119553712385095,16.302088021718887,0.24499177946331285
