initial_infected_perc,initial_immune_perc,length,height,population_size,contagion_distance,critical_limit,amp_susc,amp_rec,amp_inf,response
0.035054725356273055,0.05363566441094673,100,100,118,5,0.05,17.63837797088563,14.01454028903235,3.394473952316266,0.1546230212805436
