initial_infected_perc,initial_immune_perc,length,height,population_size,contagion_distance,critical_limit,amp_susc,amp_rec,amp_inf,response
0.09279462121182441,0.07780629702757227,100,100,118,5,0.05,2.317659927519997,9.288244200195921,18.978626451455433,0.2718464796698616
