initial_infected_perc,initial_immune_perc,length,height,population_size,contagion_distance,critical_limit,amp_susc,amp_rec,amp_inf,response
0.0351867319366737,0.05239030764986505,100,100,118,5,0.05,14.307629784666593,7.807785575836654,14.985673108314476,0.2618696936960191
