initial_infected_perc,initial_immune_perc,length,height,population_size,contagion_distance,critical_limit,amp_susc,amp_rec,amp_inf,response
0.08906698635071747,0.057499416210641835,100,100,118,5,0.05,0.2549452291396892,10.78986780448904,13.181717105789033,0.08233459227704402
