initial_infected_perc,initial_immune_perc,length,height,population_size,contagion_distance,critical_limit,amp_susc,amp_rec,amp_inf,response
0.06666156131432532,0.0034713597405714447,100,100,118,5,0.05,16.086708720780752,11.970827415715625,4.486773567475256,0.29040623436635254
