initial_infected_perc,initial_immune_perc,length,height,population_size,contagion_distance,critical_limit,amp_susc,amp_rec,amp_inf,response
0.07662641218649745,0.029296990393647984,100,100,118,5,0.05,16.99090722304588,16.764787188846658,0.5703418237868507,0.21120098576114693
