initial_infected_perc,initial_immune_perc,length,height,population_size,contagion_distance,critical_limit,amp_susc,amp_rec,amp_inf,response
0.026955225225087087,0.07449058891266541,100,100,118,5,0.05,1.6387102195609193,18.244871884948587,5.578469996407566,0.10269515578618596
