initial_infected_perc,initial_immune_perc,length,height,population_size,contagion_distance,critical_limit,amp_susc,amp_rec,amp_inf,response
0.05627558037707118,0.07303812515636703,100,100,118,5,0.05,18.026407476688327,3.061140781195668,17.137916675493226,0.10511061934707497
