initial_infected_perc,initial_immune_perc,length,height,population_size,contagion_distance,critical_limit,amp_susc,amp_rec,amp_inf,response
0.08508514088813984,0.09371376397769564,100,100,118,5,0.05,13.761595181428937,1.81243650073172,9.77952991388926,0.03598796896690376
