initial_infected_perc,initial_immune_perc,length,height,population_size,contagion_distance,critical_limit,amp_susc,amp_rec,amp_inf,response
0.019920275936599254,0.06290140355323973,100,100,118,5,0.05,9.789496552125424,4.798658097841204,4.982729984734511,0.1421971447313599
