initial_infected_perc,initial_immune_perc,length,height,population_size,contagion_distance,critical_limit,amp_susc,amp_rec,amp_inf,response
0.014930659311661022,0.019387203590857605,100,100,118,5,0.05,1.1726049786500092,15.941148752630923,16.31091530856432,0.2556795500669222
