initial_infected_perc,initial_immune_perc,length,height,population_size,contagion_distance,critical_limit,amp_susc,amp_rec,amp_inf,response
0.028803841800601495,0.017469449171387177,100,100,118,5,0.05,13.465150675780048,6.6756304436857095,13.804243594283934,0.26737098220637406
