initial_infected_perc,initial_immune_perc,length,height,population_size,contagion_distance,critical_limit,amp_susc,amp_rec,amp_inf,response
0.016690711846251018,0.09805077482640473,100,100,118,5,0.05,8.423735311291829,10.201908313447248,3.505104243258974,0.07084324448168623
