initial_infected_perc,initial_immune_perc,length,height,population_size,contagion_distance,critical_limit,amp_susc,amp_rec,amp_inf,response
0.08327444977981892,0.05962575476518725,100,100,118,5,0.05,17.48510154138137,7.225813128419389,6.6119967194949325,0.1585092598924269
