initial_infected_perc,initial_immune_perc,length,height,population_size,contagion_distance,critical_limit,amp_susc,amp_rec,amp_inf,response
0.057872124749514836,0.07780905269485242,100,100,118,5,0.05,7.455815243119883,10.214379214989055,5.470087149026526,0.14924694773966238
