initial_infected_perc,initial_immune_perc,length,height,population_size,contagion_distance,critical_limit,amp_susc,amp_rec,amp_inf,response
0.06957937480367442,0.014387096837191549,100,100,118,5,0.05,8.629916508462065,3.247838522682047,19.041329613374618,0.09999594192618819
