initial_infected_perc,initial_immune_perc,length,height,population_size,contagion_distance,critical_limit,amp_susc,amp_rec,amp_inf,response
0.08889653593508628,0.016592138346190232,100,100,118,5,0.05,15.94230413019022,4.986824843300253,15.562301018622133,0.17819352069333114
