initial_infected_perc,initial_immune_perc,length,height,population_size,contagion_distance,critical_limit,amp_susc,amp_rec,amp_inf,response
0.07288529075391138,0.03852737459211245,100,100,118,5,0.05,15.60630807346361,17.108822366866974,6.677300400744928,0.2234573310379413
