initial_infected_perc,initial_immune_perc,length,height,population_size,contagion_distance,critical_limit,amp_susc,amp_rec,amp_inf,response
0.09319431666767486,0.014708389025813685,100,100,118,5,0.05,1.8826757829166407,10.654710045883188,13.30402608857213,0.18072124040070328
