initial_infected_perc,initial_immune_perc,length,height,population_size,contagion_distance,critical_limit,amp_susc,amp_rec,amp_inf,response
0.08563361935545437,0.04056486841438405,100,100,118,5,0.05,11.547506713991746,17.57478476454026,16.997556759108786,0.013876826791773655
