initial_infected_perc,initial_immune_perc,length,height,population_size,contagion_distance,critical_limit,amp_susc,amp_rec,amp_inf,response
0.022448027822308314,0.09985555538789158,100,100,118,5,0.05,1.2276922527515932,7.011813164203097,2.128999728593004,0.22321072411261872
