initial_infected_perc,initial_immune_perc,length,height,population_size,contagion_distance,critical_limit,amp_susc,amp_rec,amp_inf,response
0.004136268441661384,0.07928143258300593,100,100,118,5,0.05,16.06897172798253,15.091296022458085,18.262734460847557,0.0312574024339871
