initial_infected_perc,initial_immune_perc,length,height,population_size,contagion_distance,critical_limit,amp_susc,amp_rec,amp_inf,response
0.05772972008742392,0.03697266433956216,100,100,118,5,0.05,2.7330081752076607,19.12586386777662,2.5912161569476355,0.08671599749476352
