initial_infected_perc,initial_immune_perc,length,height,population_size,contagion_distance,critical_limit,amp_susc,amp_rec,amp_inf,response
0.08901605842923083,0.03072715989249496,100,100,118,5,0.05,16.57771597813153,17.679704139217055,19.569081846756244,0.1558646321150408
