initial_infected_perc,initial_immune_perc,length,height,population_size,contagion_distance,critical_limit,amp_susc,amp_rec,amp_inf,response
0.016455729143844078,0.05553737151077143,100,100,118,5,0.05,15.777745379955057,8.01359147050447,13.888347240192381,0.1781752506211844
