initial_infected_perc,initial_immune_perc,length,height,population_size,contagion_distance,critical_limit,amp_susc,amp_rec,amp_inf,response
0.082549131073122,0.08853397317622312,100,100,118,5,0.05,14.461670676760159,11.51893143708918,15.062725161004389,0.0615897413012301
