initial_infected_perc,initial_immune_perc,length,height,population_size,contagion_distance,critical_limit,amp_susc,amp_rec,amp_inf,response
0.054322098363450456,0.051189449644683166,100,100,118,5,0.05,4.594384355252828,11.461982216807872,1.0142988231205763,0.045559552860333315
