initial_infected_perc,initial_immune_perc,length,height,population_size,contagion_distance,critical_limit,amp_susc,amp_rec,amp_inf,response
0.05321690256604888,0.005749484735892685,100,100,118,5,0.05,5.548061419462396,16.10653533958685,6.43100511582595,0.13414568141108904
