initial_infected_perc,initial_immune_perc,length,height,population_size,contagion_distance,critical_limit,amp_susc,amp_rec,amp_inf,response
0.028487778171940238,0.09739700645059107,100,100,118,5,0.05,1.7482410051334307,4.361762278287027,12.801964228918166,0.2838522017033416
