initial_infected_perc,initial_immune_perc,length,height,population_size,contagion_distance,critical_limit,amp_susc,amp_rec,amp_inf,response
0.0953253068785474,0.064208543152468,100,100,118,5,0.05,14.821398836069843,14.080426798330754,6.451950448679806,0.13430612708082557
