initial_infected_perc,initial_immune_perc,length,height,population_size,contagion_distance,critical_limit,amp_susc,amp_rec,amp_inf,response
0.06991004829292924,0.033209874286571565,100,100,118,5,0.05,12.228056751998244,4.135984922982743,17.589985167558236,0.17544572226244523
