initial_infected_perc,initial_immune_perc,length,height,population_size,contagion_distance,critical_limit,amp_susc,amp_rec,amp_inf,response
0.01408635960235346,0.0865324352846654,100,100,118,5,0.05,19.441448586804317,0.2789004433065001,7.6159611756301615,0.03201941633428061
