initial_infected_perc,initial_immune_perc,length,height,population_size,contagion_distance,critical_limit,amp_susc,amp_rec,amp_inf,response
0.07652630555233939,0.007787463617030388,100,100,118,5,0.05,9.33170029481853,1.1958804666989664,11.76757190865911,0.150825675403804
