initial_infected_perc,initial_immune_perc,length,height,population_size,contagion_distance,critical_limit,amp_susc,amp_rec,amp_inf,response
0.09889872865664062,0.07723026835741878,100,100,118,5,0.05,11.374753233664043,9.426113454591544,4.500638217583754,0.10445571577678243
