initial_infected_perc,initial_immune_perc,length,height,population_size,contagion_distance,critical_limit,amp_susc,amp_rec,amp_inf,response
0.052657202778013515,0.02491434122632499,100,100,118,5,0.05,4.302183236758457,8.9150283796189,13.938120836380461,0.2146554376471702
