initial_infected_perc,initial_immune_perc,length,height,population_size,contagion_distance,critical_limit,amp_susc,amp_rec,amp_inf,response
0.09635545057776496,0.0011855959192879186,100,100,118,5,0.05,7.156397113770714,1.8167968896515485,1.1218246692929879,0.12850012127789515
