initial_infected_perc,initial_immune_perc,length,height,population_size,contagion_distance,critical_limit,amp_susc,amp_rec,amp_inf,response
0.08694665322507572,0.01859186392255141,100,100,118,5,0.05,10.794323633918914,9.007859603694836,9.47217565933553,0.23242651599283137
