initial_infected_perc,initial_immune_perc,length,height,population_size,contagion_distance,critical_limit,amp_susc,amp_rec,amp_inf,response
0.022823268302674837,0.036502650052677554,100,100,118,5,0.05,1.5990435264761005,16.41872431420406,11.507612377560598,0.061887723573270124
