initial_infected_perc,initial_immune_perc,length,height,population_size,contagion_distance,critical_limit,amp_susc,amp_rec,amp_inf,response
0.020799925319827585,0.09782599427804195,100,100,118,5,0.05,11.700213115134906,1.8694798951989733,19.56250928760322,0.16968741570621618
