initial_infected_perc,initial_immune_perc,length,height,population_size,contagion_distance,critical_limit,amp_susc,amp_rec,amp_inf,response
0.07761785757267897,0.05654415064355115,100,100,118,5,0.05,18.046862586622805,3.2758576787306293,12.29804912911989,0.08095905971206616
