initial_infected_perc,initial_immune_perc,length,height,population_size,contagion_distance,critical_limit,amp_susc,amp_rec,amp_inf,response
0.0659171397695436,0.042486982124776876,100,100,118,5,0.05,14.505858639900067,13.559124048697655,11.519520117205431,0.298208599641701
