initial_infected_perc,initial_immune_perc,length,height,population_size,contagion_distance,critical_limit,amp_susc,amp_rec,amp_inf,response
0.09086031480402197,0.015290519851723451,100,100,118,5,0.05,13.95777880858283,18.139434648348146,13.737102250312551,0.16693042252199058
