initial_infected_perc,initial_immune_perc,length,height,population_size,contagion_distance,critical_limit,amp_susc,amp_rec,amp_inf,response
0.03995583393787899,0.033274035528516654,100,100,118,5,0.05,4.4411855802991695,14.02702452369989,9.580879839711155,0.002223822156536925
