initial_infected_perc,initial_immune_perc,length,height,population_size,contagion_distance,critical_limit,amp_susc,amp_rec,amp_inf,response
0.0946028995187656,0.07914452316998087,100,100,118,5,0.05,15.993443581969036,5.7456010242557,6.153705780575192,0.10066002773280276
