initial_infected_perc,initial_immune_perc,length,height,population_size,contagion_distance,critical_limit,amp_susc,amp_rec,amp_inf,response
0.08787568226597273,0.019407280251721462,100,100,118,5,0.05,10.525335593949887,3.1142164868363365,11.449635652980344,0.16262204794629123
