initial_infected_perc,initial_immune_perc,length,height,population_size,contagion_distance,critical_limit,amp_susc,amp_rec,amp_inf,response
0.0689388151229391,0.08558072715180233,100,100,118,5,0.05,10.417958854704315,6.175512485512122,3.3371594027100326,0.02887722737283529
