initial_infected_perc,initial_immune_perc,length,height,population_size,contagion_distance,critical_limit,amp_susc,amp_rec,amp_inf,response
0.071553173925009,0.06991231271075131,100,100,118,5,0.05,18.622343793525935,8.953837875872619,16.67313162656477,0.2559899871233969
