initial_infected_perc,initial_immune_perc,length,height,population_size,contagion_distance,critical_limit,amp_susc,amp_rec,amp_inf,response
0.0578087561388288,0.024124203454149253,100,100,118,5,0.05,13.780120641792346,7.346624652061995,11.195424527118604,0.0438006798382063
