initial_infected_perc,initial_immune_perc,length,height,population_size,contagion_distance,critical_limit,amp_susc,amp_rec,amp_inf,response
0.020237268512521524,0.08001715139143596,100,100,118,5,0.05,3.0632587778310594,11.931104591422141,1.7816141659076856,0.20454838304409198
