initial_infected_perc,initial_immune_perc,length,height,population_size,contagion_distance,critical_limit,amp_susc,amp_rec,amp_inf,response
0.022480169188927035,0.01891089036318676,100,100,118,5,0.05,19.450474474633474,17.470679283233896,8.513894783443574,0.10612268914787741
