initial_infected_perc,initial_immune_perc,length,height,population_size,contagion_distance,critical_limit,amp_susc,amp_rec,amp_inf,response
0.050321078348719864,0.014378774651599835,100,100,118,5,0.05,14.15039021485492,6.848649249860912,8.013838591661582,0.28266199649935175
