initial_infected_perc,initial_immune_perc,length,height,population_size,contagion_distance,critical_limit,amp_susc,amp_rec,amp_inf,response
0.08448026434164514,0.05832491274868641,100,100,118,5,0.05,0.5842347014109728,11.197411903061925,13.907214096640017,0.25195764437040724
