initial_infected_perc,initial_immune_perc,length,height,population_size,contagion_distance,critical_limit,amp_susc,amp_rec,amp_inf,response
0.04133944102299415,0.07357671087266023,100,100,118,5,0.05,14.949992884313634,13.197030262747088,18.27272957736201,0.02507639415721321
