initial_infected_perc,initial_immune_perc,length,height,population_size,contagion_distance,critical_limit,amp_susc,amp_rec,amp_inf,response
0.07121744981529306,0.09777759121066033,100,100,118,5,0.05,0.30399323082975993,11.746841036462342,12.069203276910418,0.17691339862861016
