initial_infected_perc,initial_immune_perc,length,height,population_size,contagion_distance,critical_limit,amp_susc,amp_rec,amp_inf,response
0.090043249582776,0.057573798964510425,100,100,118,5,0.05,3.1100834490496454,19.830698833733525,13.98098806618697,0.23866987568736997
