initial_infected_perc,initial_immune_perc,length,height,population_size,contagion_distance,critical_limit,amp_susc,amp_rec,amp_inf,response
0.007928593242281502,0.08801163201633289,100,100,118,5,0.05,19.09111903192625,8.197839222141878,19.601643049881666,0.24507464586215014
