initial_infected_perc,initial_immune_perc,length,height,population_size,contagion_distance,critical_limit,amp_susc,amp_rec,amp_inf,response
0.06774425205862734,0.0031847273924208164,100,100,118,5,0.05,19.65887221353064,18.30673911361103,2.945671823918481,0.18751785944802304
