initial_infected_perc,initial_immune_perc,length,height,population_size,contagion_distance,critical_limit,amp_susc,amp_rec,amp_inf,response
0.06281942489996936,0.0039728002286751,100,100,118,5,0.05,14.396902315374389,10.820897019863786,19.09683178088561,0.09511771958081473
