initial_infected_perc,initial_immune_perc,length,height,population_size,contagion_distance,critical_limit,amp_susc,amp_rec,amp_inf,response
0.08243898835556837,0.09322210143832212,100,100,118,5,0.05,18.419653860164352,5.682845187893763,4.4423862125143465,0.2749871997670684
