initial_infected_perc,initial_immune_perc,length,height,population_size,contagion_distance,critical_limit,amp_susc,amp_rec,amp_inf,response
0.08861346993728447,0.023789359019621804,100,100,118,5,0.05,16.619428563456637,3.342998449472714,4.052963762634918,0.10426084158334419
