initial_infected_perc,initial_immune_perc,length,height,population_size,contagion_distance,critical_limit,amp_susc,amp_rec,amp_inf,response
0.0479977857551417,0.0748775077929606,100,100,118,5,0.05,14.907523586605276,17.468135763573784,8.312185483186438,0.2575664696485056
