initial_infected_perc,initial_immune_perc,length,height,population_size,contagion_distance,critical_limit,amp_susc,amp_rec,amp_inf,response
0.03542894774575768,0.07365693494371939,100,100,118,5,0.05,4.132661067664016,11.354352920694486,14.096012540602516,0.022706410019071765
