initial_infected_perc,initial_immune_perc,length,height,population_size,contagion_distance,critical_limit,amp_susc,amp_rec,amp_inf,response
0.09384816388673914,0.04862500166702971,100,100,118,5,0.05,1.265527053662201,3.543871410288637,2.0954493333921875,0.08404442862337559
