initial_infected_perc,initial_immune_perc,length,height,population_size,contagion_distance,critical_limit,amp_susc,amp_rec,amp_inf,response
0.09900466861922584,0.0324924311386617,100,100,118,5,0.05,2.8346691218557507,14.284255203758033,2.5917286717058152,0.17885555545557652
