initial_infected_perc,initial_immune_perc,length,height,population_size,contagion_distance,critical_limit,amp_susc,amp_rec,amp_inf,response
0.06451254775087663,0.0989131582965106,100,100,118,5,0.05,5.301657513432798,1.1956675435210995,5.526985288354174,0.04479977798136988
