initial_infected_perc,initial_immune_perc,length,height,population_size,contagion_distance,critical_limit,amp_susc,amp_rec,amp_inf,response
0.04847722586166429,0.05145311696771503,100,100,118,5,0.05,19.947508639052973,13.986971791471907,19.62790287660544,0.2449755452627295
