initial_infected_perc,initial_immune_perc,length,height,population_size,contagion_distance,critical_limit,amp_susc,amp_rec,amp_inf,response
0.05442595114893911,0.034825892237941414,100,100,118,5,0.05,17.89523772369534,12.744319107726643,16.771050037430914,0.25207032634450777
