initial_infected_perc,initial_immune_perc,length,height,population_size,contagion_distance,critical_limit,amp_susc,amp_rec,amp_inf,response
0.09367504325574937,0.08992311374449691,100,100,118,5,0.05,9.852679879312117,18.47490630909627,9.35823526630126,0.1956561832206106
