initial_infected_perc,initial_immune_perc,length,height,population_size,contagion_distance,critical_limit,amp_susc,amp_rec,amp_inf,response
0.08611430801627741,0.05391856541606476,100,100,118,5,0.05,7.84494448952644,14.68410757499868,1.2063696163033444,0.037556530817195934
