initial_infected_perc,initial_immune_perc,length,height,population_size,contagion_distance,critical_limit,amp_susc,amp_rec,amp_inf,response
0.08364334599485289,0.07933828517925205,100,100,118,5,0.05,7.618616291431801,17.41724489563805,8.120009296349085,0.15005228552362568
