initial_infected_perc,initial_immune_perc,length,height,population_size,contagion_distance,critical_limit,amp_susc,amp_rec,amp_inf,response
0.03026313902497756,0.07531417187388585,100,100,118,5,0.05,5.856034168060241,16.898952852770783,5.120320264977409,0.13678140261719676
