initial_infected_perc,initial_immune_perc,length,height,population_size,contagion_distance,critical_limit,amp_susc,amp_rec,amp_inf,response
0.07283424346099736,0.09900363245702563,100,100,118,5,0.05,4.413524278729963,19.183343308925373,16.157562141551782,0.2341378471985446
