initial_infected_perc,initial_immune_perc,length,height,population_size,contagion_distance,critical_limit,amp_susc,amp_rec,amp_inf,response
0.005069641611200659,0.07935648353922126,100,100,118,5,0.05,6.916577842440419,18.63432794186064,17.04689631674259,0.0338050834304353
