initial_infected_perc,initial_immune_perc,length,height,population_size,contagion_distance,critical_limit,amp_susc,amp_rec,amp_inf,response
0.057652221809000384,0.06639449249462655,100,100,118,5,0.05,16.04640841344719,2.204703021575529,18.400228079167245,0.005535559320224326
