initial_infected_perc,initial_immune_perc,length,height,population_size,contagion_distance,critical_limit,amp_susc,amp_rec,amp_inf,response
0.044094183463545045,0.0320790268747159,100,100,118,5,0.05,6.2293359986288666,2.058773801639908,3.440596646312224,0.16889349129691145
