initial_infected_perc,initial_immune_perc,length,height,population_size,contagion_distance,critical_limit,amp_susc,amp_rec,amp_inf,response
0.09036437616053938,0.02689842042326045,100,100,118,5,0.05,9.99353960544112,4.644017692448772,11.73802997429847,0.28104325301304606
