initial_infected_perc,initial_immune_perc,length,height,population_size,contagion_distance,critical_limit,amp_susc,amp_rec,amp_inf,response
0.057108030981640495,0.07366831333234504,100,100,118,5,0.05,11.89793594228027,9.070816949120866,8.363257891211632,0.035521375425385235
