initial_infected_perc,initial_immune_perc,length,height,population_size,contagion_distance,critical_limit,amp_susc,amp_rec,amp_inf,response
0.07765142022330307,0.0024125962376935098,100,100,118,5,0.05,10.337414885899037,5.924148724709624,10.34669003626107,0.13893376693835477
