initial_infected_perc,initial_immune_perc,length,height,population_size,contagion_distance,critical_limit,amp_susc,amp_rec,amp_inf,response
0.04813623647544666,0.07496605063620676,100,100,118,5,0.05,2.90456495774549,1.7531234647368232,15.294264216274813,0.2929935371898266
