initial_infected_perc,initial_immune_perc,length,height,population_size,contagion_distance,critical_limit,amp_susc,amp_rec,amp_inf,response
0.06025123231549931,0.004622489754173765,100,100,118,5,0.05,14.703600514291255,12.539129306470278,17.034245485042668,0.29402004955306577
