initial_infected_perc,initial_immune_perc,length,height,population_size,contagion_distance,critical_limit,amp_susc,amp_rec,amp_inf,response
0.03331868346737398,0.04612610291686327,100,100,118,5,0.05,3.7537164261957057,1.4889832645561363,6.993457318167595,0.16952405991190597
