initial_infected_perc,initial_immune_perc,length,height,population_size,contagion_distance,critical_limit,amp_susc,amp_rec,amp_inf,response
0.0050703453527149115,0.08871084755279293,100,100,118,5,0.05,19.816294960118405,1.7246259896433225,2.665854081010355,0.22660603094139084
