initial_infected_perc,initial_immune_perc,length,height,population_size,contagion_distance,critical_limit,amp_susc,amp_rec,amp_inf,response
0.08322824595914635,0.04049363601524236,100,100,118,5,0.05,7.474005829553971,3.0034288619566096,9.267221425765248,0.08613256309327832
