initial_infected_perc,initial_immune_perc,length,height,population_size,contagion_distance,critical_limit,amp_susc,amp_rec,amp_inf,response
0.030722871076741445,0.07241691471582791,100,100,118,5,0.05,8.133719533684678,18.078778869193325,17.702602448705868,0.1814419123652282
