initial_infected_perc,initial_immune_perc,length,height,population_size,contagion_distance,critical_limit,amp_susc,amp_rec,amp_inf,response
0.054009733738574574,0.021465168170886652,100,100,118,5,0.05,10.415915157297027,8.734310677795577,1.9029341584445003,0.23737512531274396
