initial_infected_perc,initial_immune_perc,length,height,population_size,contagion_distance,critical_limit,amp_susc,amp_rec,amp_inf,response
0.029277955530833424,0.07129389004842222,100,100,118,5,0.05,0.5806760600939787,12.786387080494583,17.539856723656868,0.05531661772868548
