initial_infected_perc,initial_immune_perc,length,height,population_size,contagion_distance,critical_limit,amp_susc,amp_rec,amp_inf,response
0.03459426767923517,0.014867640312861918,100,100,118,5,0.05,14.459197423986526,3.9681296801042443,17.411700510252132,0.0592835092550232
