initial_infected_perc,initial_immune_perc,length,height,population_size,contagion_distance,critical_limit,amp_susc,amp_rec,amp_inf,response
0.06716938580816435,0.03312500749747332,100,100,118,5,0.05,19.57766660348313,7.053096628940896,1.5429412805272569,0.09063930745329586
