initial_infected_perc,initial_immune_perc,length,height,population_size,contagion_distance,critical_limit,amp_susc,amp_rec,amp_inf,response
0.08347782154471024,0.025447264507624967,100,100,118,5,0.05,8.97672810920528,18.02148112778694,5.848547236607278,0.2361455110691454
