initial_infected_perc,initial_immune_perc,length,height,population_size,contagion_distance,critical_limit,amp_susc,amp_rec,amp_inf,response
0.06390480039913857,0.08987138954137415,100,100,118,5,0.05,0.4004403206394791,9.412908125887602,9.32032728202288,0.13363720835241513
