initial_infected_perc,initial_immune_perc,length,height,population_size,contagion_distance,critical_limit,amp_susc,amp_rec,amp_inf,response
0.05282962474332791,0.08989207117167122,100,100,118,5,0.05,8.9485217759988,1.1395554916594897,10.946761751056663,0.2590222063979612
