initial_infected_perc,initial_immune_perc,length,height,population_size,contagion_distance,critical_limit,amp_susc,amp_rec,amp_inf,response
0.09520614745426854,0.05149262433591306,100,100,118,5,0.05,6.933643970237487,6.9475104102426055,15.409736958145517,0.253225783898377
