initial_infected_perc,initial_immune_perc,length,height,population_size,contagion_distance,critical_limit,amp_susc,amp_rec,amp_inf,response
0.06379910324804332,0.06723223206578947,100,100,118,5,0.05,12.334021472357007,14.539796506702416,1.6855432523677605,0.0020433815082562144
