initial_infected_perc,initial_immune_perc,length,height,population_size,contagion_distance,critical_limit,amp_susc,amp_rec,amp_inf,response
0.06812450481747777,0.026062146499924554,100,100,118,5,0.05,1.4285054104883943,0.8321242691279984,13.906250316946858,0.14845884365427175
