initial_infected_perc,initial_immune_perc,length,height,population_size,contagion_distance,critical_limit,amp_susc,amp_rec,amp_inf,response
0.055299730301326504,0.018107582673700353,100,100,118,5,0.05,19.774658780813024,7.147633636656556,1.0173354886664265,0.19717883483331142
