initial_infected_perc,initial_immune_perc,length,height,population_size,contagion_distance,critical_limit,amp_susc,amp_rec,amp_inf,response
0.018807510605379274,0.030486118746773552,100,100,118,5,0.05,10.132382639459859,7.23324088916457,5.451641416778674,0.20870077388726357
