initial_infected_perc,initial_immune_perc,length,height,population_size,contagion_distance,critical_limit,amp_susc,amp_rec,amp_inf,response
0.09964779218628364,0.03768068060878924,100,100,118,5,0.05,18.504674337521365,1.6921097291806109,1.8900318086378687,0.275777374518993
