initial_infected_perc,initial_immune_perc,length,height,population_size,contagion_distance,critical_limit,amp_susc,amp_rec,amp_inf,response
0.08953763450317179,0.03616767542048548,100,100,118,5,0.05,2.5370210213537936,14.882360651560928,11.637258858720351,0.04216784985990944
