initial_infected_perc,initial_immune_perc,length,height,population_size,contagion_distance,critical_limit,amp_susc,amp_rec,amp_inf,response
0.028393672727768816,0.017847750296141673,100,100,118,5,0.05,0.9655097495873433,5.294252774070138,13.272122695424835,0.006294647898390004
