initial_infected_perc,initial_immune_perc,length,height,population_size,contagion_distance,critical_limit,amp_susc,amp_rec,amp_inf,response
0.07288167084391346,0.062258534709426265,100,100,118,5,0.05,2.7871825989369037,18.7911358566421,12.921475647229956,0.2542208039159995
