initial_infected_perc,initial_immune_perc,length,height,population_size,contagion_distance,critical_limit,amp_susc,amp_rec,amp_inf,response
0.012544881410796495,0.09242484815286332,100,100,118,5,0.05,3.4481887096784436,8.105304238261406,19.45037508953317,0.04081467837164432
