initial_infected_perc,initial_immune_perc,length,height,population_size,contagion_distance,critical_limit,amp_susc,amp_rec,amp_inf,response
0.07274670499749936,0.06786689566516092,100,100,118,5,0.05,1.8247796039908626,1.2679521084512357,0.8883188515848528,0.00432871942754085
