initial_infected_perc,initial_immune_perc,length,height,population_size,contagion_distance,critical_limit,amp_susc,amp_rec,amp_inf,response
0.006333166850497374,0.07165991827013776,100,100,118,5,0.05,7.787765114813389,6.712799720493474,11.67856275346617,0.05765089502671082
