initial_infected_perc,initial_immune_perc,length,height,population_size,contagion_distance,critical_limit,amp_susc,amp_rec,amp_inf,response
0.07936111744778533,0.054799371327954906,100,100,118,5,0.05,19.196227240370693,11.458043315741177,5.774216800990766,0.06668864344802163
