initial_infected_perc,initial_immune_perc,length,height,population_size,contagion_distance,critical_limit,amp_susc,amp_rec,amp_inf,response
0.0013974952285232822,0.08885792265813724,100,100,118,5,0.05,11.367374162981411,3.7629148186565997,0.23877980093114148,0.1245986223445976
