initial_infected_perc,initial_immune_perc,length,height,population_size,contagion_distance,critical_limit,amp_susc,amp_rec,amp_inf,response
0.027513184922947277,0.07924553086048707,100,100,118,5,0.05,13.268860527329657,19.11464385793068,18.177822453385797,0.07515153142258779
