initial_infected_perc,initial_immune_perc,length,height,population_size,contagion_distance,critical_limit,amp_susc,amp_rec,amp_inf,response
0.07252333390703043,0.018443608732754392,100,100,118,5,0.05,5.02765635908057,16.17259597075646,0.9000001817199776,0.1406078345277292
