initial_infected_perc,initial_immune_perc,length,height,population_size,contagion_distance,critical_limit,amp_susc,amp_rec,amp_inf,response
0.09525810528282926,0.02636076739732515,100,100,118,5,0.05,5.068775048622571,9.119974771207147,7.744590779957086,0.03503211385495655
