initial_infected_perc,initial_immune_perc,length,height,population_size,contagion_distance,critical_limit,amp_susc,amp_rec,amp_inf,response
0.02758807881711898,0.043779875189513234,100,100,118,5,0.05,13.356146490939727,10.400169894508604,2.7749558089029613,0.18485515843889325
