initial_infected_perc,initial_immune_perc,length,height,population_size,contagion_distance,critical_limit,amp_susc,amp_rec,amp_inf,response
0.021543687824580063,0.008499247003611488,100,100,118,5,0.05,3.993879070600641,17.30031628915833,7.544699835495612,0.06812255958676557
