initial_infected_perc,initial_immune_perc,length,height,population_size,contagion_distance,critical_limit,amp_susc,amp_rec,amp_inf,response
0.08023780070492656,0.09235269948239169,100,100,118,5,0.05,0.6353913821605173,10.73628729938216,14.387021608171919,0.13386247194544734
