initial_infected_perc,initial_immune_perc,length,height,population_size,contagion_distance,critical_limit,amp_susc,amp_rec,amp_inf,response
0.07678325108080566,0.021510611072779462,100,100,118,5,0.05,14.198610569080813,13.782091630572044,17.58944147382126,0.14766273358569326
