initial_infected_perc,initial_immune_perc,length,height,population_size,contagion_distance,critical_limit,amp_susc,amp_rec,amp_inf,response
0.07302459759496464,0.08353416146873728,100,100,118,5,0.05,17.463763654005973,8.883452212640982,17.59086953496477,0.1697793170160847
