initial_infected_perc,initial_immune_perc,length,height,population_size,contagion_distance,critical_limit,amp_susc,amp_rec,amp_inf,response
0.009317187079055923,0.04317871938877196,100,100,118,5,0.05,7.623112053208163,2.8038204032367986,12.696085936510038,0.25109384470780916
