initial_infected_perc,initial_immune_perc,length,height,population_size,contagion_distance,critical_limit,amp_susc,amp_rec,amp_inf,response
0.09716241454869032,0.03945025784688903,100,100,118,5,0.05,15.522168467383706,4.401568241553326,19.03745680942621,0.23204204721305782
