initial_infected_perc,initial_immune_perc,length,height,population_size,contagion_distance,critical_limit,amp_susc,amp_rec,amp_inf,response
0.062157520003770596,0.03512541393960474,100,100,118,5,0.05,1.5305093676879267,15.19404102180028,15.81023514515342,0.08918297688712078
