initial_infected_perc,initial_immune_perc,length,height,population_size,contagion_distance,critical_limit,amp_susc,amp_rec,amp_inf,response
0.08328841910808137,0.04529021307264065,100,100,118,5,0.05,18.279439897585718,17.835743682642672,7.671225425815531,0.004933656835744804
