initial_infected_perc,initial_immune_perc,length,height,population_size,contagion_distance,critical_limit,amp_susc,amp_rec,amp_inf,response
0.09365904628593963,0.09165704383957891,100,100,118,5,0.05,13.016960976315836,0.05949792239430485,7.099983629263525,0.038887200708694454
