initial_infected_perc,initial_immune_perc,length,height,population_size,contagion_distance,critical_limit,amp_susc,amp_rec,amp_inf,response
0.042537112208654485,0.060852479914356744,100,100,118,5,0.05,2.477745420495716,17.218520357421387,18.91647064159034,0.24997502926335122
