initial_infected_perc,initial_immune_perc,length,height,population_size,contagion_distance,critical_limit,amp_susc,amp_rec,amp_inf,response
0.020353833568733683,0.09362225178080828,100,100,118,5,0.05,16.45198824604145,18.120510218083272,3.4810139631186154,0.2111712020100982
