initial_infected_perc,initial_immune_perc,length,height,population_size,contagion_distance,critical_limit,amp_susc,amp_rec,amp_inf,response
0.07635306270087441,0.08926769515154519,100,100,118,5,0.05,6.3762545923133125,4.9134567386711065,18.3117184660521,0.2847473300441265
