initial_infected_perc,initial_immune_perc,length,height,population_size,contagion_distance,critical_limit,amp_susc,amp_rec,amp_inf,response
0.023008105294046757,0.09845316983426716,100,100,118,5,0.05,0.33660147646910055,14.957235198806975,15.095751289750352,0.2725780995680548
