initial_infected_perc,initial_immune_perc,length,height,population_size,contagion_distance,critical_limit,amp_susc,amp_rec,amp_inf,response
0.0015827188805088268,0.017863511066315143,100,100,118,5,0.05,0.6463410758416654,11.816639437094649,6.478995263218621,0.09350644228043731
