initial_infected_perc,initial_immune_perc,length,height,population_size,contagion_distance,critical_limit,amp_susc,amp_rec,amp_inf,response
0.018954763817680666,0.01065058746419425,100,100,118,5,0.05,10.631578039163267,8.157408755704614,4.6615844885741975,0.0220318827969359
