initial_infected_perc,initial_immune_perc,length,height,population_size,contagion_distance,critical_limit,amp_susc,amp_rec,amp_inf,response
0.04330952224114373,0.01016101833281703,100,100,118,5,0.05,12.04320016755757,5.9805411381521045,18.78390508370295,0.0033104493113724764
