initial_infected_perc,initial_immune_perc,length,height,population_size,contagion_distance,critical_limit,amp_susc,amp_rec,amp_inf,response
0.09279220531673847,0.008341571067893794,100,100,118,5,0.05,2.4755034592279146,3.842253567181406,18.773459916763436,0.19148785218711759
