initial_infected_perc,initial_immune_perc,length,height,population_size,contagion_distance,critical_limit,amp_susc,amp_rec,amp_inf,response
0.026598717787693883,0.008419767961481217,100,100,118,5,0.05,1.4437718200863903,18.07987274751722,1.049694948286224,0.11449093518152532
