initial_infected_perc,initial_immune_perc,length,height,population_size,contagion_distance,critical_limit,amp_susc,amp_rec,amp_inf,response
0.07932358363990279,0.02511226094915832,100,100,118,5,0.05,18.996385335469476,12.542667896100639,19.40367780856281,0.09115388259369983
