initial_infected_perc,initial_immune_perc,length,height,population_size,contagion_distance,critical_limit,amp_susc,amp_rec,amp_inf,response
0.03717840217941887,0.06914921674827289,100,100,118,5,0.05,0.6313090955459955,2.179120951319391,16.769006365474628,0.2411269422112854
