initial_infected_perc,initial_immune_perc,length,height,population_size,contagion_distance,critical_limit,amp_susc,amp_rec,amp_inf,response
0.05578291564266648,0.0632056208939923,100,100,118,5,0.05,18.32250329732936,3.400522371022401,17.147680986498727,0.031377392457766405
