initial_infected_perc,initial_immune_perc,length,height,population_size,contagion_distance,critical_limit,amp_susc,amp_rec,amp_inf,response
0.0945156257461318,0.0972183254132753,100,100,118,5,0.05,7.986141126519552,14.38386109433764,4.55280625120988,0.24640962299472996
