initial_infected_perc,initial_immune_perc,length,height,population_size,contagion_distance,critical_limit,amp_susc,amp_rec,amp_inf,response
0.034552202963015824,0.012304192472116138,100,100,118,5,0.05,2.180720664594107,14.989440250772013,18.099772897937967,0.1433973013856118
