initial_infected_perc,initial_immune_perc,length,height,population_size,contagion_distance,critical_limit,amp_susc,amp_rec,amp_inf,response
0.08055333917604253,0.024811908378293137,100,100,118,5,0.05,5.380519746110006,18.893319855546963,19.578161879790443,0.06591971259467476
