initial_infected_perc,initial_immune_perc,length,height,population_size,contagion_distance,critical_limit,amp_susc,amp_rec,amp_inf,response
0.05189500849483639,0.056774328462600054,100,100,118,5,0.05,19.12577293733242,12.605560092336916,3.900183520390763,0.25893053126863436
