initial_infected_perc,initial_immune_perc,length,height,population_size,contagion_distance,critical_limit,amp_susc,amp_rec,amp_inf,response
0.012061973694032824,0.08496732404754692,100,100,118,5,0.05,8.827274706200702,18.1816119989638,5.913139608774854,0.025260859228419096
