initial_infected_perc,initial_immune_perc,length,height,population_size,contagion_distance,critical_limit,amp_susc,amp_rec,amp_inf,response
0.05501390500885394,0.040742337876288684,100,100,118,5,0.05,16.77424294434089,18.005178746350087,3.566006216633244,0.13373110122066553
