initial_infected_perc,initial_immune_perc,length,height,population_size,contagion_distance,critical_limit,amp_susc,amp_rec,amp_inf,response
0.08592895189443253,0.08479362020899998,100,100,118,5,0.05,2.6781160116001312,18.510434934497336,17.099561320436656,0.21141770195881654
