initial_infected_perc,initial_immune_perc,length,height,population_size,contagion_distance,critical_limit,amp_susc,amp_rec,amp_inf,response
0.07087326362170579,0.019873639821766653,100,100,118,5,0.05,7.143326811879112,18.72171705290044,15.995313463244658,0.016175923621118835
