initial_infected_perc,initial_immune_perc,length,height,population_size,contagion_distance,critical_limit,amp_susc,amp_rec,amp_inf,response
0.09886910894987871,0.011617995968283246,100,100,118,5,0.05,18.88070041920941,13.981581733327355,14.645608184564626,0.03254632597755793
