initial_infected_perc,initial_immune_perc,length,height,population_size,contagion_distance,critical_limit,amp_susc,amp_rec,amp_inf,response
0.055873652471272434,0.03644035561457365,100,100,118,5,0.05,5.210830532857152,5.431168322790915,3.961326324198602,0.22113112129269066
