initial_infected_perc,initial_immune_perc,length,height,population_size,contagion_distance,critical_limit,amp_susc,amp_rec,amp_inf,response
0.030577347108409314,0.05274687049926363,100,100,118,5,0.05,14.877977018000447,4.826998661171443,13.617998149813014,0.272228498561431
