initial_infected_perc,initial_immune_perc,length,height,population_size,contagion_distance,critical_limit,amp_susc,amp_rec,amp_inf,response
0.08948596151087368,0.03137127996172049,100,100,118,5,0.05,15.29363053991201,13.995350247332022,13.666191681757763,0.05153726258883954
