initial_infected_perc,initial_immune_perc,length,height,population_size,contagion_distance,critical_limit,amp_susc,amp_rec,amp_inf,response
0.09455248408685579,0.03884698286888538,100,100,118,5,0.05,2.4939628462875874,19.876011711769003,18.61364546371776,0.02250836944296872
