initial_infected_perc,initial_immune_perc,length,height,population_size,contagion_distance,critical_limit,amp_susc,amp_rec,amp_inf,response
0.04822010154133476,0.02089174915673572,100,100,118,5,0.05,12.57386011694008,17.95993094404043,9.691458512344989,0.20208608698121738
