initial_infected_perc,initial_immune_perc,length,height,population_size,contagion_distance,critical_limit,amp_susc,amp_rec,amp_inf,response
0.011542466362392458,0.03406580194667082,100,100,118,5,0.05,8.434509005466662,14.696485455814043,4.077474054012507,0.02594037064291943
