initial_infected_perc,initial_immune_perc,length,height,population_size,contagion_distance,critical_limit,amp_susc,amp_rec,amp_inf,response
0.06133727970671621,0.028882420515867868,100,100,118,5,0.05,9.226167051002548,3.1391163507684694,5.690440715632752,0.28697601950683965
