initial_infected_perc,initial_immune_perc,length,height,population_size,contagion_distance,critical_limit,amp_susc,amp_rec,amp_inf,response
0.099013191751612,0.09916963174086452,100,100,118,5,0.05,2.745707622878255,18.84381026139878,9.97414076339933,0.13103704180821343
