initial_infected_perc,initial_immune_perc,length,height,population_size,contagion_distance,critical_limit,amp_susc,amp_rec,amp_inf,response
0.03549440494200678,0.02689700074228516,100,100,118,5,0.05,4.560624861900062,18.319833308697252,6.674249431629384,0.25108569528656666
