initial_infected_perc,initial_immune_perc,length,height,population_size,contagion_distance,critical_limit,amp_susc,amp_rec,amp_inf,response
0.07855407385297483,0.02561524865203746,100,100,118,5,0.05,18.3701202995772,2.4003089286235,3.684423296360262,0.14793694378902722
