initial_infected_perc,initial_immune_perc,length,height,population_size,contagion_distance,critical_limit,amp_susc,amp_rec,amp_inf,response
0.08407501153687175,0.005486125134800635,100,100,118,5,0.05,14.072665747137798,13.195403746916456,11.917235338320399,0.031223616493941706
