initial_infected_perc,initial_immune_perc,length,height,population_size,contagion_distance,critical_limit,amp_susc,amp_rec,amp_inf,response
0.0978059475953884,0.08054275624413072,100,100,118,5,0.05,14.603925516974371,11.797943726549677,2.613710752997287,0.23348403171733786
