initial_infected_perc,initial_immune_perc,length,height,population_size,contagion_distance,critical_limit,amp_susc,amp_rec,amp_inf,response
0.025321346927487765,0.04984623375574735,100,100,118,5,0.05,0.4019465352654983,16.931628846818903,7.196733986169179,0.1311337233992555
