initial_infected_perc,initial_immune_perc,length,height,population_size,contagion_distance,critical_limit,amp_susc,amp_rec,amp_inf,response
0.09183698073519031,0.02097579115617413,100,100,118,5,0.05,2.579152414091459,16.709030979724993,15.190420285730928,0.06209274675103048
