initial_infected_perc,initial_immune_perc,length,height,population_size,contagion_distance,critical_limit,amp_susc,amp_rec,amp_inf,response
0.013646307373418954,0.08765405948291023,100,100,118,5,0.05,9.538587328344558,16.539577408909906,3.452739905433504,0.256351192417942
