initial_infected_perc,initial_immune_perc,length,height,population_size,contagion_distance,critical_limit,amp_susc,amp_rec,amp_inf,response
0.08362614691995188,0.007665111779612677,100,100,118,5,0.05,1.7544756758958857,7.311461586913723,12.590045568258798,0.11417895132998668
