initial_infected_perc,initial_immune_perc,length,height,population_size,contagion_distance,critical_limit,amp_susc,amp_rec,amp_inf,response
0.04854284827255482,0.09386481386375771,100,100,118,5,0.05,3.835727216019613,5.93159892384763,8.00743286940879,0.21944409700940684
