initial_infected_perc,initial_immune_perc,length,height,population_size,contagion_distance,critical_limit,amp_susc,amp_rec,amp_inf,response
0.0598235169562518,0.07530873895771269,100,100,118,5,0.05,0.9074499394155922,12.86814795026378,7.545884254776444,0.2806729138059943
