initial_infected_perc,initial_immune_perc,length,height,population_size,contagion_distance,critical_limit,amp_susc,amp_rec,amp_inf,response
0.022182505656463014,0.04212568520917157,100,100,118,5,0.05,17.47465929735548,13.981607724062002,7.19500789191957,0.2642242934158463
