initial_infected_perc,initial_immune_perc,length,height,population_size,contagion_distance,critical_limit,amp_susc,amp_rec,amp_inf,response
0.0046043454883470175,0.06246381243304422,100,100,118,5,0.05,5.326819515944359,1.046337173071168,3.022895663519436,0.023878534141244256
