initial_infected_perc,initial_immune_perc,length,height,population_size,contagion_distance,critical_limit,amp_susc,amp_rec,amp_inf,response
0.07670957265900719,0.06306207665885212,100,100,118,5,0.05,14.35821032288252,18.3991346662109,2.9113361083022515,0.27000255721949273
