initial_infected_perc,initial_immune_perc,length,height,population_size,contagion_distance,critical_limit,amp_susc,amp_rec,amp_inf,response
0.006661687786057036,0.06966162162323312,100,100,118,5,0.05,1.9670274708171553,8.99928778105632,3.3555296008175772,0.16403980122216633
