initial_infected_perc,initial_immune_perc,length,height,population_size,contagion_distance,critical_limit,amp_susc,amp_rec,amp_inf,response
0.005107109274880484,0.07930002993945373,100,100,118,5,0.05,15.440046344267378,7.238330529516701,19.105439452877146,0.2780573649718246
