initial_infected_perc,initial_immune_perc,length,height,population_size,contagion_distance,critical_limit,amp_susc,amp_rec,amp_inf,response
0.054456757908551236,0.0626363129238379,100,100,118,5,0.05,17.710546259562207,6.989065265948535,18.822214587284236,0.0691899822398385
