initial_infected_perc,initial_immune_perc,length,height,population_size,contagion_distance,critical_limit,amp_susc,amp_rec,amp_inf,response
0.09196109885559789,0.02577276647728212,100,100,118,5,0.05,18.66571120889367,17.9532554927167,7.626124712425741,0.20168752518874195
