initial_infected_perc,initial_immune_perc,length,height,population_size,contagion_distance,critical_limit,amp_susc,amp_rec,amp_inf,response
0.034623111891962356,0.0023613478580785997,100,100,118,5,0.05,2.954276240643421,5.166616072506658,3.354734833606987,0.033913027234216096
