initial_infected_perc,initial_immune_perc,length,height,population_size,contagion_distance,critical_limit,amp_susc,amp_rec,amp_inf,response
0.08525395327771627,0.052481885811464596,100,100,118,5,0.05,2.01319953572501,17.09281684046683,19.268495924160433,0.2996024355889088
