initial_infected_perc,initial_immune_perc,length,height,population_size,contagion_distance,critical_limit,amp_susc,amp_rec,amp_inf,response
0.034208787636658876,0.05370525318985098,100,100,118,5,0.05,18.490785132159893,8.504366556916844,5.7022277884708945,0.24304334646309803
