initial_infected_perc,initial_immune_perc,length,height,population_size,contagion_distance,critical_limit,amp_susc,amp_rec,amp_inf,response
0.0432402502789765,0.08399015088119224,100,100,118,5,0.05,13.131158517988126,5.551852954810254,19.46206353055414,0.15996631542392112
