initial_infected_perc,initial_immune_perc,length,height,population_size,contagion_distance,critical_limit,amp_susc,amp_rec,amp_inf,response
0.09216991512411289,0.08026719333813413,100,100,118,5,0.05,5.4139600988176895,6.207908208645767,19.244797278401858,0.1968812301575085
