initial_infected_perc,initial_immune_perc,length,height,population_size,contagion_distance,critical_limit,amp_susc,amp_rec,amp_inf,response
0.03937384144529579,0.07181722360717252,100,100,118,5,0.05,5.67209309495222,11.864831655417351,16.00567876619334,0.1334145913669791
