initial_infected_perc,initial_immune_perc,length,height,population_size,contagion_distance,critical_limit,amp_susc,amp_rec,amp_inf,response
0.07492737242127398,0.022310912746642222,100,100,118,5,0.05,1.4792229379451016,18.58655534331536,17.994735675938582,0.06616936945545296
