initial_infected_perc,initial_immune_perc,length,height,population_size,contagion_distance,critical_limit,amp_susc,amp_rec,amp_inf,response
0.07151175730174701,0.05534495181622532,100,100,118,5,0.05,9.136966910583775,15.776785988761613,17.86822339505816,0.06563036287165055
