initial_infected_perc,initial_immune_perc,length,height,population_size,contagion_distance,critical_limit,amp_susc,amp_rec,amp_inf,response
0.06487795525979534,0.040052234534657984,100,100,118,5,0.05,7.664098434447377,1.2914032248811491,10.481334277885246,0.10471582169235438
