initial_infected_perc,initial_immune_perc,length,height,population_size,contagion_distance,critical_limit,amp_susc,amp_rec,amp_inf,response
0.08206236468677924,0.021659117314006705,100,100,118,5,0.05,11.963197812667675,16.502306174313553,17.78210290933881,0.013090396628668599
