initial_infected_perc,initial_immune_perc,length,height,population_size,contagion_distance,critical_limit,amp_susc,amp_rec,amp_inf,response
0.008248237153024163,0.06728916544997411,100,100,118,5,0.05,8.1595980520767,15.865825439998353,4.931811138375464,0.18656148113159146
