initial_infected_perc,initial_immune_perc,length,height,population_size,contagion_distance,critical_limit,amp_susc,amp_rec,amp_inf,response
0.09789851205248569,0.029432361986133707,100,100,118,5,0.05,4.02045927740406,12.06480299464763,2.6276232265166977,0.059633578684107874
