initial_infected_perc,initial_immune_perc,length,height,population_size,contagion_distance,critical_limit,amp_susc,amp_rec,amp_inf,response
0.045334639175637306,0.05168991762098342,100,100,118,5,0.05,7.020285987911046,2.9922685152632944,6.127629208521421,0.24004743146440344
