initial_infected_perc,initial_immune_perc,length,height,population_size,contagion_distance,critical_limit,amp_susc,amp_rec,amp_inf,response
0.03389944784403429,0.06974932222403823,100,100,118,5,0.05,18.556113011211618,3.82199898270565,9.292034121180059,0.2384416844713435
