initial_infected_perc,initial_immune_perc,length,height,population_size,contagion_distance,critical_limit,amp_susc,amp_rec,amp_inf,response
0.08142597481565145,0.053134960799893216,100,100,118,5,0.05,18.574219967196083,19.95554945999576,18.16323459846729,0.27432944703247075
