initial_infected_perc,initial_immune_perc,length,height,population_size,contagion_distance,critical_limit,amp_susc,amp_rec,amp_inf,response
0.03396823699017899,0.08165703078665498,100,100,118,5,0.05,13.865043698593897,18.547612771385964,19.587461468960058,0.23236507085053726
