initial_infected_perc,initial_immune_perc,length,height,population_size,contagion_distance,critical_limit,amp_susc,amp_rec,amp_inf,response
0.011504795206021101,0.09232482232989216,100,100,118,5,0.05,11.355206086786918,9.858660352531539,3.1679594148583057,0.11938109744373482
