initial_infected_perc,initial_immune_perc,length,height,population_size,contagion_distance,critical_limit,amp_susc,amp_rec,amp_inf,response
0.0930033547421204,0.006594895710954585,100,100,118,5,0.05,5.1064771806137,6.899367235012384,17.557595426148048,0.24667646517107053
