initial_infected_perc,initial_immune_perc,length,height,population_size,contagion_distance,critical_limit,amp_susc,amp_rec,amp_inf,response
0.08057575917314788,0.05169663310765308,100,100,118,5,0.05,15.80793163292919,6.499978939063853,9.783027031868098,0.1657814466418703
