initial_infected_perc,initial_immune_perc,length,height,population_size,contagion_distance,critical_limit,amp_susc,amp_rec,amp_inf,response
0.06899680841594673,0.05068358109185677,100,100,118,5,0.05,15.913758982885785,6.5912083057739395,6.457546935402498,0.16486155892567253
