initial_infected_perc,initial_immune_perc,length,height,population_size,contagion_distance,critical_limit,amp_susc,amp_rec,amp_inf,response
0.08653784485345029,0.013587516136113587,100,100,118,5,0.05,9.816533593777715,10.847893888626023,6.0455229287034,0.0690140592342732
