initial_infected_perc,initial_immune_perc,length,height,population_size,contagion_distance,critical_limit,amp_susc,amp_rec,amp_inf,response
0.007743243194658522,0.0680918300928261,100,100,118,5,0.05,5.116690614932011,18.348975514609,14.576098044869678,0.17752810925675025
