initial_infected_perc,initial_immune_perc,length,height,population_size,contagion_distance,critical_limit,amp_susc,amp_rec,amp_inf,response
0.09892823747769965,0.055853821588644416,100,100,118,5,0.05,7.173297675060175,4.799178051991568,16.07530765524103,0.166963785089097
