initial_infected_perc,initial_immune_perc,length,height,population_size,contagion_distance,critical_limit,amp_susc,amp_rec,amp_inf,response
0.036535430800425706,0.03288215753120673,100,100,118,5,0.05,9.606624283308808,9.044837237642273,9.216347146292321,0.20040628163537158
