initial_infected_perc,initial_immune_perc,length,height,population_size,contagion_distance,critical_limit,amp_susc,amp_rec,amp_inf,response
0.04553935668594024,0.00536272373467529,100,100,118,5,0.05,3.6811740557423933,8.202276501906468,16.972819242019796,0.024464081510820256
