initial_infected_perc,initial_immune_perc,length,height,population_size,contagion_distance,critical_limit,amp_susc,amp_rec,amp_inf,response
0.00022630913327298385,0.036823475985761245,100,100,118,5,0.05,4.665361886847464,6.79260539825038,9.560695536872023,0.06675393568073208
