initial_infected_perc,initial_immune_perc,length,height,population_size,contagion_distance,critical_limit,amp_susc,amp_rec,amp_inf,response
0.08942373193321795,0.06537599500193558,100,100,118,5,0.05,1.0825414162550628,13.068381227062236,3.3647986035904687,0.20461677527609315
