initial_infected_perc,initial_immune_perc,length,height,population_size,contagion_distance,critical_limit,amp_susc,amp_rec,amp_inf,response
0.0026748427656647757,0.03165970017070228,100,100,118,5,0.05,8.162656223531817,15.339449901675682,17.81635748360092,0.08616539696407334
