initial_infected_perc,initial_immune_perc,length,height,population_size,contagion_distance,critical_limit,amp_susc,amp_rec,amp_inf,response
0.05380625628302164,0.0740611358388591,100,100,118,5,0.05,14.129773013322646,4.5832389727262735,19.877821468647113,0.13432262933963
