initial_infected_perc,initial_immune_perc,length,height,population_size,contagion_distance,critical_limit,amp_susc,amp_rec,amp_inf,response
0.03619029143777378,0.09732264552022679,100,100,118,5,0.05,3.8753605654892986,2.271149836184869,16.378218731539583,0.2502185561137606
