initial_infected_perc,initial_immune_perc,length,height,population_size,contagion_distance,critical_limit,amp_susc,amp_rec,amp_inf,response
0.04073256641313214,0.05499965636936404,100,100,118,5,0.05,6.553890441775545,17.668126789713284,3.6057061881847208,0.00813070309858822
