initial_infected_perc,initial_immune_perc,length,height,population_size,contagion_distance,critical_limit,amp_susc,amp_rec,amp_inf,response
0.05016105012590131,0.06969761848147484,100,100,118,5,0.05,11.377179675932208,18.248941176284873,6.827779981920092,0.19004879374499303
