initial_infected_perc,initial_immune_perc,length,height,population_size,contagion_distance,critical_limit,amp_susc,amp_rec,amp_inf,response
0.0066968530478545675,0.002463779186557913,100,100,118,5,0.05,4.438031817958594,8.536653936372108,19.866766146475392,0.08577093487025701
