initial_infected_perc,initial_immune_perc,length,height,population_size,contagion_distance,critical_limit,amp_susc,amp_rec,amp_inf,response
0.026584304561908634,0.011453181056936391,100,100,118,5,0.05,8.09530947176844,19.834735455975235,15.262955824529925,0.2454896745061561
