initial_infected_perc,initial_immune_perc,length,height,population_size,contagion_distance,critical_limit,amp_susc,amp_rec,amp_inf,response
0.02237092536068346,0.09339819565927888,100,100,118,5,0.05,5.305532093878378,17.27196307868766,2.6480279213640068,0.028125881482676585
