initial_infected_perc,initial_immune_perc,length,height,population_size,contagion_distance,critical_limit,amp_susc,amp_rec,amp_inf,response
0.09900300431419942,0.055748124888514085,100,100,118,5,0.05,4.608196883713925,9.53681179175743,19.698005294186462,0.1662731172592005
