initial_infected_perc,initial_immune_perc,length,height,population_size,contagion_distance,critical_limit,amp_susc,amp_rec,amp_inf,response
0.06827114492487459,0.018126297157389226,100,100,118,5,0.05,7.036385842918245,1.9781402373239887,9.987235162232533,0.17198184615391507
