initial_infected_perc,initial_immune_perc,length,height,population_size,contagion_distance,critical_limit,amp_susc,amp_rec,amp_inf,response
0.0076989324458195734,0.09794759592403857,100,100,118,5,0.05,16.788411839451904,2.8779857831278832,0.2301348371567058,0.07764444393178696
