initial_infected_perc,initial_immune_perc,length,height,population_size,contagion_distance,critical_limit,amp_susc,amp_rec,amp_inf,response
0.06835968184881051,0.04826638252639477,100,100,118,5,0.05,8.358558352930988,6.9531156760215,4.602382107978724,0.19726882511643876
