initial_infected_perc,initial_immune_perc,length,height,population_size,contagion_distance,critical_limit,amp_susc,amp_rec,amp_inf,response
0.05712633199437631,0.09165021190945033,100,100,118,5,0.05,7.317014065755981,14.994392083809874,2.3693960115760015,0.2109063321927657
