initial_infected_perc,initial_immune_perc,length,height,population_size,contagion_distance,critical_limit,amp_susc,amp_rec,amp_inf,response
0.016146304224692577,0.09305873903667186,100,100,118,5,0.05,19.851435254313657,14.142047078489293,11.407350312097675,0.2286430134075476
