initial_infected_perc,initial_immune_perc,length,height,population_size,contagion_distance,critical_limit,amp_susc,amp_rec,amp_inf,response
0.08573462536776838,0.022733290527785735,100,100,118,5,0.05,3.343445773701492,10.016617968629685,2.6259653626799384,0.20384008631863773
