initial_infected_perc,initial_immune_perc,length,height,population_size,contagion_distance,critical_limit,amp_susc,amp_rec,amp_inf,response
0.036673876138886057,0.07848501504148751,100,100,118,5,0.05,4.0493938678615375,7.386940143743135,17.417679439684807,0.21217784393215638
