initial_infected_perc,initial_immune_perc,length,height,population_size,contagion_distance,critical_limit,amp_susc,amp_rec,amp_inf,response
0.05422618081397987,0.004603526217540677,100,100,118,5,0.05,13.429676010284089,3.928811006686461,6.93146156393305,0.17211622376859614
