initial_infected_perc,initial_immune_perc,length,height,population_size,contagion_distance,critical_limit,amp_susc,amp_rec,amp_inf,response
0.09762054067456422,0.04540252059789704,100,100,118,5,0.05,17.831327540453643,2.3030842049769884,16.85409569686991,0.14228956355519493
