initial_infected_perc,initial_immune_perc,length,height,population_size,contagion_distance,critical_limit,amp_susc,amp_rec,amp_inf,response
0.07907453729174592,0.06903080975699215,100,100,118,5,0.05,17.251423482352727,8.731029677259501,14.436383502653442,0.29178720654562357
