initial_infected_perc,initial_immune_perc,length,height,population_size,contagion_distance,critical_limit,amp_susc,amp_rec,amp_inf,response
0.045995924293927085,0.07307972134612992,100,100,118,5,0.05,13.606523991024723,9.32436064572517,8.978275306806967,0.1951053589832805
