initial_infected_perc,initial_immune_perc,length,height,population_size,contagion_distance,critical_limit,amp_susc,amp_rec,amp_inf,response
0.04243881260555319,0.05019041531717594,100,100,118,5,0.05,11.910163961183533,16.840660450052525,4.54153025357652,0.21531122619110066
