initial_infected_perc,initial_immune_perc,length,height,population_size,contagion_distance,critical_limit,amp_susc,amp_rec,amp_inf,response
0.09222665886967167,0.08968555556567046,100,100,118,5,0.05,11.320669286142426,8.180149915529999,7.2577285515318035,0.29015879788556237
