initial_infected_perc,initial_immune_perc,length,height,population_size,contagion_distance,critical_limit,amp_susc,amp_rec,amp_inf,response
0.024512921341307937,0.01670377518990528,100,100,118,5,0.05,4.362049005611521,12.682158263140067,0.9388857188888089,0.14343993557521642
