initial_infected_perc,initial_immune_perc,length,height,population_size,contagion_distance,critical_limit,amp_susc,amp_rec,amp_inf,response
0.08949453109120775,0.0373548766716526,100,100,118,5,0.05,18.07785336284281,11.655996720788558,16.52960077183138,0.12568380665417195
