initial_infected_perc,initial_immune_perc,length,height,population_size,contagion_distance,critical_limit,amp_susc,amp_rec,amp_inf,response
0.003196768723236121,0.04499069520215324,100,100,118,5,0.05,19.30134144603857,18.613049758422683,17.881715487678207,0.15395507465732536
