initial_infected_perc,initial_immune_perc,length,height,population_size,contagion_distance,critical_limit,amp_susc,amp_rec,amp_inf,response
0.002003402272785382,0.00019288769335831237,100,100,118,5,0.05,2.472423839751645,16.54023141754378,13.5731089035177,0.2671638311509653
