initial_infected_perc,initial_immune_perc,length,height,population_size,contagion_distance,critical_limit,amp_susc,amp_rec,amp_inf,response
0.08770742917102696,0.014271721176491815,100,100,118,5,0.05,16.943271305791725,16.87067045851539,3.5774146006819585,0.26825073895174684
