initial_infected_perc,initial_immune_perc,length,height,population_size,contagion_distance,critical_limit,amp_susc,amp_rec,amp_inf,response
0.06422427300206882,0.08077725950516346,100,100,118,5,0.05,15.788892118266737,15.596865438157618,5.942820281502616,0.21269475208229105
