initial_infected_perc,initial_immune_perc,length,height,population_size,contagion_distance,critical_limit,amp_susc,amp_rec,amp_inf,response
0.06218710430281356,0.008537062131196939,100,100,118,5,0.05,5.635489331114163,17.050629160002586,15.053727292483188,0.020506794904395085
