initial_infected_perc,initial_immune_perc,length,height,population_size,contagion_distance,critical_limit,amp_susc,amp_rec,amp_inf,response
0.09902774592656613,0.06404145215459271,100,100,118,5,0.05,1.4999886940216056,11.825226754733926,4.961257736511642,0.2511279518538465
