initial_infected_perc,initial_immune_perc,length,height,population_size,contagion_distance,critical_limit,amp_susc,amp_rec,amp_inf,response
0.0023496498065831207,0.0235101232113357,100,100,118,5,0.05,7.612675291514403,13.169885886518832,0.8724453712152647,0.2939621747639925
