initial_infected_perc,initial_immune_perc,length,height,population_size,contagion_distance,critical_limit,amp_susc,amp_rec,amp_inf,response
0.0601514487912411,0.04919278292063561,100,100,118,5,0.05,15.117889246770925,19.169457714091088,2.0827403122601718,0.2726145233376564
