initial_infected_perc,initial_immune_perc,length,height,population_size,contagion_distance,critical_limit,amp_susc,amp_rec,amp_inf,response
0.00919790541274852,0.050225721830088166,100,100,118,5,0.05,0.10526252110319323,17.13952431346133,5.095819701146265,0.22315291829329562
