initial_infected_perc,initial_immune_perc,length,height,population_size,contagion_distance,critical_limit,amp_susc,amp_rec,amp_inf,response
0.05622284878898586,0.012206298279166073,100,100,118,5,0.05,11.452561857202458,3.9449250644285816,5.371343943914275,0.2781385976124614
