initial_infected_perc,initial_immune_perc,length,height,population_size,contagion_distance,critical_limit,amp_susc,amp_rec,amp_inf,response
0.001101140803539158,0.05264635080769986,100,100,118,5,0.05,4.750481420334484,10.145503196504107,0.19699911680650883,0.17039587772228634
