initial_infected_perc,initial_immune_perc,length,height,population_size,contagion_distance,critical_limit,amp_susc,amp_rec,amp_inf,response
0.0956254488037286,0.005580702773651603,100,100,118,5,0.05,8.393091630303172,10.839694418614325,18.05122418929863,0.07855256943270464
