initial_infected_perc,initial_immune_perc,length,height,population_size,contagion_distance,critical_limit,amp_susc,amp_rec,amp_inf,response
0.054297581596530135,0.06075078744153198,100,100,118,5,0.05,13.859531194386069,11.714637372491783,6.733417697545474,0.266066278748828
