initial_infected_perc,initial_immune_perc,length,height,population_size,contagion_distance,critical_limit,amp_susc,amp_rec,amp_inf,response
0.00743967718553491,0.03249439227486722,100,100,118,5,0.05,18.274150451299526,4.316651210202165,3.4051884992413273,0.23039940894603103
