initial_infected_perc,initial_immune_perc,length,height,population_size,contagion_distance,critical_limit,amp_susc,amp_rec,amp_inf,response
0.030772000904527298,0.07113488292782837,100,100,118,5,0.05,15.883622209385775,3.9141964028463727,6.274426429781856,0.20560809436136657
