initial_infected_perc,initial_immune_perc,length,height,population_size,contagion_distance,critical_limit,amp_susc,amp_rec,amp_inf,response
0.030160492355411486,0.006682780755819873,100,100,118,5,0.05,6.549351539885578,2.918507676046944,2.535930568587159,0.13398177916453055
