initial_infected_perc,initial_immune_perc,length,height,population_size,contagion_distance,critical_limit,amp_susc,amp_rec,amp_inf,response
0.035045767208911616,0.04395668175650345,100,100,118,5,0.05,0.32238084596760475,12.138560366346553,15.87675669964858,0.2808842109479319
