initial_infected_perc,initial_immune_perc,length,height,population_size,contagion_distance,critical_limit,amp_susc,amp_rec,amp_inf,response
0.05867185429447752,0.04268879520036574,100,100,118,5,0.05,3.4638125343454162,12.866277333364485,15.576942933707073,0.2870449071087586
