initial_infected_perc,initial_immune_perc,length,height,population_size,contagion_distance,critical_limit,amp_susc,amp_rec,amp_inf,response
0.06822353791864788,0.029562840850425955,100,100,118,5,0.05,16.88131859063286,17.04200498675015,9.54058791721354,0.2348362073673613
