initial_infected_perc,initial_immune_perc,length,height,population_size,contagion_distance,critical_limit,amp_susc,amp_rec,amp_inf,response
0.04167581065699505,0.05520753978800036,100,100,118,5,0.05,1.2069924348515415,9.761125010786778,10.709012371203897,0.10263353237765523
