initial_infected_perc,initial_immune_perc,length,height,population_size,contagion_distance,critical_limit,amp_susc,amp_rec,amp_inf,response
0.028095323758700465,0.08451119398960366,100,100,118,5,0.05,9.927061522134471,7.1515375233593765,2.5215307893306838,0.26820063559863433
