initial_infected_perc,initial_immune_perc,length,height,population_size,contagion_distance,critical_limit,amp_susc,amp_rec,amp_inf,response
0.07297416337518883,0.08943864939669666,100,100,118,5,0.05,15.527047242845018,16.75976117321943,14.780616961469075,0.2623469388741031
