initial_infected_perc,initial_immune_perc,length,height,population_size,contagion_distance,critical_limit,amp_susc,amp_rec,amp_inf,response
0.04833230453307733,0.016226286620480968,100,100,118,5,0.05,16.63125795930174,18.8704801327917,5.187266359667582,0.07963865485257957
