initial_infected_perc,initial_immune_perc,length,height,population_size,contagion_distance,critical_limit,amp_susc,amp_rec,amp_inf,response
0.04720611549587755,0.08656816165053272,100,100,118,5,0.05,8.892335031209385,9.827183396965793,11.418128610089042,0.046540291052382464
