initial_infected_perc,initial_immune_perc,length,height,population_size,contagion_distance,critical_limit,amp_susc,amp_rec,amp_inf,response
0.06158133368685083,0.08872035020878588,100,100,118,5,0.05,11.179763144255856,19.948712008795745,11.940547978400378,0.1250720097932729
