initial_infected_perc,initial_immune_perc,length,height,population_size,contagion_distance,critical_limit,amp_susc,amp_rec,amp_inf,response
0.011842745805744305,0.001924166723956522,100,100,118,5,0.05,10.196206038441984,13.641847074467234,13.900360407928265,0.02982513106157254
