initial_infected_perc,initial_immune_perc,length,height,population_size,contagion_distance,critical_limit,amp_susc,amp_rec,amp_inf,response
0.00037347725646290635,0.06153284265900713,100,100,118,5,0.05,14.779111713969378,7.822835965988617,6.0203337902454335,0.268913218197467
