initial_infected_perc,initial_immune_perc,length,height,population_size,contagion_distance,critical_limit,amp_susc,amp_rec,amp_inf,response
0.07459487763101977,0.08140537000005346,100,100,118,5,0.05,17.818857188322063,4.8971171560133175,19.437555618566364,0.1842102068888911
