initial_infected_perc,initial_immune_perc,length,height,population_size,contagion_distance,critical_limit,amp_susc,amp_rec,amp_inf,response
0.07932495286216551,0.04712468280764415,100,100,118,5,0.05,11.551145852987014,8.906151183432392,10.439048339718893,0.042529350202852055
