initial_infected_perc,initial_immune_perc,length,height,population_size,contagion_distance,critical_limit,amp_susc,amp_rec,amp_inf,response
0.008282725270400216,0.07818416918535075,100,100,118,5,0.05,1.5361383176994359,5.744689926166431,12.18052345051384,0.1354188836259473
