initial_infected_perc,initial_immune_perc,length,height,population_size,contagion_distance,critical_limit,amp_susc,amp_rec,amp_inf,response
0.09398365506001508,0.004021771153048792,100,100,118,5,0.05,9.04853232901704,1.9966922523265729,8.42253580052316,0.11455212364163297
