initial_infected_perc,initial_immune_perc,length,height,population_size,contagion_distance,critical_limit,amp_susc,amp_rec,amp_inf,response
0.062045043777591874,0.022291322076562082,100,100,118,5,0.05,8.796180743845598,19.59720746457339,0.7661682736388098,0.2721938507428318
