initial_infected_perc,initial_immune_perc,length,height,population_size,contagion_distance,critical_limit,amp_susc,amp_rec,amp_inf,response
0.07597755385134464,0.09251282807255135,100,100,118,5,0.05,2.869094971163473,17.118973450451765,4.233775936646074,0.12625514706460741
