initial_infected_perc,initial_immune_perc,length,height,population_size,contagion_distance,critical_limit,amp_susc,amp_rec,amp_inf,response
0.023258893161869798,0.013458198215920326,100,100,118,5,0.05,3.7671756656083,3.9231833774347313,3.171423614068545,0.11435891833757333
