initial_infected_perc,initial_immune_perc,length,height,population_size,contagion_distance,critical_limit,amp_susc,amp_rec,amp_inf,response
0.05960983847576128,0.03584885834272208,100,100,118,5,0.05,1.1166660067428058,9.493092737419468,2.8530869963714323,0.23572987240119223
