initial_infected_perc,initial_immune_perc,length,height,population_size,contagion_distance,critical_limit,amp_susc,amp_rec,amp_inf,response
0.06510506199160575,0.05821847791084307,100,100,118,5,0.05,15.59647865947285,18.67623719638644,3.1115430431778424,0.10522058991533352
