initial_infected_perc,initial_immune_perc,length,height,population_size,contagion_distance,critical_limit,amp_susc,amp_rec,amp_inf,response
0.03780113092879896,0.08278739765883393,100,100,118,5,0.05,7.63382027227151,9.00004792650694,11.54963263523651,0.24808095897948323
