initial_infected_perc,initial_immune_perc,length,height,population_size,contagion_distance,critical_limit,amp_susc,amp_rec,amp_inf,response
0.09432276274906812,0.05379592887766337,100,100,118,5,0.05,8.969131481617602,3.664583047635628,7.680043349457071,0.1291485462678689
