initial_infected_perc,initial_immune_perc,length,height,population_size,contagion_distance,critical_limit,amp_susc,amp_rec,amp_inf,response
0.08564746547519173,0.05603639074027344,100,100,118,5,0.05,3.837060335806719,11.843135836757874,11.71042821503175,0.043819143047300065
