initial_infected_perc,initial_immune_perc,length,height,population_size,contagion_distance,critical_limit,amp_susc,amp_rec,amp_inf,response
0.059746413803847036,0.0950588714524853,100,100,118,5,0.05,18.779539948450836,8.398443687599181,7.981234567857067,0.2522273044609621
