initial_infected_perc,initial_immune_perc,length,height,population_size,contagion_distance,critical_limit,amp_susc,amp_rec,amp_inf,response
0.09299106106461377,0.06053193307146318,100,100,118,5,0.05,0.4764931768180847,3.6370174561065127,13.132200363148634,0.17245792780371497
