initial_infected_perc,initial_immune_perc,length,height,population_size,contagion_distance,critical_limit,amp_susc,amp_rec,amp_inf,response
0.004905274697591289,0.01993183328924372,100,100,118,5,0.05,12.068512940376594,19.48612181163551,4.598096780130401,0.2822207032452642
