initial_infected_perc,initial_immune_perc,length,height,population_size,contagion_distance,critical_limit,amp_susc,amp_rec,amp_inf,response
0.007745307950722514,0.09877652640204336,100,100,118,5,0.05,4.830720694857817,7.657402156776989,12.653452762971796,0.013031151372933425
