initial_infected_perc,initial_immune_perc,length,height,population_size,contagion_distance,critical_limit,amp_susc,amp_rec,amp_inf,response
0.04911161834729573,0.03612089314120755,100,100,118,5,0.05,14.335217892427185,9.050316900997162,3.99104536161371,0.12643491702887738
