initial_infected_perc,initial_immune_perc,length,height,population_size,contagion_distance,critical_limit,amp_susc,amp_rec,amp_inf,response
0.0031436622990515754,0.05484312397751237,100,100,118,5,0.05,16.695722555576438,12.291642076510636,2.8550389896321193,0.2721549936181712
