initial_infected_perc,initial_immune_perc,length,height,population_size,contagion_distance,critical_limit,amp_susc,amp_rec,amp_inf,response
0.07680363115150912,0.045168385537383886,100,100,118,5,0.05,1.6673040766185165,5.651556065122487,15.075975452510002,0.2120523600399435
