initial_infected_perc,initial_immune_perc,length,height,population_size,contagion_distance,critical_limit,amp_susc,amp_rec,amp_inf,response
0.03620189957843535,0.08398600274198409,100,100,118,5,0.05,9.771786813110525,14.56381609648178,0.6271147963573154,0.0022255565452090065
