initial_infected_perc,initial_immune_perc,length,height,population_size,contagion_distance,critical_limit,amp_susc,amp_rec,amp_inf,response
0.056731051115730784,0.01817722184292312,100,100,118,5,0.05,4.963069815305106,1.2432435132648956,5.337128170846183,0.2511257608776446
