initial_infected_perc,initial_immune_perc,length,height,population_size,contagion_distance,critical_limit,amp_susc,amp_rec,amp_inf,response
0.014370417867507791,0.05218062611128099,100,100,118,5,0.05,9.53410769923172,4.901563564546989,0.11458734453107855,0.02017517776254043
