initial_infected_perc,initial_immune_perc,length,height,population_size,contagion_distance,critical_limit,amp_susc,amp_rec,amp_inf,response
0.0061652110982299505,0.07204088702555199,100,100,118,5,0.05,1.997660825585179,10.82847385983399,16.678891177375842,0.15526231271357535
