initial_infected_perc,initial_immune_perc,length,height,population_size,contagion_distance,critical_limit,amp_susc,amp_rec,amp_inf,response
0.0025562119701061704,0.02718487965175803,100,100,118,5,0.05,10.00623406513633,3.1178246527746656,19.782274338390234,0.18364097398974402
