initial_infected_perc,initial_immune_perc,length,height,population_size,contagion_distance,critical_limit,amp_susc,amp_rec,amp_inf,response
0.022635828461149324,0.02713011971119457,100,100,118,5,0.05,1.6504486317508582,15.91623848782642,5.176632310967387,0.27246276880665443
