initial_infected_perc,initial_immune_perc,length,height,population_size,contagion_distance,critical_limit,amp_susc,amp_rec,amp_inf,response
0.0643825271715478,0.05597751689079508,100,100,118,5,0.05,1.223938654493264,18.93255402805723,4.273403098257107,0.12657180157515546
