initial_infected_perc,initial_immune_perc,length,height,population_size,contagion_distance,critical_limit,amp_susc,amp_rec,amp_inf,response
0.07276451179201276,0.06358372620116616,100,100,118,5,0.05,8.882224988270039,10.6305410957689,17.119368554191507,0.26039595377951413
