initial_infected_perc,initial_immune_perc,length,height,population_size,contagion_distance,critical_limit,amp_susc,amp_rec,amp_inf,response
0.023401985513003765,0.06023486441295131,100,100,118,5,0.05,3.3885804366726857,10.06332636642236,9.411467059981497,0.002080532292598902
