initial_infected_perc,initial_immune_perc,length,height,population_size,contagion_distance,critical_limit,amp_susc,amp_rec,amp_inf,response
0.02181945813139573,0.010710021551250205,100,100,118,5,0.05,8.78420489887426,11.019542176746048,10.290060230130159,0.16810801204950251
