initial_infected_perc,initial_immune_perc,length,height,population_size,contagion_distance,critical_limit,amp_susc,amp_rec,amp_inf,response
0.00021772494799492394,0.02702835380586569,100,100,118,5,0.05,9.152828711862375,14.483213994115495,1.2841113806713156,0.05489059525240901
