initial_infected_perc,initial_immune_perc,length,height,population_size,contagion_distance,critical_limit,amp_susc,amp_rec,amp_inf,response
0.009296058855947342,0.03999769462279438,100,100,118,5,0.05,14.719365068278226,4.8392665274446305,16.26422884810136,0.10128006882809079
