initial_infected_perc,initial_immune_perc,length,height,population_size,contagion_distance,critical_limit,amp_susc,amp_rec,amp_inf,response
0.040349981155927306,0.04666011593148305,100,100,118,5,0.05,18.695533011497666,15.166116351492736,16.6933482134267,0.20025456681273093
