initial_infected_perc,initial_immune_perc,length,height,population_size,contagion_distance,critical_limit,amp_susc,amp_rec,amp_inf,response
0.09092126028409436,0.03968628601027455,100,100,118,5,0.05,8.568434000738117,11.049531659638237,13.89783692462035,0.0965023041023927
