initial_infected_perc,initial_immune_perc,length,height,population_size,contagion_distance,critical_limit,amp_susc,amp_rec,amp_inf,response
0.07727702075511061,0.07712502015802486,100,100,118,5,0.05,18.85347673073188,4.552445534112013,6.879251540548655,0.2230733632795851
