initial_infected_perc,initial_immune_perc,length,height,population_size,contagion_distance,critical_limit,amp_susc,amp_rec,amp_inf,response
0.04244645590223276,0.05642369758131005,100,100,118,5,0.05,18.695371903481096,9.256152366249514,2.29354958839155,0.1864446433149697
