initial_infected_perc,initial_immune_perc,length,height,population_size,contagion_distance,critical_limit,amp_susc,amp_rec,amp_inf,response
0.03625168620012902,0.06595928539293504,100,100,118,5,0.05,11.800351043469814,17.827210698659766,11.73935195496177,0.00424440767611226
