initial_infected_perc,initial_immune_perc,length,height,population_size,contagion_distance,critical_limit,amp_susc,amp_rec,amp_inf,response
0.004227834828379451,0.014735589344820277,100,100,118,5,0.05,12.318316428913533,4.026051068833381,19.204566795898046,0.19952453049130162
