initial_infected_perc,initial_immune_perc,length,height,population_size,contagion_distance,critical_limit,amp_susc,amp_rec,amp_inf,response
0.03641661147322608,0.06520900248839098,100,100,118,5,0.05,17.622248801970848,0.8921316605049068,0.5464252594009689,0.24751912511170573
