initial_infected_perc,initial_immune_perc,length,height,population_size,contagion_distance,critical_limit,amp_susc,amp_rec,amp_inf,response
0.06075296799856877,0.05466986056181439,100,100,118,5,0.05,16.61980398504977,2.9521391074101477,15.201937512933485,0.09078468270344996
