initial_infected_perc,initial_immune_perc,length,height,population_size,contagion_distance,critical_limit,amp_susc,amp_rec,amp_inf,response
0.07481680071492773,0.03815911948366048,100,100,118,5,0.05,19.91580335643445,5.644244319917258,9.314863382331701,0.19716073684942806
