initial_infected_perc,initial_immune_perc,length,height,population_size,contagion_distance,critical_limit,amp_susc,amp_rec,amp_inf,response
0.041324660112039835,0.07676073230495924,100,100,118,5,0.05,18.11533459642746,10.808608685307044,1.1611583327397446,0.03953204928532574
