initial_infected_perc,initial_immune_perc,length,height,population_size,contagion_distance,critical_limit,amp_susc,amp_rec,amp_inf,response
0.0369747267082019,0.034724644777537776,100,100,118,5,0.05,8.536754910834127,6.644430773185763,19.47609783677705,0.12440612594542658
