initial_infected_perc,initial_immune_perc,length,height,population_size,contagion_distance,critical_limit,amp_susc,amp_rec,amp_inf,response
0.024424571508570383,0.05954291344794176,100,100,118,5,0.05,0.2317859906271913,2.479230972459767,18.083174110896643,0.29416818200597655
