initial_infected_perc,initial_immune_perc,length,height,population_size,contagion_distance,critical_limit,amp_susc,amp_rec,amp_inf,response
0.08396390679341999,0.06283426453802782,100,100,118,5,0.05,17.194525208523142,8.80488928056086,3.7261478900047074,0.10168732699869878
