initial_infected_perc,initial_immune_perc,length,height,population_size,contagion_distance,critical_limit,amp_susc,amp_rec,amp_inf,response
0.007902480502748133,0.05800226300665835,100,100,118,5,0.05,2.8250957351857786,19.645639650385498,6.83426213692637,0.25074526464047286
