initial_infected_perc,initial_immune_perc,length,height,population_size,contagion_distance,critical_limit,amp_susc,amp_rec,amp_inf,response
0.05444397647686007,0.0026649078807159834,100,100,118,5,0.05,16.9355342060608,0.5570247268417217,1.9846109385458277,0.012384827467105064
