initial_infected_perc,initial_immune_perc,length,height,population_size,contagion_distance,critical_limit,amp_susc,amp_rec,amp_inf,response
0.01866048502998473,0.09296498965261593,100,100,118,5,0.05,4.240759361230316,13.262883278940734,18.86777944769068,0.04776871508972689
