initial_infected_perc,initial_immune_perc,length,height,population_size,contagion_distance,critical_limit,amp_susc,amp_rec,amp_inf,response
0.02568750083253577,0.09827042372848797,100,100,118,5,0.05,8.372230746312244,6.284664280000218,18.924294545337325,0.29159186214071753
