initial_infected_perc,initial_immune_perc,length,height,population_size,contagion_distance,critical_limit,amp_susc,amp_rec,amp_inf,response
0.015966237717922195,0.07005703815325169,100,100,118,5,0.05,10.373353835064595,1.7461998171032422,6.3805194685387185,0.04394290480843111
