initial_infected_perc,initial_immune_perc,length,height,population_size,contagion_distance,critical_limit,amp_susc,amp_rec,amp_inf,response
0.054550783573943634,0.000509276398732661,100,100,118,5,0.05,17.877565834298863,13.39118657548619,3.286773547212729,0.2455152509653358
