initial_infected_perc,initial_immune_perc,length,height,population_size,contagion_distance,critical_limit,amp_susc,amp_rec,amp_inf,response
0.03327354274571975,0.08918266977198328,100,100,118,5,0.05,7.997999316814706,5.185933397056573,17.431049050788452,0.1666888964494965
