initial_infected_perc,initial_immune_perc,length,height,population_size,contagion_distance,critical_limit,amp_susc,amp_rec,amp_inf,response
0.026700353302421112,0.04581680642831526,100,100,118,5,0.05,8.169789543629232,5.402504117154248,8.436969672228042,0.18729932416407666
