initial_infected_perc,initial_immune_perc,length,height,population_size,contagion_distance,critical_limit,amp_susc,amp_rec,amp_inf,response
0.0465917609702914,0.059162306220473804,100,100,118,5,0.05,16.138074117531055,7.654070553613099,6.68600966491254,0.18611286442371247
