initial_infected_perc,initial_immune_perc,length,height,population_size,contagion_distance,critical_limit,amp_susc,amp_rec,amp_inf,response
0.03769764369432424,0.09921101132901385,100,100,118,5,0.05,0.8559380558724627,16.954048634720355,17.203536169585732,0.2550106528703196
