initial_infected_perc,initial_immune_perc,length,height,population_size,contagion_distance,critical_limit,amp_susc,amp_rec,amp_inf,response
0.04592245983926816,0.08993944376683867,100,100,118,5,0.05,9.030497815436885,8.902265988482768,4.102886296003838,0.24766265315969457
