initial_infected_perc,initial_immune_perc,length,height,population_size,contagion_distance,critical_limit,amp_susc,amp_rec,amp_inf,response
0.05833047415953442,0.08953281640224142,100,100,118,5,0.05,10.161069563898796,2.154875424268088,5.662461527721638,0.16192962778036873
