initial_infected_perc,initial_immune_perc,length,height,population_size,contagion_distance,critical_limit,amp_susc,amp_rec,amp_inf,response
0.055551250204567096,0.004434218969111903,100,100,118,5,0.05,5.186934932993747,19.47657608618732,16.274257741899024,0.007752629896287355
