initial_infected_perc,initial_immune_perc,length,height,population_size,contagion_distance,critical_limit,amp_susc,amp_rec,amp_inf,response
0.012892197870077993,0.0778481765265514,100,100,118,5,0.05,19.851949364255603,3.069108013615267,9.070125240216987,0.09262432392706739
