initial_infected_perc,initial_immune_perc,length,height,population_size,contagion_distance,critical_limit,amp_susc,amp_rec,amp_inf,response
0.006691527286149513,0.08383334482869828,100,100,118,5,0.05,13.50131156449639,7.354163496382928,3.580240582581493,0.29983501178610233
