initial_infected_perc,initial_immune_perc,length,height,population_size,contagion_distance,critical_limit,amp_susc,amp_rec,amp_inf,response
0.002376502303123096,0.023761786987771583,100,100,118,5,0.05,6.567936906934162,4.35078185468369,3.401496766390424,0.09381451744987553
