initial_infected_perc,initial_immune_perc,length,height,population_size,contagion_distance,critical_limit,amp_susc,amp_rec,amp_inf,response
0.06530343076377398,0.05062370115160612,100,100,118,5,0.05,1.8842393202847396,7.82519706566394,2.8982587926011694,0.11807027985406014
