initial_infected_perc,initial_immune_perc,length,height,population_size,contagion_distance,critical_limit,amp_susc,amp_rec,amp_inf,response
0.03796807293570581,0.008437617969827216,100,100,118,5,0.05,4.142082329624445,10.611572479286174,19.60574718110912,0.19293624575885662
