initial_infected_perc,initial_immune_perc,length,height,population_size,contagion_distance,critical_limit,amp_susc,amp_rec,amp_inf,response
0.054318560501269514,0.010438659550211338,100,100,118,5,0.05,12.033516587779653,1.9775320881433767,6.593274258743564,0.28466236879356677
