initial_infected_perc,initial_immune_perc,length,height,population_size,contagion_distance,critical_limit,amp_susc,amp_rec,amp_inf,response
0.03276787576658037,0.08145991344457729,100,100,118,5,0.05,2.575309103717438,12.243847057123602,1.608735569825679,0.07604512066019835
