initial_infected_perc,initial_immune_perc,length,height,population_size,contagion_distance,critical_limit,amp_susc,amp_rec,amp_inf,response
0.019582710284356743,0.06878806970936789,100,100,118,5,0.05,0.9038323032532647,16.387685729375086,8.217766295054652,0.11705672418747395
