initial_infected_perc,initial_immune_perc,length,height,population_size,contagion_distance,critical_limit,amp_susc,amp_rec,amp_inf,response
0.00036134357874253455,0.010106226264161522,100,100,118,5,0.05,0.7548049687626968,15.790201372715577,13.58512282435624,0.1890297850234736
