initial_infected_perc,initial_immune_perc,length,height,population_size,contagion_distance,critical_limit,amp_susc,amp_rec,amp_inf,response
0.07837686684666599,0.050781177107224455,100,100,118,5,0.05,15.823856214681529,7.846628003481964,11.503619951574475,0.12143858921590503
