initial_infected_perc,initial_immune_perc,length,height,population_size,contagion_distance,critical_limit,amp_susc,amp_rec,amp_inf,response
0.08752956664045373,0.09265131434156279,100,100,118,5,0.05,3.522633908821027,7.564287876591324,9.097846569751201,0.10294538996833491
