initial_infected_perc,initial_immune_perc,length,height,population_size,contagion_distance,critical_limit,amp_susc,amp_rec,amp_inf,response
0.02606345928706031,0.0338276650083454,100,100,118,5,0.05,5.454697241705729,12.62917786539099,13.647578732635822,0.03877884215361509
