initial_infected_perc,initial_immune_perc,length,height,population_size,contagion_distance,critical_limit,amp_susc,amp_rec,amp_inf,response
0.05816568985591487,0.08943335331022378,100,100,118,5,0.05,7.55873366481824,2.4168176240405237,0.2546722776721255,0.014997652257096726
