initial_infected_perc,initial_immune_perc,length,height,population_size,contagion_distance,critical_limit,amp_susc,amp_rec,amp_inf,response
0.043875438830536476,0.014014677126616783,100,100,118,5,0.05,3.3984916684738886,1.0294243215946053,0.6719881834469943,0.010523395811214998
