initial_infected_perc,initial_immune_perc,length,height,population_size,contagion_distance,critical_limit,amp_susc,amp_rec,amp_inf,response
0.06621239088142744,0.09531668360754686,100,100,118,5,0.05,12.679606993796884,6.917862056323747,1.533794147339207,0.03315224363403334
