initial_infected_perc,initial_immune_perc,length,height,population_size,contagion_distance,critical_limit,amp_susc,amp_rec,amp_inf,response
0.03242431477968936,0.049029994552726636,100,100,118,5,0.05,10.247371405271277,0.783995538240172,19.03115381748179,0.2983268432545481
