initial_infected_perc,initial_immune_perc,length,height,population_size,contagion_distance,critical_limit,amp_susc,amp_rec,amp_inf,response
0.030521334594505935,0.08765127845987683,100,100,118,5,0.05,13.939056979127058,3.5853016248281344,17.43443266481501,0.0347758124737615
