initial_infected_perc,initial_immune_perc,length,height,population_size,contagion_distance,critical_limit,amp_susc,amp_rec,amp_inf,response
0.07817026665681755,0.026746751812033967,100,100,118,5,0.05,0.2764043798448701,1.1899398093750135,17.150112459101898,0.035000431465548765
