initial_infected_perc,initial_immune_perc,length,height,population_size,contagion_distance,critical_limit,amp_susc,amp_rec,amp_inf,response
0.06784074291038404,0.017186837548466238,100,100,118,5,0.05,5.310396685597423,6.399002030800638,1.020222967475919,0.12015278091446922
