initial_infected_perc,initial_immune_perc,length,height,population_size,contagion_distance,critical_limit,amp_susc,amp_rec,amp_inf,response
0.07070601936655928,0.09699419015703295,100,100,118,5,0.05,18.939416713178705,12.3207021440857,9.276401355954976,0.19293514466517397
