initial_infected_perc,initial_immune_perc,length,height,population_size,contagion_distance,critical_limit,amp_susc,amp_rec,amp_inf,response
0.09993162332174048,0.06504761063199146,100,100,118,5,0.05,0.18988391437762653,1.629439408014668,2.4059885325349772,0.20039125348596903
