initial_infected_perc,initial_immune_perc,length,height,population_size,contagion_distance,critical_limit,amp_susc,amp_rec,amp_inf,response
0.015478155915938596,0.07758829894708807,100,100,118,5,0.05,17.91436876811348,11.868419046677019,18.994666636651285,0.05499080685026427
