initial_infected_perc,initial_immune_perc,length,height,population_size,contagion_distance,critical_limit,amp_susc,amp_rec,amp_inf,response
0.08544760404036002,0.028265391592353528,100,100,118,5,0.05,14.418331216815737,8.060464438065132,1.4304127862577598,0.11075817649357196
