initial_infected_perc,initial_immune_perc,length,height,population_size,contagion_distance,critical_limit,amp_susc,amp_rec,amp_inf,response
0.04663026827457937,0.003153345668670915,100,100,118,5,0.05,15.009025242302158,10.543192096580643,15.090780479646702,0.2688198512340619
