initial_infected_perc,initial_immune_perc,length,height,population_size,contagion_distance,critical_limit,amp_susc,amp_rec,amp_inf,response
0.007314402117368335,0.06195251926818699,100,100,118,5,0.05,3.669646809554581,4.88069233006313,18.312557961067103,0.18450410351159843
