initial_infected_perc,initial_immune_perc,length,height,population_size,contagion_distance,critical_limit,amp_susc,amp_rec,amp_inf,response
0.03982360265916604,0.02692108231412679,100,100,118,5,0.05,0.5620162373217696,11.470747206394062,18.407267367924756,0.1335463023875064
