initial_infected_perc,initial_immune_perc,length,height,population_size,contagion_distance,critical_limit,amp_susc,amp_rec,amp_inf,response
0.03401365901483844,0.05531959646203728,100,100,118,5,0.05,2.891637702181229,1.7279805220456956,11.271275094098417,0.2476199709510585
