initial_infected_perc,initial_immune_perc,length,height,population_size,contagion_distance,critical_limit,amp_susc,amp_rec,amp_inf,response
0.06498902821109719,0.045577934290508965,100,100,118,5,0.05,11.627249720771252,5.0045115099146305,7.28396277347324,0.2404326694033156
