initial_infected_perc,initial_immune_perc,length,height,population_size,contagion_distance,critical_limit,amp_susc,amp_rec,amp_inf,response
0.05195634604076345,0.08612016185562657,100,100,118,5,0.05,9.364920664394628,10.819947535558825,1.893081114947699,0.005064716637153654
