initial_infected_perc,initial_immune_perc,length,height,population_size,contagion_distance,critical_limit,amp_susc,amp_rec,amp_inf,response
0.037937312075240495,0.019819436875204467,100,100,118,5,0.05,2.079333672528514,13.771279557832916,13.605692487472513,0.22095375796944233
