initial_infected_perc,initial_immune_perc,length,height,population_size,contagion_distance,critical_limit,amp_susc,amp_rec,amp_inf,response
0.01638821519578758,0.06407397343902271,100,100,118,5,0.05,14.751410751495088,6.408937731694406,12.896454492559887,0.16066034063036894
