initial_infected_perc,initial_immune_perc,length,height,population_size,contagion_distance,critical_limit,amp_susc,amp_rec,amp_inf,response
0.05335624807280357,0.05300574741171554,100,100,118,5,0.05,14.035134444480303,2.765326138756614,5.868330312809564,0.08643422149870673
