initial_infected_perc,initial_immune_perc,length,height,population_size,contagion_distance,critical_limit,amp_susc,amp_rec,amp_inf,response
0.021812112262698902,0.03284405054870781,100,100,118,5,0.05,14.578544386258214,4.721655269924607,7.066876924327683,0.06539654282921038
