initial_infected_perc,initial_immune_perc,length,height,population_size,contagion_distance,critical_limit,amp_susc,amp_rec,amp_inf,response
0.06055383850947356,0.02398041890264746,100,100,118,5,0.05,3.551263411167216,6.752458095493181,9.74720989669162,0.20881358276842124
