initial_infected_perc,initial_immune_perc,length,height,population_size,contagion_distance,critical_limit,amp_susc,amp_rec,amp_inf,response
0.010695051961641734,0.06316402822996939,100,100,118,5,0.05,6.639641989289484,9.811920540718326,9.684072248889459,0.06870256434723561
