initial_infected_perc,initial_immune_perc,length,height,population_size,contagion_distance,critical_limit,amp_susc,amp_rec,amp_inf,response
0.08135029960380823,0.04278525614912054,100,100,118,5,0.05,0.6562207648925744,2.816338375703944,5.098347176014187,0.056032310436108554
