initial_infected_perc,initial_immune_perc,length,height,population_size,contagion_distance,critical_limit,amp_susc,amp_rec,amp_inf,response
0.07629684377693355,0.055637814452331416,100,100,118,5,0.05,4.47311859381969,15.162806475130262,11.829893990175488,0.037210292033996915
