initial_infected_perc,initial_immune_perc,length,height,population_size,contagion_distance,critical_limit,amp_susc,amp_rec,amp_inf,response
0.0813887442959905,0.030538595054902085,100,100,118,5,0.05,18.421916240120094,17.319407523476077,5.17183672178761,0.03669222964032276
