initial_infected_perc,initial_immune_perc,length,height,population_size,contagion_distance,critical_limit,amp_susc,amp_rec,amp_inf,response
0.08452209705954411,0.08079381666656556,100,100,118,5,0.05,7.2313768788673,9.092986138671758,5.2390040125111925,0.06373819222924917
