initial_infected_perc,initial_immune_perc,length,height,population_size,contagion_distance,critical_limit,amp_susc,amp_rec,amp_inf,response
0.08840906730484566,0.03657260458686973,100,100,118,5,0.05,13.712996772446102,11.360914142570202,7.921159802216156,0.024265003933870655
