initial_infected_perc,initial_immune_perc,length,height,population_size,contagion_distance,critical_limit,amp_susc,amp_rec,amp_inf,response
0.001575805543754505,0.027994904054329486,100,100,118,5,0.05,9.153451334953493,15.533309945783644,8.069092877256683,0.03719126952255575
