initial_infected_perc,initial_immune_perc,length,height,population_size,contagion_distance,critical_limit,amp_susc,amp_rec,amp_inf,response
0.03857143224274126,0.09616288478629592,100,100,118,5,0.05,2.0967119851223903,5.419945180635168,11.168036422375053,0.20658479488473253
