initial_infected_perc,initial_immune_perc,length,height,population_size,contagion_distance,critical_limit,amp_susc,amp_rec,amp_inf,response
0.0996664438562474,0.002807473752443146,100,100,118,5,0.05,2.4850905462547956,10.675293217030292,8.076037417224917,0.20747218616459176
