initial_infected_perc,initial_immune_perc,length,height,population_size,contagion_distance,critical_limit,amp_susc,amp_rec,amp_inf,response
0.03701079700790152,0.07370832368223255,100,100,118,5,0.05,15.045554878551757,11.931899906982007,9.477571425546092,0.2914751071943014
