initial_infected_perc,initial_immune_perc,length,height,population_size,contagion_distance,critical_limit,amp_susc,amp_rec,amp_inf,response
0.061489817542420305,0.08864321977003878,100,100,118,5,0.05,10.474504985186869,18.649137999191275,4.728693485829838,0.29964311482696127
