initial_infected_perc,initial_immune_perc,length,height,population_size,contagion_distance,critical_limit,amp_susc,amp_rec,amp_inf,response
0.005018873918135581,0.049511557960757326,100,100,118,5,0.05,3.71083590894967,17.292480104812316,9.557625808638392,0.07451341548760666
