initial_infected_perc,initial_immune_perc,length,height,population_size,contagion_distance,critical_limit,amp_susc,amp_rec,amp_inf,response
0.029688307710070406,0.05924690480189814,100,100,118,5,0.05,1.64083580284077,18.584549575550422,13.532429363956718,0.16153304025291532
