initial_infected_perc,initial_immune_perc,length,height,population_size,contagion_distance,critical_limit,amp_susc,amp_rec,amp_inf,response
0.056919310570251506,0.03451607394096178,100,100,118,5,0.05,19.56263773092783,8.863548759458508,13.395055170459926,0.22190095475964786
