initial_infected_perc,initial_immune_perc,length,height,population_size,contagion_distance,critical_limit,amp_susc,amp_rec,amp_inf,response
0.026299756244746342,0.05295615159532108,100,100,118,5,0.05,4.769086147162474,17.359542627030848,5.168863909933057,0.07186497067167194
