initial_infected_perc,initial_immune_perc,length,height,population_size,contagion_distance,critical_limit,amp_susc,amp_rec,amp_inf,response
0.0411191314339206,0.09405767078568594,100,100,118,5,0.05,19.430285466966627,18.84374983482511,7.129513198595003,0.05975517862352082
