initial_infected_perc,initial_immune_perc,length,height,population_size,contagion_distance,critical_limit,amp_susc,amp_rec,amp_inf,response
0.013864388185272303,0.03861421930557729,100,100,118,5,0.05,10.510686001570942,8.44613744431025,16.17028908700329,0.05304545785334323
