initial_infected_perc,initial_immune_perc,length,height,population_size,contagion_distance,critical_limit,amp_susc,amp_rec,amp_inf,response
0.01713004264327236,0.09021864694141363,100,100,118,5,0.05,6.247513901894324,3.2204284136343486,13.93045719683185,0.06707883215667645
