initial_infected_perc,initial_immune_perc,length,height,population_size,contagion_distance,critical_limit,amp_susc,amp_rec,amp_inf,response
0.01714830855733107,0.029679453124186142,100,100,118,5,0.05,18.960023192608265,3.729849084422976,5.573323900473053,0.22665906375859246
