initial_infected_perc,initial_immune_perc,length,height,population_size,contagion_distance,critical_limit,amp_susc,amp_rec,amp_inf,response
0.06566724487980685,0.024586521196783864,100,100,118,5,0.05,14.312852064052002,4.096036806335947,15.850637883067131,0.017628301164623914
