initial_infected_perc,initial_immune_perc,length,height,population_size,contagion_distance,critical_limit,amp_susc,amp_rec,amp_inf,response
0.021971343871145556,0.05910196595136861,100,100,118,5,0.05,3.840616466727027,10.03326041745979,10.529426871743844,0.13868493314031222
