initial_infected_perc,initial_immune_perc,length,height,population_size,contagion_distance,critical_limit,amp_susc,amp_rec,amp_inf,response
0.060058427207782705,0.07891673771114849,100,100,118,5,0.05,0.7836395586932143,1.109044443947953,13.29368934273174,0.10625507270321363
