initial_infected_perc,initial_immune_perc,length,height,population_size,contagion_distance,critical_limit,amp_susc,amp_rec,amp_inf,response
0.007655401119940175,0.08723742053004581,100,100,118,5,0.05,16.4402503529986,5.241540313240667,16.010201510480666,0.23866111343867996
