initial_infected_perc,initial_immune_perc,length,height,population_size,contagion_distance,critical_limit,amp_susc,amp_rec,amp_inf,response
0.001009136681115308,0.03781536702750154,100,100,118,5,0.05,8.77548083355732,18.198634508755056,3.9317020446002693,0.13207596901485602
