initial_infected_perc,initial_immune_perc,length,height,population_size,contagion_distance,critical_limit,amp_susc,amp_rec,amp_inf,response
0.09203702365540824,0.047017951597669874,100,100,118,5,0.05,8.666446326798884,2.314511102389305,11.448005029400578,0.16201285280594022
