initial_infected_perc,initial_immune_perc,length,height,population_size,contagion_distance,critical_limit,amp_susc,amp_rec,amp_inf,response
0.08073785820807211,0.02128025054603452,100,100,118,5,0.05,0.7104005122996915,18.030973605286867,4.018670336989993,0.2207800454148269
