initial_infected_perc,initial_immune_perc,length,height,population_size,contagion_distance,critical_limit,amp_susc,amp_rec,amp_inf,response
0.0916447504314798,0.07186778386989265,100,100,118,5,0.05,9.090031746672647,17.2811890061197,8.849614476080951,0.15277317809455515
