initial_infected_perc,initial_immune_perc,length,height,population_size,contagion_distance,critical_limit,amp_susc,amp_rec,amp_inf,response
0.034559477641818236,0.004629261658307815,100,100,118,5,0.05,19.44407329174766,9.793260472953833,8.80041884621376,0.03863990573452018
