initial_infected_perc,initial_immune_perc,length,height,population_size,contagion_distance,critical_limit,amp_susc,amp_rec,amp_inf,response
0.0107415517854904,0.02674292500495893,100,100,118,5,0.05,10.67436231880199,8.647282008924028,0.02952795245555251,0.018686418911934854
