initial_infected_perc,initial_immune_perc,length,height,population_size,contagion_distance,critical_limit,amp_susc,amp_rec,amp_inf,response
0.04000134586241984,0.04684535598058932,100,100,118,5,0.05,15.886009732694097,2.3331601481053643,7.810357406291677,0.15768357728458607
