initial_infected_perc,initial_immune_perc,length,height,population_size,contagion_distance,critical_limit,amp_susc,amp_rec,amp_inf,response
0.045656824644459894,0.08836939362463146,100,100,118,5,0.05,19.02847620058913,18.894357632791717,16.94817658734172,0.22393411547876452
