initial_infected_perc,initial_immune_perc,length,height,population_size,contagion_distance,critical_limit,amp_susc,amp_rec,amp_inf,response
0.020392357113175188,0.005939469878894432,100,100,118,5,0.05,13.48494946638624,14.10690155640815,4.235625685257933,0.2130386293181746
