initial_infected_perc,initial_immune_perc,length,height,population_size,contagion_distance,critical_limit,amp_susc,amp_rec,amp_inf,response
0.05898905684423092,0.05988786560068419,100,100,118,5,0.05,5.559765017329648,10.504706334076852,7.770131186221423,0.10830132298339473
