initial_infected_perc,initial_immune_perc,length,height,population_size,contagion_distance,critical_limit,amp_susc,amp_rec,amp_inf,response
0.0942728358031556,0.005006679637858325,100,100,118,5,0.05,9.717513601058778,12.636366443953332,2.2686016833293388,0.04017924884065288
