initial_infected_perc,initial_immune_perc,length,height,population_size,contagion_distance,critical_limit,amp_susc,amp_rec,amp_inf,response
0.05502533403473236,0.032544552579367315,100,100,118,5,0.05,15.514607123101445,3.927487492079287,13.770575268052372,0.1142735528346755
