initial_infected_perc,initial_immune_perc,length,height,population_size,contagion_distance,critical_limit,amp_susc,amp_rec,amp_inf,response
0.09810683267879043,0.052994144227058254,100,100,118,5,0.05,5.4402601250179305,1.5550349191086488,18.134518922040264,0.019280320867202716
