initial_infected_perc,initial_immune_perc,length,height,population_size,contagion_distance,critical_limit,amp_susc,amp_rec,amp_inf,response
0.08522982676315803,0.08828016566544522,100,100,118,5,0.05,8.670317432333627,14.518368720746416,17.06169480504531,0.01800177358769319
