initial_infected_perc,initial_immune_perc,length,height,population_size,contagion_distance,critical_limit,amp_susc,amp_rec,amp_inf,response
0.07380340900672086,0.07283775404901109,100,100,118,5,0.05,8.704754193627128,11.382832561885339,4.595366752131671,0.12428241597264487
