initial_infected_perc,initial_immune_perc,length,height,population_size,contagion_distance,critical_limit,amp_susc,amp_rec,amp_inf,response
0.06299212267809111,0.04406581254064275,100,100,118,5,0.05,12.044197657761796,12.99880810193805,2.6285030207191573,0.14639735070085666
