initial_infected_perc,initial_immune_perc,length,height,population_size,contagion_distance,critical_limit,amp_susc,amp_rec,amp_inf,response
0.04441619427206801,0.013505345331078845,100,100,118,5,0.05,17.264709557051994,13.397891549562477,8.61209914158822,0.269591044588753
