initial_infected_perc,initial_immune_perc,length,height,population_size,contagion_distance,critical_limit,amp_susc,amp_rec,amp_inf,response
0.07694218334104375,0.06853182697064535,100,100,118,5,0.05,6.872977956302626,16.425412186571265,1.1784262301194204,0.20481285741759792
