initial_infected_perc,initial_immune_perc,length,height,population_size,contagion_distance,critical_limit,amp_susc,amp_rec,amp_inf,response
0.03593308021995981,0.044432439842839414,100,100,118,5,0.05,5.48374442902849,19.259236815876655,16.154827670794212,0.1336439172636753
