initial_infected_perc,initial_immune_perc,length,height,population_size,contagion_distance,critical_limit,amp_susc,amp_rec,amp_inf,response
0.07438090937740886,0.016791421131629593,100,100,118,5,0.05,19.610936671828476,15.262055711967985,5.36011904805097,0.10690415501950613
