initial_infected_perc,initial_immune_perc,length,height,population_size,contagion_distance,critical_limit,amp_susc,amp_rec,amp_inf,response
0.028593455633271384,0.05421731466572025,100,100,118,5,0.05,18.06758403388408,4.358302002654169,10.441668703302367,0.15056348294827032
