initial_infected_perc,initial_immune_perc,length,height,population_size,contagion_distance,critical_limit,amp_susc,amp_rec,amp_inf,response
0.06779843375035613,0.028806798949644455,100,100,118,5,0.05,14.718718433023742,18.447508166069696,13.940247429735424,0.07467513882342922
