initial_infected_perc,initial_immune_perc,length,height,population_size,contagion_distance,critical_limit,amp_susc,amp_rec,amp_inf,response
0.07570871325519493,0.013573362019878544,100,100,118,5,0.05,8.78586972083977,1.9476139086542998,1.428921806155179,0.1379594632658919
