initial_infected_perc,initial_immune_perc,length,height,population_size,contagion_distance,critical_limit,amp_susc,amp_rec,amp_inf,response
0.07936990170711172,0.06448848352113208,100,100,118,5,0.05,14.828149912648005,4.530983991870183,12.696323437108783,0.16617923562970807
