initial_infected_perc,initial_immune_perc,length,height,population_size,contagion_distance,critical_limit,amp_susc,amp_rec,amp_inf,response
0.05889018647671575,0.0029834962516713474,100,100,118,5,0.05,1.3020346576872077,10.725566871936147,6.632000618052243,0.20619616885007216
