initial_infected_perc,initial_immune_perc,length,height,population_size,contagion_distance,critical_limit,amp_susc,amp_rec,amp_inf,response
0.011964397733751943,0.024669077256313544,100,100,118,5,0.05,15.96212807272844,5.9144802542715125,5.494322788226045,0.004913706657464556
