initial_infected_perc,initial_immune_perc,length,height,population_size,contagion_distance,critical_limit,amp_susc,amp_rec,amp_inf,response
0.0863062380481957,0.030983147304342387,100,100,118,5,0.05,19.72950924205136,17.530375298157647,14.144441286002863,0.1838439628304883
