initial_infected_perc,initial_immune_perc,length,height,population_size,contagion_distance,critical_limit,amp_susc,amp_rec,amp_inf,response
0.09410826203978966,0.013734949764034221,100,100,118,5,0.05,9.550029303116844,7.649262330154314,1.4977833041436583,0.011513007355845617
