initial_infected_perc,initial_immune_perc,length,height,population_size,contagion_distance,critical_limit,amp_susc,amp_rec,amp_inf,response
0.09212240153726692,0.058367320389839085,100,100,118,5,0.05,7.305702147569539,7.80866735010062,18.801532236586734,0.16704553821290397
