initial_infected_perc,initial_immune_perc,length,height,population_size,contagion_distance,critical_limit,amp_susc,amp_rec,amp_inf,response
0.07374355725608434,0.019005061917534417,100,100,118,5,0.05,1.6137045587743781,15.596125468166093,7.8006999638712005,0.07397655109617794
