initial_infected_perc,initial_immune_perc,length,height,population_size,contagion_distance,critical_limit,amp_susc,amp_rec,amp_inf,response
0.08710686378720867,0.010307540614303124,100,100,118,5,0.05,4.01360942057752,14.063966005426764,19.30439828417587,0.07163986766446677
