initial_infected_perc,initial_immune_perc,length,height,population_size,contagion_distance,critical_limit,amp_susc,amp_rec,amp_inf,response
0.05094172847973541,0.08690949153674699,100,100,118,5,0.05,12.797959851543649,11.480287546020012,15.633947385076842,0.1041216110193541
