initial_infected_perc,initial_immune_perc,length,height,population_size,contagion_distance,critical_limit,amp_susc,amp_rec,amp_inf,response
0.005477230298176261,0.050019243846576425,100,100,118,5,0.05,5.5617560699404045,14.671052309195495,12.545036513155807,0.06324971001898456
