initial_infected_perc,initial_immune_perc,length,height,population_size,contagion_distance,critical_limit,amp_susc,amp_rec,amp_inf,response
0.0052301044311996005,0.02666536486627318,100,100,118,5,0.05,17.22793717433542,9.947416053319566,16.935441212274398,0.04904967184393694
