initial_infected_perc,initial_immune_perc,length,height,population_size,contagion_distance,critical_limit,amp_susc,amp_rec,amp_inf,response
0.07367885826952128,0.030566336821468643,100,100,118,5,0.05,14.932229986393299,5.846346818670378,8.466084645129566,0.0708911887532308
