initial_infected_perc,initial_immune_perc,length,height,population_size,contagion_distance,critical_limit,amp_susc,amp_rec,amp_inf,response
0.06516527064207352,0.013205162803301342,100,100,118,5,0.05,8.089337651742795,18.130673888256585,12.610086667456443,0.015296379543456216
