initial_infected_perc,initial_immune_perc,length,height,population_size,contagion_distance,critical_limit,amp_susc,amp_rec,amp_inf,response
0.0739948029866072,0.04686142831474169,100,100,118,5,0.05,1.0216168754754484,8.309516044215401,6.306267034117803,0.1541993299451639
