initial_infected_perc,initial_immune_perc,length,height,population_size,contagion_distance,critical_limit,amp_susc,amp_rec,amp_inf,response
0.047323539465643244,0.049938848803680706,100,100,118,5,0.05,14.272330846384936,17.67287301504117,2.331925398502823,0.16698651039075912
