initial_infected_perc,initial_immune_perc,length,height,population_size,contagion_distance,critical_limit,amp_susc,amp_rec,amp_inf,response
0.06304093506629975,0.009290456950450122,100,100,118,5,0.05,5.197227450153079,3.079932082186869,3.9735224799763014,0.16455795566576378
