initial_infected_perc,initial_immune_perc,length,height,population_size,contagion_distance,critical_limit,amp_susc,amp_rec,amp_inf,response
0.062014509346812886,0.014168871858454236,100,100,118,5,0.05,15.465294103295113,5.003348031056243,17.420522533682142,0.06981465190563847
