initial_infected_perc,initial_immune_perc,length,height,population_size,contagion_distance,critical_limit,amp_susc,amp_rec,amp_inf,response
0.08007244612077852,0.05148797195747528,100,100,118,5,0.05,2.5495874341041813,7.952730048667284,8.669715649356283,0.06524653609868093
