initial_infected_perc,initial_immune_perc,length,height,population_size,contagion_distance,critical_limit,amp_susc,amp_rec,amp_inf,response
0.007389587262769915,0.09995502374676143,100,100,118,5,0.05,3.1128755568001076,8.711595483412303,2.7858346754976093,0.026575070383045428
