initial_infected_perc,initial_immune_perc,length,height,population_size,contagion_distance,critical_limit,amp_susc,amp_rec,amp_inf,response
0.015341075829234607,0.09786809299776719,100,100,118,5,0.05,12.85470636233465,18.389269613336847,13.483632556632923,0.2028377730643525
