initial_infected_perc,initial_immune_perc,length,height,population_size,contagion_distance,critical_limit,amp_susc,amp_rec,amp_inf,response
0.053120880754301464,0.03610236864970225,100,100,118,5,0.05,3.247968926812128,15.0727379041287,4.798854922348028,0.21540607568850886
