initial_infected_perc,initial_immune_perc,length,height,population_size,contagion_distance,critical_limit,amp_susc,amp_rec,amp_inf,response
0.058044720814850514,0.08601448432840494,100,100,118,5,0.05,15.267607528884067,16.910062340458573,11.785167924112796,0.08918688897989774
