initial_infected_perc,initial_immune_perc,length,height,population_size,contagion_distance,critical_limit,amp_susc,amp_rec,amp_inf,response
0.07289861287873617,0.07289356924163201,100,100,118,5,0.05,6.908265880486459,4.960569223857469,1.8272889082743426,0.1247836694153588
