initial_infected_perc,initial_immune_perc,length,height,population_size,contagion_distance,critical_limit,amp_susc,amp_rec,amp_inf,response
0.09907733858531977,0.019860753309385262,100,100,118,5,0.05,14.472339143113864,6.369573744982673,1.4934741991209943,0.2332849797016139
