initial_infected_perc,initial_immune_perc,length,height,population_size,contagion_distance,critical_limit,amp_susc,amp_rec,amp_inf,response
0.02019839309534235,0.07837055142869885,100,100,118,5,0.05,10.604048549570141,14.070362075572113,9.38279704110758,0.2588666459937314
