initial_infected_perc,initial_immune_perc,length,height,population_size,contagion_distance,critical_limit,amp_susc,amp_rec,amp_inf,response
0.0021802398592574157,0.023725367429558577,100,100,118,5,0.05,17.07211652482306,14.362402056399086,9.926944317665198,0.20007182742722782
