initial_infected_perc,initial_immune_perc,length,height,population_size,contagion_distance,critical_limit,amp_susc,amp_rec,amp_inf,response
0.0814409992744708,0.08044082466044941,100,100,118,5,0.05,19.43815083063179,14.358692787534267,6.87671589651109,0.2956922126683418
