initial_infected_perc,initial_immune_perc,length,height,population_size,contagion_distance,critical_limit,amp_susc,amp_rec,amp_inf,response
0.06952225217920609,0.02553596415704278,100,100,118,5,0.05,15.968011721597033,6.140623635125369,3.5040437664588486,0.038005154416828064
