initial_infected_perc,initial_immune_perc,length,height,population_size,contagion_distance,critical_limit,amp_susc,amp_rec,amp_inf,response
0.07819425906749006,0.03047602390696106,100,100,118,5,0.05,17.476902737794642,15.785014549004666,2.853674575105676,0.23136931955182355
