initial_infected_perc,initial_immune_perc,length,height,population_size,contagion_distance,critical_limit,amp_susc,amp_rec,amp_inf,response
0.022385487317978726,0.08757868691150938,100,100,118,5,0.05,12.00420368695465,16.60471744090625,17.62477390310226,0.18514987073047057
