initial_infected_perc,initial_immune_perc,length,height,population_size,contagion_distance,critical_limit,amp_susc,amp_rec,amp_inf,response
0.022554070851230814,0.07308700897191668,100,100,118,5,0.05,5.797330565319479,10.291513975245435,14.346029770439525,0.024895595245642298
