initial_infected_perc,initial_immune_perc,length,height,population_size,contagion_distance,critical_limit,amp_susc,amp_rec,amp_inf,response
0.019567112748808804,0.09562571431072628,100,100,118,5,0.05,13.82037245992598,5.546468841619781,2.08924332811669,0.19496441913694665
