initial_infected_perc,initial_immune_perc,length,height,population_size,contagion_distance,critical_limit,amp_susc,amp_rec,amp_inf,response
0.08311516442635727,0.08623280831789837,100,100,118,5,0.05,7.566466494256094,15.333937803137562,13.256377278543425,0.26706154191839754
