initial_infected_perc,initial_immune_perc,length,height,population_size,contagion_distance,critical_limit,amp_susc,amp_rec,amp_inf,response
0.04360481993133826,0.03295999096911274,100,100,118,5,0.05,8.719439439012627,8.706015308759303,9.816611124826773,0.18751992588726857
