initial_infected_perc,initial_immune_perc,length,height,population_size,contagion_distance,critical_limit,amp_susc,amp_rec,amp_inf,response
0.09947365012174952,0.03816141447692554,100,100,118,5,0.05,16.891883527377022,7.256395683562351,9.064290498478542,0.04554235926437824
