initial_infected_perc,initial_immune_perc,length,height,population_size,contagion_distance,critical_limit,amp_susc,amp_rec,amp_inf,response
0.06453812683521043,0.011223887148489087,100,100,118,5,0.05,0.03269297841905994,4.361944454785318,14.050860221231982,0.048289958077243074
