initial_infected_perc,initial_immune_perc,length,height,population_size,contagion_distance,critical_limit,amp_susc,amp_rec,amp_inf,response
0.027051638907569876,0.016931740568433763,100,100,118,5,0.05,10.949271544048624,11.818649530855508,7.847199974304749,0.24182102147295198
