initial_infected_perc,initial_immune_perc,length,height,population_size,contagion_distance,critical_limit,amp_susc,amp_rec,amp_inf,response
0.035496342811918345,0.006027839227438847,100,100,118,5,0.05,13.428593655510346,0.9356605345312152,6.923572472048538,0.21427233688175604
