initial_infected_perc,initial_immune_perc,length,height,population_size,contagion_distance,critical_limit,amp_susc,amp_rec,amp_inf,response
0.06020667017979643,0.07544372748365874,100,100,118,5,0.05,4.831330991808316,7.079620739113319,2.387201016020837,0.12166104199347495
