initial_infected_perc,initial_immune_perc,length,height,population_size,contagion_distance,critical_limit,amp_susc,amp_rec,amp_inf,response
0.042888120077735084,0.01955145747907723,100,100,118,5,0.05,14.04100843141045,5.987729381636939,15.59671239786292,0.29357341502155915
