initial_infected_perc,initial_immune_perc,length,height,population_size,contagion_distance,critical_limit,amp_susc,amp_rec,amp_inf,response
0.07691274916795769,0.018343254104356634,100,100,118,5,0.05,5.4152469779497086,8.786735603740006,15.879105527849644,0.2581775969455768
