initial_infected_perc,initial_immune_perc,length,height,population_size,contagion_distance,critical_limit,amp_susc,amp_rec,amp_inf,response
0.019757363693017796,0.054501067206803214,100,100,118,5,0.05,17.04366993782345,10.124217729516115,1.538169992056715,0.07671553352138857
