initial_infected_perc,initial_immune_perc,length,height,population_size,contagion_distance,critical_limit,amp_susc,amp_rec,amp_inf,response
0.01753779598741584,0.06103636306705349,100,100,118,5,0.05,4.8363569773681085,1.2060506897112089,8.79779812085296,0.035299203694795
