initial_infected_perc,initial_immune_perc,length,height,population_size,contagion_distance,critical_limit,amp_susc,amp_rec,amp_inf,response
0.034340337220577326,0.05967202582803399,100,100,118,5,0.05,16.52664665105259,9.13490363725959,4.008890952105116,0.2604568386327812
