initial_infected_perc,initial_immune_perc,length,height,population_size,contagion_distance,critical_limit,amp_susc,amp_rec,amp_inf,response
0.020350756503841008,0.09064863155698691,100,100,118,5,0.05,9.863598697426246,19.35268355280396,5.297637245414856,0.030570850054599107
