initial_infected_perc,initial_immune_perc,length,height,population_size,contagion_distance,critical_limit,amp_susc,amp_rec,amp_inf,response
0.08304347461156715,0.07633629050118498,100,100,118,5,0.05,18.966963961390334,3.475947731980622,8.124704307192879,0.25013914290624206
