initial_infected_perc,initial_immune_perc,length,height,population_size,contagion_distance,critical_limit,amp_susc,amp_rec,amp_inf,response
0.09647729476997924,0.061884700327486455,100,100,118,5,0.05,8.268119140764632,1.1120679133190214,6.241671315451307,0.28273760434947875
