initial_infected_perc,initial_immune_perc,length,height,population_size,contagion_distance,critical_limit,amp_susc,amp_rec,amp_inf,response
0.08833091334610835,0.015648192672072382,100,100,118,5,0.05,0.4658652384352724,2.2463908566290947,12.992385955447762,0.04334067463969743
