initial_infected_perc,initial_immune_perc,length,height,population_size,contagion_distance,critical_limit,amp_susc,amp_rec,amp_inf,response
0.034482537064734524,0.08135309973247407,100,100,118,5,0.05,12.491585583404635,11.08944303026244,2.7150739310168825,0.2778639380011361
