initial_infected_perc,initial_immune_perc,length,height,population_size,contagion_distance,critical_limit,amp_susc,amp_rec,amp_inf,response
0.08078865176480032,0.007456620538019543,100,100,118,5,0.05,19.98699868702468,6.297104101864031,10.908751828997573,0.03646314201900449
