initial_infected_perc,initial_immune_perc,length,height,population_size,contagion_distance,critical_limit,amp_susc,amp_rec,amp_inf,response
0.054105284036842984,0.07886242047939411,100,100,118,5,0.05,13.138304693698569,3.160278448819449,12.049675918507411,0.1350203976420998
