initial_infected_perc,initial_immune_perc,length,height,population_size,contagion_distance,critical_limit,amp_susc,amp_rec,amp_inf,response
0.022415005330182848,0.05278046558884696,100,100,118,5,0.05,8.36538208798732,1.3666356057668017,13.300861661458862,0.04503257744072512
