initial_infected_perc,initial_immune_perc,length,height,population_size,contagion_distance,critical_limit,amp_susc,amp_rec,amp_inf,response
0.03670252585946319,0.02779533578809018,100,100,118,5,0.05,4.953306579463925,16.023849506253633,16.710660504204867,0.13698219519380422
