initial_infected_perc,initial_immune_perc,length,height,population_size,contagion_distance,critical_limit,amp_susc,amp_rec,amp_inf,response
0.08199804475039729,0.08087245346850835,100,100,118,5,0.05,9.90101749605869,2.3796566001161423,16.364314326590407,0.17332947786456518
