initial_infected_perc,initial_immune_perc,length,height,population_size,contagion_distance,critical_limit,amp_susc,amp_rec,amp_inf,response
0.015935671950101007,0.05165459037017383,100,100,118,5,0.05,5.383677714501949,1.2814442605815435,18.2556167235208,0.013875814239265849
