initial_infected_perc,initial_immune_perc,length,height,population_size,contagion_distance,critical_limit,amp_susc,amp_rec,amp_inf,response
0.05579570306764338,0.00012307381612487457,100,100,118,5,0.05,19.989524598958223,11.947948432115767,19.74950256001234,0.14911521236729325
