initial_infected_perc,initial_immune_perc,length,height,population_size,contagion_distance,critical_limit,amp_susc,amp_rec,amp_inf,response
0.09041144163051287,0.04414386443820273,100,100,118,5,0.05,6.081944211845491,3.586245626304172,15.036963063384245,0.03369294144101421
