initial_infected_perc,initial_immune_perc,length,height,population_size,contagion_distance,critical_limit,amp_susc,amp_rec,amp_inf,response
0.04538284479574484,0.0117280911142864,100,100,118,5,0.05,14.351463235924246,16.013158179612393,17.3285169310013,0.11654263684910401
