initial_infected_perc,initial_immune_perc,length,height,population_size,contagion_distance,critical_limit,amp_susc,amp_rec,amp_inf,response
0.08348951818310812,0.02182583979075682,100,100,118,5,0.05,13.388886210993281,9.970443768391029,13.306520669727131,0.061589106159319736
