initial_infected_perc,initial_immune_perc,length,height,population_size,contagion_distance,critical_limit,amp_susc,amp_rec,amp_inf,response
0.04252047073351171,0.09051530246927418,100,100,118,5,0.05,15.446122124630703,1.6134418447847931,9.375214029538242,0.12553099705297496
