initial_infected_perc,initial_immune_perc,length,height,population_size,contagion_distance,critical_limit,amp_susc,amp_rec,amp_inf,response
0.07819986534694788,0.09989767674486094,100,100,118,5,0.05,0.6427217107649597,7.742816567205335,13.121606951789431,0.07448892788540819
