initial_infected_perc,initial_immune_perc,length,height,population_size,contagion_distance,critical_limit,amp_susc,amp_rec,amp_inf,response
0.06200029186859862,0.09177974984066367,100,100,118,5,0.05,1.3344288663555681,17.496475992545605,14.178737761375043,0.12394721686105846
