initial_infected_perc,initial_immune_perc,length,height,population_size,contagion_distance,critical_limit,amp_susc,amp_rec,amp_inf,response
0.046982618488767995,0.000264747344400007,100,100,118,5,0.05,9.23343654075209,19.653037807901676,2.9690246339773907,0.15399320589241752
