initial_infected_perc,initial_immune_perc,length,height,population_size,contagion_distance,critical_limit,amp_susc,amp_rec,amp_inf,response
0.09836286319494024,0.09406680234393879,100,100,118,5,0.05,2.8071531055894705,15.639236080612129,1.3023004075922717,0.04163300098813527
