initial_infected_perc,initial_immune_perc,length,height,population_size,contagion_distance,critical_limit,amp_susc,amp_rec,amp_inf,response
0.034799190850554045,0.03155976728305121,100,100,118,5,0.05,1.4201909624426468,8.185349003938398,15.05059822654907,0.2868288657010893
