initial_infected_perc,initial_immune_perc,length,height,population_size,contagion_distance,critical_limit,amp_susc,amp_rec,amp_inf,response
0.01779301425997203,0.08989866864099864,100,100,118,5,0.05,3.472141662720485,14.923394082493488,15.093253771106234,0.18472004198759906
