initial_infected_perc,initial_immune_perc,length,height,population_size,contagion_distance,critical_limit,amp_susc,amp_rec,amp_inf,response
0.029747791058411466,0.07330240190336762,100,100,118,5,0.05,8.856552230329328,12.482214629822368,11.046825977700141,0.27190323028723534
