initial_infected_perc,initial_immune_perc,length,height,population_size,contagion_distance,critical_limit,amp_susc,amp_rec,amp_inf,response
0.03804876246757499,0.08901933970835245,100,100,118,5,0.05,18.72303128369744,12.507752967892253,2.5511512994716545,0.10742109298909255
