initial_infected_perc,initial_immune_perc,length,height,population_size,contagion_distance,critical_limit,amp_susc,amp_rec,amp_inf,response
0.07811344544225145,0.061894366848270814,100,100,118,5,0.05,18.528890587775642,11.8788556006764,6.702790478746823,0.14543440294791085
