initial_infected_perc,initial_immune_perc,length,height,population_size,contagion_distance,critical_limit,amp_susc,amp_rec,amp_inf,response
0.0680371195915914,0.0537946147467801,100,100,118,5,0.05,6.335367991688434,11.430257136643396,2.02034248693014,0.2608792951305277
