initial_infected_perc,initial_immune_perc,length,height,population_size,contagion_distance,critical_limit,amp_susc,amp_rec,amp_inf,response
0.09447556574951302,0.005802101673824079,100,100,118,5,0.05,10.336823791211437,3.0222628434762333,4.39553163724788,0.09405385348727381
