initial_infected_perc,initial_immune_perc,length,height,population_size,contagion_distance,critical_limit,amp_susc,amp_rec,amp_inf,response
0.07329236395754911,0.08579064385990165,100,100,118,5,0.05,14.138318090698581,15.95331967470084,0.4193468125307187,0.0737458315637023
