initial_infected_perc,initial_immune_perc,length,height,population_size,contagion_distance,critical_limit,amp_susc,amp_rec,amp_inf,response
0.08593517290539948,0.03696365043874722,100,100,118,5,0.05,7.049948778366167,16.88131354826647,12.922739920669972,0.240394757542451
