initial_infected_perc,initial_immune_perc,length,height,population_size,contagion_distance,critical_limit,amp_susc,amp_rec,amp_inf,response
0.012813862977035073,0.061904631618389716,100,100,118,5,0.05,5.446407695916784,18.292583292908194,9.625587239249935,0.02911777851189109
