initial_infected_perc,initial_immune_perc,length,height,population_size,contagion_distance,critical_limit,amp_susc,amp_rec,amp_inf,response
0.0639864590797835,0.044178170066472594,100,100,118,5,0.05,12.446955843092084,4.760920298524363,0.16327265744681796,0.09298771645132886
