initial_infected_perc,initial_immune_perc,length,height,population_size,contagion_distance,critical_limit,amp_susc,amp_rec,amp_inf,response
0.06301976123150281,0.020696987603586237,100,100,118,5,0.05,18.77810304895532,5.423995668974406,6.585463500910871,0.03213018604284416
