initial_infected_perc,initial_immune_perc,length,height,population_size,contagion_distance,critical_limit,amp_susc,amp_rec,amp_inf,response
0.006886953935469864,0.06269539711994608,100,100,118,5,0.05,3.5570558084838244,12.695164394238532,16.633461353648674,0.21701308320188792
