initial_infected_perc,initial_immune_perc,length,height,population_size,contagion_distance,critical_limit,amp_susc,amp_rec,amp_inf,response
0.08065143032997096,0.016235185174632794,100,100,118,5,0.05,6.41112108476441,3.032066502720756,14.713867861369973,0.16333014890406297
