initial_infected_perc,initial_immune_perc,length,height,population_size,contagion_distance,critical_limit,amp_susc,amp_rec,amp_inf,response
0.05227353975006858,0.03463849341239045,100,100,118,5,0.05,3.839961580354281,11.627411324301168,14.309057398294005,0.22222116324033486
