initial_infected_perc,initial_immune_perc,length,height,population_size,contagion_distance,critical_limit,amp_susc,amp_rec,amp_inf,response
0.008925094608618922,0.0342374130544457,100,100,118,5,0.05,14.107435935629042,17.690076251195133,2.9834518396035037,0.25879074722711287
