initial_infected_perc,initial_immune_perc,length,height,population_size,contagion_distance,critical_limit,amp_susc,amp_rec,amp_inf,response
0.032841733049844016,0.04240498710455003,100,100,118,5,0.05,7.1318142412149665,5.990470761324838,3.4607893657708533,0.09606201366973277
