initial_infected_perc,initial_immune_perc,length,height,population_size,contagion_distance,critical_limit,amp_susc,amp_rec,amp_inf,response
0.00019395347316167877,0.09298202691735824,100,100,118,5,0.05,7.050182305936994,13.333314966872738,16.11401564253306,0.09628054759005639
