initial_infected_perc,initial_immune_perc,length,height,population_size,contagion_distance,critical_limit,amp_susc,amp_rec,amp_inf,response
0.03410691187773516,0.035398097606936366,100,100,118,5,0.05,11.669776040078737,10.19129071177848,17.553056829083648,0.23272096149826815
