initial_infected_perc,initial_immune_perc,length,height,population_size,contagion_distance,critical_limit,amp_susc,amp_rec,amp_inf,response
0.08498538921705817,0.08859758557922276,100,100,118,5,0.05,17.975319480636948,0.1312818395695836,1.149638240301103,0.22820903892433972
