initial_infected_perc,initial_immune_perc,length,height,population_size,contagion_distance,critical_limit,amp_susc,amp_rec,amp_inf,response
0.09221125707631693,0.0064330905540388676,100,100,118,5,0.05,5.974035013708672,7.022502253162228,17.071628882307387,0.29236072779619177
