initial_infected_perc,initial_immune_perc,length,height,population_size,contagion_distance,critical_limit,amp_susc,amp_rec,amp_inf,response
0.07433506606114275,0.06379369537769577,100,100,118,5,0.05,18.3051037154656,14.134835749036426,12.124738929691816,0.082759662106083
