initial_infected_perc,initial_immune_perc,length,height,population_size,contagion_distance,critical_limit,amp_susc,amp_rec,amp_inf,response
0.016463359865720662,0.0032974562104716057,100,100,118,5,0.05,2.721944872577482,2.679790597965186,11.693242280727386,0.1320636661557763
