initial_infected_perc,initial_immune_perc,length,height,population_size,contagion_distance,critical_limit,amp_susc,amp_rec,amp_inf,response
0.09418710882488254,0.09973687620051165,100,100,118,5,0.05,13.245924013920437,16.30776777144706,17.806916850415412,0.012935233062605689
