initial_infected_perc,initial_immune_perc,length,height,population_size,contagion_distance,critical_limit,amp_susc,amp_rec,amp_inf,response
0.013103694211435325,0.013506963057739874,100,100,118,5,0.05,1.296553487101173,4.812602049041505,18.32807349098866,0.12035667341250203
