initial_infected_perc,initial_immune_perc,length,height,population_size,contagion_distance,critical_limit,amp_susc,amp_rec,amp_inf,response
0.02984130800910183,0.011461603074502315,100,100,118,5,0.05,17.525901904250386,12.691318027739642,17.870595925283425,0.24006629663470164
