initial_infected_perc,initial_immune_perc,length,height,population_size,contagion_distance,critical_limit,amp_susc,amp_rec,amp_inf,response
0.035509369116231725,0.0665943381328945,100,100,118,5,0.05,0.7573382695081365,18.793336015660216,6.287842325130719,0.17558938450052358
