initial_infected_perc,initial_immune_perc,length,height,population_size,contagion_distance,critical_limit,amp_susc,amp_rec,amp_inf,response
0.027133557378925366,0.04811031961324567,100,100,118,5,0.05,8.36048675766879,3.2506152361994056,15.910231822692893,0.027210274771639443
