initial_infected_perc,initial_immune_perc,length,height,population_size,contagion_distance,critical_limit,amp_susc,amp_rec,amp_inf,response
0.01551869357004292,0.09402661608309727,100,100,118,5,0.05,18.144508444123947,6.824422129880563,3.002341613187387,0.2506471321612852
