initial_infected_perc,initial_immune_perc,length,height,population_size,contagion_distance,critical_limit,amp_susc,amp_rec,amp_inf,response
0.015649601784448932,0.09318569249560449,100,100,118,5,0.05,18.68424873762529,19.282569797600384,6.682305684450618,0.11045060185091693
