initial_infected_perc,initial_immune_perc,length,height,population_size,contagion_distance,critical_limit,amp_susc,amp_rec,amp_inf,response
0.00801254350008307,0.07876857645212017,100,100,118,5,0.05,9.904836590120823,18.065778244407976,8.051933445652939,0.13443395343096173
