initial_infected_perc,initial_immune_perc,length,height,population_size,contagion_distance,critical_limit,amp_susc,amp_rec,amp_inf,response
0.03714355507011532,0.09985791315726351,100,100,118,5,0.05,16.17032720971303,0.12975847195034973,6.307685132329652,0.24061079049167117
