initial_infected_perc,initial_immune_perc,length,height,population_size,contagion_distance,critical_limit,amp_susc,amp_rec,amp_inf,response
0.07348604038704916,0.020825822699532592,100,100,118,5,0.05,8.023224221946384,18.65913474036238,1.7551356871510215,0.11317906899395866
