initial_infected_perc,initial_immune_perc,length,height,population_size,contagion_distance,critical_limit,amp_susc,amp_rec,amp_inf,response
0.007993272438476851,0.01344128632713587,100,100,118,5,0.05,3.79544542562523,2.534642597439971,1.6094452932605186,0.14155681870537998
