initial_infected_perc,initial_immune_perc,length,height,population_size,contagion_distance,critical_limit,amp_susc,amp_rec,amp_inf,response
0.047441053731960094,0.030207031095852432,100,100,118,5,0.05,11.80462402368698,12.964418387291401,11.93487257939865,0.05968620743919558
