initial_infected_perc,initial_immune_perc,length,height,population_size,contagion_distance,critical_limit,amp_susc,amp_rec,amp_inf,response
0.09553928027375225,0.0842650460900684,100,100,118,5,0.05,1.0870778267293857,3.973661727325466,7.129752775651741,0.12051937071843716
