initial_infected_perc,initial_immune_perc,length,height,population_size,contagion_distance,critical_limit,amp_susc,amp_rec,amp_inf,response
0.0669313425293579,0.03943805534309215,100,100,118,5,0.05,4.682802234659018,14.817296845186112,7.367021263832656,0.21240457223937223
