initial_infected_perc,initial_immune_perc,length,height,population_size,contagion_distance,critical_limit,amp_susc,amp_rec,amp_inf,response
0.06573643319536307,0.0780247267275844,100,100,118,5,0.05,6.257327232182329,15.134129479596332,5.023712286934066,0.004289662447549236
