initial_infected_perc,initial_immune_perc,length,height,population_size,contagion_distance,critical_limit,amp_susc,amp_rec,amp_inf,response
0.023373978458923708,0.07421516251121586,100,100,118,5,0.05,8.580628729937473,9.341953612687233,19.28785999001645,0.0821407897540418
