initial_infected_perc,initial_immune_perc,length,height,population_size,contagion_distance,critical_limit,amp_susc,amp_rec,amp_inf,response
0.008089037761709184,0.07478649955144488,100,100,118,5,0.05,7.100274075168887,7.335983358475451,0.06846238713574371,0.28504420771002476
