initial_infected_perc,initial_immune_perc,length,height,population_size,contagion_distance,critical_limit,amp_susc,amp_rec,amp_inf,response
0.0431440413571255,0.03045135615374215,100,100,118,5,0.05,15.629773053789135,10.96209710946387,4.837439895120761,0.23886949400902968
