initial_infected_perc,initial_immune_perc,length,height,population_size,contagion_distance,critical_limit,amp_susc,amp_rec,amp_inf,response
0.04646939481497558,0.006870693667255567,100,100,118,5,0.05,6.94324107875034,9.547529200224785,10.01068001924665,0.24515524057801139
