initial_infected_perc,initial_immune_perc,length,height,population_size,contagion_distance,critical_limit,amp_susc,amp_rec,amp_inf,response
0.08756229418024147,0.012500037829526578,100,100,118,5,0.05,0.13504798423311648,13.887868275658494,5.414449540837333,0.22584544938723308
