initial_infected_perc,initial_immune_perc,length,height,population_size,contagion_distance,critical_limit,amp_susc,amp_rec,amp_inf,response
0.08236542220239003,0.042885943652498926,100,100,118,5,0.05,2.3413825293806267,6.867240187154911,13.724655948454352,0.23571911804262208
