initial_infected_perc,initial_immune_perc,length,height,population_size,contagion_distance,critical_limit,amp_susc,amp_rec,amp_inf,response
0.08963334141352011,0.011770741144973874,100,100,118,5,0.05,15.804947905727861,5.906875790792798,18.891529069102756,0.2440735536262512
