initial_infected_perc,initial_immune_perc,length,height,population_size,contagion_distance,critical_limit,amp_susc,amp_rec,amp_inf,response
0.09381725200093471,0.0980815536320844,100,100,118,5,0.05,4.1264998473378895,8.267348041477467,0.22598122753405558,0.08277626866555182
