initial_infected_perc,initial_immune_perc,length,height,population_size,contagion_distance,critical_limit,amp_susc,amp_rec,amp_inf,response
0.043279462868043996,0.04592964146529857,100,100,118,5,0.05,5.385196911413845,2.895895382527982,14.305431414458749,0.10909167759905308
