initial_infected_perc,initial_immune_perc,length,height,population_size,contagion_distance,critical_limit,amp_susc,amp_rec,amp_inf,response
0.08176376837027456,0.07515488977188195,100,100,118,5,0.05,19.239974261287237,9.843755948843357,16.714077600067906,0.2609958193692967
