initial_infected_perc,initial_immune_perc,length,height,population_size,contagion_distance,critical_limit,amp_susc,amp_rec,amp_inf,response
0.020425415876905176,0.06977018814284855,100,100,118,5,0.05,8.502876700825011,3.8825354942475254,8.135462739423772,0.017878430251069853
