initial_infected_perc,initial_immune_perc,length,height,population_size,contagion_distance,critical_limit,amp_susc,amp_rec,amp_inf,response
0.06740474310398586,0.03254808874336934,100,100,118,5,0.05,7.2738249172551495,12.573722767111246,14.149155207850963,0.23380253388381017
