initial_infected_perc,initial_immune_perc,length,height,population_size,contagion_distance,critical_limit,amp_susc,amp_rec,amp_inf,response
0.021291884402108798,0.0017749185817317326,100,100,118,5,0.05,8.406031154431023,7.273643670361569,4.0094757502518235,0.02098475153356143
