initial_infected_perc,initial_immune_perc,length,height,population_size,contagion_distance,critical_limit,amp_susc,amp_rec,amp_inf,response
0.07260403581610819,0.008793959252627282,100,100,118,5,0.05,17.659582099724837,14.386723230168633,9.908514564223474,0.1592175014854292
