initial_infected_perc,initial_immune_perc,length,height,population_size,contagion_distance,critical_limit,amp_susc,amp_rec,amp_inf,response
0.02279602545097903,0.020298729496205217,100,100,118,5,0.05,16.746649585221306,0.5404835339389824,0.9943145493584993,0.12159953058929862
