initial_infected_perc,initial_immune_perc,length,height,population_size,contagion_distance,critical_limit,amp_susc,amp_rec,amp_inf,response
0.05040891289076454,0.0017316277012715986,100,100,118,5,0.05,5.385498138285243,1.3190719359254732,10.804976479308072,0.0325429788384816
