initial_infected_perc,initial_immune_perc,length,height,population_size,contagion_distance,critical_limit,amp_susc,amp_rec,amp_inf,response
0.04138827429909564,0.07706286762214572,100,100,118,5,0.05,15.911842435272535,1.6121447945835898,4.919027530744442,0.1742599490278194
