initial_infected_perc,initial_immune_perc,length,height,population_size,contagion_distance,critical_limit,amp_susc,amp_rec,amp_inf,response
0.005520465253241392,0.09792205773663472,100,100,118,5,0.05,6.033333069525895,13.466679767907577,0.49033416308596367,0.2844182314440612
