initial_infected_perc,initial_immune_perc,length,height,population_size,contagion_distance,critical_limit,amp_susc,amp_rec,amp_inf,response
0.03039055073651469,0.08862434379456778,100,100,118,5,0.05,17.6957867675284,3.3268162044520744,8.212812725048618,0.08798330307119735
