initial_infected_perc,initial_immune_perc,length,height,population_size,contagion_distance,critical_limit,amp_susc,amp_rec,amp_inf,response
0.015322084458550989,0.04325656268147429,100,100,118,5,0.05,19.20026540540169,18.318050806019794,16.17310666813118,0.23491223991607363
