initial_infected_perc,initial_immune_perc,length,height,population_size,contagion_distance,critical_limit,amp_susc,amp_rec,amp_inf,response
0.09874355301714328,0.0751277505143866,100,100,118,5,0.05,16.444390060360078,8.353456745869472,11.325588378229781,0.0080090381192086
