initial_infected_perc,initial_immune_perc,length,height,population_size,contagion_distance,critical_limit,amp_susc,amp_rec,amp_inf,response
0.024848420288285114,0.09215252484849813,100,100,118,5,0.05,10.37601221257381,11.918085346793996,18.44336187577564,0.07663314747246541
