initial_infected_perc,initial_immune_perc,length,height,population_size,contagion_distance,critical_limit,amp_susc,amp_rec,amp_inf,response
0.09692728224749474,0.06678863195921433,100,100,118,5,0.05,19.74684260460294,0.9842251748421571,10.654808614510031,0.1067733627281543
