initial_infected_perc,initial_immune_perc,length,height,population_size,contagion_distance,critical_limit,amp_susc,amp_rec,amp_inf,response
0.011626521375431065,0.021243503624513462,100,100,118,5,0.05,1.9702816707448112,12.869874194622252,12.079206006638223,0.23810592998727567
