initial_infected_perc,initial_immune_perc,length,height,population_size,contagion_distance,critical_limit,amp_susc,amp_rec,amp_inf,response
0.08403955337418706,0.01430780659835872,100,100,118,5,0.05,8.173296487133365,5.678304353709878,18.99471046522295,0.14003338724418724
