initial_infected_perc,initial_immune_perc,length,height,population_size,contagion_distance,critical_limit,amp_susc,amp_rec,amp_inf,response
0.04156405760009901,0.07254666858572272,100,100,118,5,0.05,17.56632304049749,11.8675444806658,3.8238262317370175,0.0791066866426432
