initial_infected_perc,initial_immune_perc,length,height,population_size,contagion_distance,critical_limit,amp_susc,amp_rec,amp_inf,response
0.03208197330253746,0.051079833212783754,100,100,118,5,0.05,1.7026045800846945,11.741882402698119,4.56664991975879,0.2952723208508145
