initial_infected_perc,initial_immune_perc,length,height,population_size,contagion_distance,critical_limit,amp_susc,amp_rec,amp_inf,response
0.07718961186486073,0.01352526058106589,100,100,118,5,0.05,18.52046379607718,10.059562851871473,14.796175820655858,0.10831651596207853
