initial_infected_perc,initial_immune_perc,length,height,population_size,contagion_distance,critical_limit,amp_susc,amp_rec,amp_inf,response
0.0831500206502272,0.05077836642569156,100,100,118,5,0.05,11.413267549948355,12.60555761932524,13.461557754622222,0.24028321467129504
