initial_infected_perc,initial_immune_perc,length,height,population_size,contagion_distance,critical_limit,amp_susc,amp_rec,amp_inf,response
0.07833763062279682,0.025509190007330842,100,100,118,5,0.05,12.60111178946808,2.343524725968482,14.948842730730638,0.18309533198272232
