initial_infected_perc,initial_immune_perc,length,height,population_size,contagion_distance,critical_limit,amp_susc,amp_rec,amp_inf,response
0.03493221119700649,0.08562419203468,100,100,118,5,0.05,6.469309726840939,19.730726036850356,16.934117893145114,0.27720609005939173
