initial_infected_perc,initial_immune_perc,length,height,population_size,contagion_distance,critical_limit,amp_susc,amp_rec,amp_inf,response
0.031626914759847004,0.03579955634888023,100,100,118,5,0.05,1.0473469479508934,16.856852568652613,8.250372617397614,0.20818792314750387
