initial_infected_perc,initial_immune_perc,length,height,population_size,contagion_distance,critical_limit,amp_susc,amp_rec,amp_inf,response
0.049195892258545704,0.03046613336759381,100,100,118,5,0.05,7.679286430343703,17.12727646884837,14.923910574571345,0.03786110782222618
