initial_infected_perc,initial_immune_perc,length,height,population_size,contagion_distance,critical_limit,amp_susc,amp_rec,amp_inf,response
0.04235200506951573,0.014220242873462153,100,100,118,5,0.05,10.773636476146804,4.312920335885857,8.591392511021418,0.012458748083926751
