initial_infected_perc,initial_immune_perc,length,height,population_size,contagion_distance,critical_limit,amp_susc,amp_rec,amp_inf,response
0.07772663492650898,0.001996596833520026,100,100,118,5,0.05,12.227441897161544,0.24051209047340816,8.492628586752835,0.2689011552556922
