initial_infected_perc,initial_immune_perc,length,height,population_size,contagion_distance,critical_limit,amp_susc,amp_rec,amp_inf,response
0.04775309684739627,0.03454817179060282,100,100,118,5,0.05,4.80819811943986,11.085066366186453,13.069631969630551,0.2166948717340754
