initial_infected_perc,initial_immune_perc,length,height,population_size,contagion_distance,critical_limit,amp_susc,amp_rec,amp_inf,response
0.06590929204354495,0.030822100191685943,100,100,118,5,0.05,17.769099806057728,15.379531684780714,16.014265653881946,0.06707324930570101
