initial_infected_perc,initial_immune_perc,length,height,population_size,contagion_distance,critical_limit,amp_susc,amp_rec,amp_inf,response
0.06391760522743865,0.0238610479461978,100,100,118,5,0.05,16.157316922122067,5.513288948244424,16.38346341229833,0.26502470243307136
