initial_infected_perc,initial_immune_perc,length,height,population_size,contagion_distance,critical_limit,amp_susc,amp_rec,amp_inf,response
0.03147813642082725,0.06511758274269853,100,100,118,5,0.05,11.934649114409677,15.834075035836424,1.8998880483122815,0.11402647913498248
