initial_infected_perc,initial_immune_perc,length,height,population_size,contagion_distance,critical_limit,amp_susc,amp_rec,amp_inf,response
0.029697783254157974,0.006883029335839797,100,100,118,5,0.05,3.757954753328221,14.176718000805435,18.909026661991106,0.26796459530543343
