initial_infected_perc,initial_immune_perc,length,height,population_size,contagion_distance,critical_limit,amp_susc,amp_rec,amp_inf,response
0.07568005237132855,0.02681640213229306,100,100,118,5,0.05,11.56280673216628,15.006806787522764,5.329748375921661,0.034702688140566415
