initial_infected_perc,initial_immune_perc,length,height,population_size,contagion_distance,critical_limit,amp_susc,amp_rec,amp_inf,response
0.06284918427336603,0.055514542703188424,100,100,118,5,0.05,14.381766684142846,14.037351965740612,10.921564014331675,0.28049828775006413
