initial_infected_perc,initial_immune_perc,length,height,population_size,contagion_distance,critical_limit,amp_susc,amp_rec,amp_inf,response
0.050369989710720244,0.09739218703604471,100,100,118,5,0.05,10.101343379993859,4.788563740969312,0.8720066465408682,0.022927024346166603
