initial_infected_perc,initial_immune_perc,length,height,population_size,contagion_distance,critical_limit,amp_susc,amp_rec,amp_inf,response
0.09096366554038815,0.038286898722126976,100,100,118,5,0.05,3.869945279598499,19.202037218847533,0.08589001082112802,0.06024612152154193
