initial_infected_perc,initial_immune_perc,length,height,population_size,contagion_distance,critical_limit,amp_susc,amp_rec,amp_inf,response
0.08460717532323711,0.036619938847395804,100,100,118,5,0.05,16.629871236783796,9.171884993704623,4.864605153324543,0.11707311890889481
