initial_infected_perc,initial_immune_perc,length,height,population_size,contagion_distance,critical_limit,amp_susc,amp_rec,amp_inf,response
0.07560416610199308,0.02226575481630364,100,100,118,5,0.05,16.070662321404857,15.984282683289447,18.634624211276844,0.03138151308368838
