initial_infected_perc,initial_immune_perc,length,height,population_size,contagion_distance,critical_limit,amp_susc,amp_rec,amp_inf,response
0.021376331654192816,0.006064996006850987,100,100,118,5,0.05,14.35087228285225,16.022008747265737,3.218248628117928,0.030047022933130062
