initial_infected_perc,initial_immune_perc,length,height,population_size,contagion_distance,critical_limit,amp_susc,amp_rec,amp_inf,response
0.03830295421686145,0.0871613105724239,100,100,118,5,0.05,14.991699894392383,10.690958193862414,8.871145259533188,0.2901595327588553
