initial_infected_perc,initial_immune_perc,length,height,population_size,contagion_distance,critical_limit,amp_susc,amp_rec,amp_inf,response
0.030660710577453357,0.06050025499678629,100,100,118,5,0.05,0.9908915114474204,3.0519426493102175,9.236396188145024,0.17246368958823022
