initial_infected_perc,initial_immune_perc,length,height,population_size,contagion_distance,critical_limit,amp_susc,amp_rec,amp_inf,response
0.07835618332401438,0.040665065609914425,100,100,118,5,0.05,0.71647031608715,11.54567748366421,15.153691012858804,0.03685068460254502
