initial_infected_perc,initial_immune_perc,length,height,population_size,contagion_distance,critical_limit,amp_susc,amp_rec,amp_inf,response
0.06686102825191508,0.06358858721516551,100,100,118,5,0.05,16.684077437799317,6.910200364955079,3.504323595717127,0.1093145717897405
