initial_infected_perc,initial_immune_perc,length,height,population_size,contagion_distance,critical_limit,amp_susc,amp_rec,amp_inf,response
0.08463301494022873,0.03204299959174818,100,100,118,5,0.05,4.808124575707966,17.01518679611929,15.333330589613592,0.1956844342634399
