initial_infected_perc,initial_immune_perc,length,height,population_size,contagion_distance,critical_limit,amp_susc,amp_rec,amp_inf,response
0.030429694689646382,0.009226522914688751,100,100,118,5,0.05,13.728017111180424,19.471383985589345,19.54952827213591,0.2750291843765977
