initial_infected_perc,initial_immune_perc,length,height,population_size,contagion_distance,critical_limit,amp_susc,amp_rec,amp_inf,response
0.011268973055226505,0.06736340576902312,100,100,118,5,0.05,4.723190064127434,6.674371712678415,17.80065891955117,0.07579306594352521
