initial_infected_perc,initial_immune_perc,length,height,population_size,contagion_distance,critical_limit,amp_susc,amp_rec,amp_inf,response
0.08089037467049583,0.009048231151029795,100,100,118,5,0.05,13.900796087742563,2.75055298471661,4.512400533404051,0.16746564562932717
