initial_infected_perc,initial_immune_perc,length,height,population_size,contagion_distance,critical_limit,amp_susc,amp_rec,amp_inf,response
0.0397780843816009,0.08172741689177088,100,100,118,5,0.05,2.4994848988397855,12.162451785499513,15.887576858516606,0.08356241234562388
