initial_infected_perc,initial_immune_perc,length,height,population_size,contagion_distance,critical_limit,amp_susc,amp_rec,amp_inf,response
0.0895103169028062,0.01951111449126851,100,100,118,5,0.05,14.533328880679605,9.186760052686964,9.155109154275534,0.28260927848547457
