initial_infected_perc,initial_immune_perc,length,height,population_size,contagion_distance,critical_limit,amp_susc,amp_rec,amp_inf,response
0.09971761573880039,0.08253055632678588,100,100,118,5,0.05,2.37233838743913,3.3423004563746272,8.824073293854148,0.2914552427655347
