initial_infected_perc,initial_immune_perc,length,height,population_size,contagion_distance,critical_limit,amp_susc,amp_rec,amp_inf,response
0.004614862983836632,0.004775856125461941,100,100,118,5,0.05,19.62924355412038,17.008621788262978,10.950227915207517,0.25674879128438993
