initial_infected_perc,initial_immune_perc,length,height,population_size,contagion_distance,critical_limit,amp_susc,amp_rec,amp_inf,response
0.0810415491372351,0.03720913109766225,100,100,118,5,0.05,14.08402611699966,7.576356044738272,9.109685025375207,0.2456630493019152
