initial_infected_perc,initial_immune_perc,length,height,population_size,contagion_distance,critical_limit,amp_susc,amp_rec,amp_inf,response
0.025297035371394085,0.07140058829851927,100,100,118,5,0.05,13.265104020910037,17.09315670514341,7.391421576397685,0.027233456899226405
