initial_infected_perc,initial_immune_perc,length,height,population_size,contagion_distance,critical_limit,amp_susc,amp_rec,amp_inf,response
0.06249584874518195,0.014384034931159174,100,100,118,5,0.05,13.883148985907459,8.90629766296857,6.580845673085836,0.020990705362365403
