initial_infected_perc,initial_immune_perc,length,height,population_size,contagion_distance,critical_limit,amp_susc,amp_rec,amp_inf,response
0.064964925095485,0.08268262752771458,100,100,118,5,0.05,16.420379183975115,14.494795004193055,16.417134565938966,0.24282693169932548
