initial_infected_perc,initial_immune_perc,length,height,population_size,contagion_distance,critical_limit,amp_susc,amp_rec,amp_inf,response
0.024931637695675316,0.0980034248351476,100,100,118,5,0.05,14.660887145046022,12.910414236459925,9.029883802292138,0.23276980105142023
