initial_infected_perc,initial_immune_perc,length,height,population_size,contagion_distance,critical_limit,amp_susc,amp_rec,amp_inf,response
0.04666758841767765,0.01766873830162138,100,100,118,5,0.05,19.136466891024742,3.8411679755523576,12.663985952065136,0.2499838805836564
