initial_infected_perc,initial_immune_perc,length,height,population_size,contagion_distance,critical_limit,amp_susc,amp_rec,amp_inf,response
0.054989894213697516,0.09937057327950088,100,100,118,5,0.05,1.5568113089929159,14.64525625408989,14.0809392462136,0.25358486439929195
