initial_infected_perc,initial_immune_perc,length,height,population_size,contagion_distance,critical_limit,amp_susc,amp_rec,amp_inf,response
0.07607908000658259,0.04563834792893904,100,100,118,5,0.05,19.3218412309485,7.681900666385106,10.042756273615492,0.2661109753950757
