initial_infected_perc,initial_immune_perc,length,height,population_size,contagion_distance,critical_limit,amp_susc,amp_rec,amp_inf,response
0.04886221316482278,0.08544475365032828,100,100,118,5,0.05,17.96380756790841,2.8770652022082,6.3549779482641755,0.03742336863028912
