initial_infected_perc,initial_immune_perc,length,height,population_size,contagion_distance,critical_limit,amp_susc,amp_rec,amp_inf,response
0.08812806628367052,0.03550001550062141,100,100,118,5,0.05,18.800760983534392,18.74845415874368,2.1007292450178516,0.10501856231451306
