initial_infected_perc,initial_immune_perc,length,height,population_size,contagion_distance,critical_limit,amp_susc,amp_rec,amp_inf,response
0.09568994462077801,0.06750294194026411,100,100,118,5,0.05,7.779982314340774,1.3379557917164675,3.655898716936754,0.1593132836517019
