initial_infected_perc,initial_immune_perc,length,height,population_size,contagion_distance,critical_limit,amp_susc,amp_rec,amp_inf,response
0.08213404588251322,0.09545480954739717,100,100,118,5,0.05,1.5440689795170393,11.01088520676144,2.3411932524495183,0.1748523173950876
