initial_infected_perc,initial_immune_perc,length,height,population_size,contagion_distance,critical_limit,amp_susc,amp_rec,amp_inf,response
0.049344572213556884,0.048505085047952014,100,100,118,5,0.05,19.29662095866341,5.903399681791461,2.024240484961426,0.22708203023245493
