initial_infected_perc,initial_immune_perc,length,height,population_size,contagion_distance,critical_limit,amp_susc,amp_rec,amp_inf,response
0.05940550716073145,0.08617612501009624,100,100,118,5,0.05,19.912999367785087,19.843123687410937,18.61446205666986,0.2582862664619774
