initial_infected_perc,initial_immune_perc,length,height,population_size,contagion_distance,critical_limit,amp_susc,amp_rec,amp_inf,response
0.01704329913638827,0.02600463239728447,100,100,118,5,0.05,17.30148843792645,3.9340352560602665,7.936260623251661,0.29467955442518906
