initial_infected_perc,initial_immune_perc,length,height,population_size,contagion_distance,critical_limit,amp_susc,amp_rec,amp_inf,response
0.09120146905558685,0.003489913738008577,100,100,118,5,0.05,16.37561132895219,2.4840458840113055,8.16077230326938,0.23333152890755432
