initial_infected_perc,initial_immune_perc,length,height,population_size,contagion_distance,critical_limit,amp_susc,amp_rec,amp_inf,response
0.04547596976949232,0.07154778669291166,100,100,118,5,0.05,13.989180194064573,10.387667849485245,3.9711246045515836,0.011940907328388971
