initial_infected_perc,initial_immune_perc,length,height,population_size,contagion_distance,critical_limit,amp_susc,amp_rec,amp_inf,response
0.04891740246653821,0.032946076109954495,100,100,118,5,0.05,17.760175113602227,5.290788416350669,7.864560411012295,0.2904345454001533
