initial_infected_perc,initial_immune_perc,length,height,population_size,contagion_distance,critical_limit,amp_susc,amp_rec,amp_inf,response
0.08420815376030481,0.0300054603572842,100,100,118,5,0.05,5.03256110013101,13.096381324431775,2.6428842984858436,0.1817407926030603
