initial_infected_perc,initial_immune_perc,length,height,population_size,contagion_distance,critical_limit,amp_susc,amp_rec,amp_inf,response
0.045679173761354636,0.011553221355932897,100,100,118,5,0.05,0.17914562299262693,19.856495831245695,16.511684029841476,0.13019355563443616
