initial_infected_perc,initial_immune_perc,length,height,population_size,contagion_distance,critical_limit,amp_susc,amp_rec,amp_inf,response
0.05955031025657853,0.00426558846382894,100,100,118,5,0.05,17.946203948775445,4.58781994524597,8.468469184488324,0.013668121981067094
