initial_infected_perc,initial_immune_perc,length,height,population_size,contagion_distance,critical_limit,amp_susc,amp_rec,amp_inf,response
0.0030831987174807177,0.07972162854103106,100,100,118,5,0.05,3.8051297988374944,13.393113739384766,10.245415455998689,0.19098296935381773
