initial_infected_perc,initial_immune_perc,length,height,population_size,contagion_distance,critical_limit,amp_susc,amp_rec,amp_inf,response
0.07724305034594252,0.01818477718507291,100,100,118,5,0.05,2.397448576874295,12.732906516374907,17.76605288996428,0.0962811778101126
