initial_infected_perc,initial_immune_perc,length,height,population_size,contagion_distance,critical_limit,amp_susc,amp_rec,amp_inf,response
0.034542968337421556,0.013140566267950583,100,100,118,5,0.05,11.160052621991586,7.450234025768818,4.62326545688573,0.05229993111346136
