initial_infected_perc,initial_immune_perc,length,height,population_size,contagion_distance,critical_limit,amp_susc,amp_rec,amp_inf,response
0.074992039401514,0.035424880767237335,100,100,118,5,0.05,3.9182514075754282,10.541610609950089,3.1482644578056895,0.1837248012312587
