initial_infected_perc,initial_immune_perc,length,height,population_size,contagion_distance,critical_limit,amp_susc,amp_rec,amp_inf,response
0.024635232081551398,0.09542916796786517,100,100,118,5,0.05,13.046581618553718,4.626986156967876,9.627417780334701,0.12220527202637942
