initial_infected_perc,initial_immune_perc,length,height,population_size,contagion_distance,critical_limit,amp_susc,amp_rec,amp_inf,response
0.059616479605464394,0.08728320841931363,100,100,118,5,0.05,17.83871324308836,16.196911407794076,11.096875526645269,0.10404894551369802
