initial_infected_perc,initial_immune_perc,length,height,population_size,contagion_distance,critical_limit,amp_susc,amp_rec,amp_inf,response
0.01223031005381562,0.005090942042363789,100,100,118,5,0.05,12.094556588538424,10.843944843400873,1.6414965288744066,0.192854817261806
