initial_infected_perc,initial_immune_perc,length,height,population_size,contagion_distance,critical_limit,amp_susc,amp_rec,amp_inf,response
0.03821727803128575,0.026794950807989295,100,100,118,5,0.05,14.400155973308081,1.4622417674583188,15.58208081797505,0.17160094123219669
