initial_infected_perc,initial_immune_perc,length,height,population_size,contagion_distance,critical_limit,amp_susc,amp_rec,amp_inf,response
0.08921111124313263,0.07485242485867853,100,100,118,5,0.05,9.503554182860249,13.789938458267413,1.529171876799218,0.21874417703970966
