initial_infected_perc,initial_immune_perc,length,height,population_size,contagion_distance,critical_limit,amp_susc,amp_rec,amp_inf,response
0.03808133038588457,0.09383621454273816,100,100,118,5,0.05,12.143497395969263,13.926374702443283,19.954567921097258,0.19665208546198068
