initial_infected_perc,initial_immune_perc,length,height,population_size,contagion_distance,critical_limit,amp_susc,amp_rec,amp_inf,response
0.08348859274071953,0.06858968912820407,100,100,118,5,0.05,10.322729007965314,3.2004797974974797,10.806143747293348,0.08417193968687181
