initial_infected_perc,initial_immune_perc,length,height,population_size,contagion_distance,critical_limit,amp_susc,amp_rec,amp_inf,response
0.06849300875056889,0.020377912235117913,100,100,118,5,0.05,1.2545666614947582,16.181311553300322,11.946312245098927,0.10426368415270332
