initial_infected_perc,initial_immune_perc,length,height,population_size,contagion_distance,critical_limit,amp_susc,amp_rec,amp_inf,response
0.031108903205618123,0.05381975628951668,100,100,118,5,0.05,19.690140538327327,10.25606872051046,9.712825117878666,0.019123113170628748
