initial_infected_perc,initial_immune_perc,length,height,population_size,contagion_distance,critical_limit,amp_susc,amp_rec,amp_inf,response
0.043591299242900575,0.045274330979985414,100,100,118,5,0.05,5.958963967004413,18.002225650307548,2.23833815794914,0.0049704174611699846
