initial_infected_perc,initial_immune_perc,length,height,population_size,contagion_distance,critical_limit,amp_susc,amp_rec,amp_inf,response
0.02912719693827164,0.02738119702753582,100,100,118,5,0.05,9.435364684801934,17.822182247759216,14.886586324826148,0.08592973992607333
