initial_infected_perc,initial_immune_perc,length,height,population_size,contagion_distance,critical_limit,amp_susc,amp_rec,amp_inf,response
0.09358627505046051,0.08350841227451007,100,100,118,5,0.05,12.530598290041432,11.548908606486547,6.550738845731634,0.20376795887725
