initial_infected_perc,initial_immune_perc,length,height,population_size,contagion_distance,critical_limit,amp_susc,amp_rec,amp_inf,response
0.018753090542945872,0.06478730425829995,100,100,118,5,0.05,19.456792265336112,0.9542683676865082,6.851802548912891,0.2774929294643972
