initial_infected_perc,initial_immune_perc,length,height,population_size,contagion_distance,critical_limit,amp_susc,amp_rec,amp_inf,response
0.08492745448634487,0.032471225567759755,100,100,118,5,0.05,14.32206891096712,11.76487006895064,15.23429147917775,0.24505948959918988
