initial_infected_perc,initial_immune_perc,length,height,population_size,contagion_distance,critical_limit,amp_susc,amp_rec,amp_inf,response
0.028696020710615444,0.07349815365171697,100,100,118,5,0.05,9.185904910363977,18.02266860968277,3.4714801233178116,0.24058230580603107
