initial_infected_perc,initial_immune_perc,length,height,population_size,contagion_distance,critical_limit,amp_susc,amp_rec,amp_inf,response
0.012762068965589358,0.035094114264063024,100,100,118,5,0.05,12.471848078891135,0.2471203935435673,19.472409421122308,0.11511988817458568
