initial_infected_perc,initial_immune_perc,length,height,population_size,contagion_distance,critical_limit,amp_susc,amp_rec,amp_inf,response
0.030526040470433127,0.06299207141840119,100,100,118,5,0.05,2.528356347686669,18.09033507902232,19.862430757919654,0.08974312161061873
