initial_infected_perc,initial_immune_perc,length,height,population_size,contagion_distance,critical_limit,amp_susc,amp_rec,amp_inf,response
0.09330145500133386,0.07923710807050394,100,100,118,5,0.05,0.4782910838730903,8.350385557705259,4.883887487522491,0.2225922067029243
