initial_infected_perc,initial_immune_perc,length,height,population_size,contagion_distance,critical_limit,amp_susc,amp_rec,amp_inf,response
0.011877976493977527,0.07160638935858621,100,100,118,5,0.05,4.874187061307602,6.850321515636799,9.125144024562324,0.2835121520591553
