initial_infected_perc,initial_immune_perc,length,height,population_size,contagion_distance,critical_limit,amp_susc,amp_rec,amp_inf,response
0.021317969764211797,0.08041185303852293,100,100,118,5,0.05,8.16441288401105,10.034176386054929,10.58655877232188,0.264298933222667
