initial_infected_perc,initial_immune_perc,length,height,population_size,contagion_distance,critical_limit,amp_susc,amp_rec,amp_inf,response
0.027722889758359792,0.02157676164895818,100,100,118,5,0.05,16.56908236912988,16.266791942270594,15.207290427894248,0.10197010314577208
