initial_infected_perc,initial_immune_perc,length,height,population_size,contagion_distance,critical_limit,amp_susc,amp_rec,amp_inf,response
0.044997448813682055,0.03433468284737267,100,100,118,5,0.05,1.5993323784446667,2.6960650022010135,3.825046097164433,0.1219648361457819
