initial_infected_perc,initial_immune_perc,length,height,population_size,contagion_distance,critical_limit,amp_susc,amp_rec,amp_inf,response
0.0005569838854193488,0.06806128813974695,100,100,118,5,0.05,6.762677622721163,14.695174282221137,9.307127142140937,0.2361232472687972
