initial_infected_perc,initial_immune_perc,length,height,population_size,contagion_distance,critical_limit,amp_susc,amp_rec,amp_inf,response
0.07238809835586152,0.027436260040805262,100,100,118,5,0.05,0.8947537398144112,5.568513408400346,9.348908168275745,0.020371930787256232
