initial_infected_perc,initial_immune_perc,length,height,population_size,contagion_distance,critical_limit,amp_susc,amp_rec,amp_inf,response
0.02830378324739119,0.02912988521445259,100,100,118,5,0.05,0.8971698076229129,9.094571545938823,6.882002515879595,0.05307054349055424
