initial_infected_perc,initial_immune_perc,length,height,population_size,contagion_distance,critical_limit,amp_susc,amp_rec,amp_inf,response
0.06938952423965629,0.06609566272274962,100,100,118,5,0.05,3.593437551410159,18.629602665799567,16.45910438293306,0.23929424293582335
