initial_infected_perc,initial_immune_perc,length,height,population_size,contagion_distance,critical_limit,amp_susc,amp_rec,amp_inf,response
0.0005935376715380247,0.09775713712235658,100,100,118,5,0.05,13.897235345697963,4.4901460055508435,11.65380359706566,0.08978468805607857
