initial_infected_perc,initial_immune_perc,length,height,population_size,contagion_distance,critical_limit,amp_susc,amp_rec,amp_inf,response
0.014354620728512858,0.0190164307627269,100,100,118,5,0.05,9.241354581381236,4.132979062193689,8.199035296892173,0.10836630196023445
