initial_infected_perc,initial_immune_perc,length,height,population_size,contagion_distance,critical_limit,amp_susc,amp_rec,amp_inf,response
0.0022362059780292043,0.07408274581840837,100,100,118,5,0.05,0.39492665634351054,0.8913378571240416,2.6412857149464464,0.15833286605836072
