initial_infected_perc,initial_immune_perc,length,height,population_size,contagion_distance,critical_limit,amp_susc,amp_rec,amp_inf,response
0.016280157442966427,0.048768947571341016,100,100,118,5,0.05,11.86292292653047,11.098266960850328,12.416529853294808,0.02075692903287708
