initial_infected_perc,initial_immune_perc,length,height,population_size,contagion_distance,critical_limit,amp_susc,amp_rec,amp_inf,response
0.01413162088642115,0.06903245288561864,100,100,118,5,0.05,11.699524900911339,11.658840899269778,18.609334270298522,0.10530306405984977
