initial_infected_perc,initial_immune_perc,length,height,population_size,contagion_distance,critical_limit,amp_susc,amp_rec,amp_inf,response
0.08008818764924736,0.023226108612298124,100,100,118,5,0.05,3.094132983753979,10.280513577969712,1.101928608196745,0.19330254565169222
