initial_infected_perc,initial_immune_perc,length,height,population_size,contagion_distance,critical_limit,amp_susc,amp_rec,amp_inf,response
0.006146234290761887,0.08219952846431214,100,100,118,5,0.05,19.320251236073986,2.6646479036657222,0.46516028960309486,0.07177653022316484
