initial_infected_perc,initial_immune_perc,length,height,population_size,contagion_distance,critical_limit,amp_susc,amp_rec,amp_inf,response
0.032253247680074516,0.023706468100931855,100,100,118,5,0.05,18.151210486084715,7.841149019548022,5.98692556047558,0.018777832245145808
