initial_infected_perc,initial_immune_perc,length,height,population_size,contagion_distance,critical_limit,amp_susc,amp_rec,amp_inf,response
0.08298617152724602,0.09687522631834722,100,100,118,5,0.05,8.327308634059285,2.1107494595223653,19.20659991086853,0.27497934456724216
