initial_infected_perc,initial_immune_perc,length,height,population_size,contagion_distance,critical_limit,amp_susc,amp_rec,amp_inf,response
0.089306407157143,0.035518462851455955,100,100,118,5,0.05,13.445633459256525,17.563547735634543,6.837867362624848,0.1097089641150833
