initial_infected_perc,initial_immune_perc,length,height,population_size,contagion_distance,critical_limit,amp_susc,amp_rec,amp_inf,response
0.007664898529568887,0.06931324076044054,100,100,118,5,0.05,1.935228129891815,2.16811304659289,5.336261203716639,0.12495053249451067
