initial_infected_perc,initial_immune_perc,length,height,population_size,contagion_distance,critical_limit,amp_susc,amp_rec,amp_inf,response
0.06320136815141913,0.06493286376714558,100,100,118,5,0.05,5.201731071514441,14.043693269312751,2.181238597369224,0.01089680724240516
