initial_infected_perc,initial_immune_perc,length,height,population_size,contagion_distance,critical_limit,amp_susc,amp_rec,amp_inf,response
0.06785853578394785,0.027847834707404817,100,100,118,5,0.05,19.093730343742436,7.27002777097378,11.639662244653602,0.07820199071904461
