initial_infected_perc,initial_immune_perc,length,height,population_size,contagion_distance,critical_limit,amp_susc,amp_rec,amp_inf,response
0.05861136727090521,0.0510766216571196,100,100,118,5,0.05,3.476917183337531,5.290866368383325,9.444224323325354,0.29951396682793746
