initial_infected_perc,initial_immune_perc,length,height,population_size,contagion_distance,critical_limit,amp_susc,amp_rec,amp_inf,response
0.08485857115833069,0.01565077203259969,100,100,118,5,0.05,4.462181319511462,14.552114215284027,14.0873548457107,0.29160477451791733
