initial_infected_perc,initial_immune_perc,length,height,population_size,contagion_distance,critical_limit,amp_susc,amp_rec,amp_inf,response
0.03387810302452312,0.09386996977004973,100,100,118,5,0.05,14.751929252672191,12.03254558956832,10.749178467292612,0.22193248491721587
