initial_infected_perc,initial_immune_perc,length,height,population_size,contagion_distance,critical_limit,amp_susc,amp_rec,amp_inf,response
0.05583556949162101,0.09661457455059339,100,100,118,5,0.05,16.126533001960624,0.2642279849854412,7.8747388521327615,0.18500006009563655
