initial_infected_perc,initial_immune_perc,length,height,population_size,contagion_distance,critical_limit,amp_susc,amp_rec,amp_inf,response
0.03249603638756337,0.017013350994945286,100,100,118,5,0.05,7.58936001560754,2.6959474071970835,4.8820718801279455,0.042150508106899943
