initial_infected_perc,initial_immune_perc,length,height,population_size,contagion_distance,critical_limit,amp_susc,amp_rec,amp_inf,response
0.012486585705281716,0.014072722363950296,100,100,118,5,0.05,6.882573756132913,0.7834017513557545,14.491464277776164,0.23726371999352774
