initial_infected_perc,initial_immune_perc,length,height,population_size,contagion_distance,critical_limit,amp_susc,amp_rec,amp_inf,response
0.0882366282542542,0.07338807111888278,100,100,118,5,0.05,9.44420375391495,8.588619633985349,2.2091154804141833,0.12948342383879255
