initial_infected_perc,initial_immune_perc,length,height,population_size,contagion_distance,critical_limit,amp_susc,amp_rec,amp_inf,response
0.07748341485737478,0.0706892469769739,100,100,118,5,0.05,4.528892826973168,11.326986557300756,3.1731820545833056,0.26529767779429303
