initial_infected_perc,initial_immune_perc,length,height,population_size,contagion_distance,critical_limit,amp_susc,amp_rec,amp_inf,response
0.06498120105631605,0.022100514758452452,100,100,118,5,0.05,13.89078500449834,10.331160103739062,1.2418591501579268,0.2714534757682251
