initial_infected_perc,initial_immune_perc,length,height,population_size,contagion_distance,critical_limit,amp_susc,amp_rec,amp_inf,response
0.008170198697575992,0.06984191024141455,100,100,118,5,0.05,16.296823063029194,9.188829571496228,10.497826625509163,0.24185307187262636
