initial_infected_perc,initial_immune_perc,length,height,population_size,contagion_distance,critical_limit,amp_susc,amp_rec,amp_inf,response
0.0050191999590571195,0.09916087511048093,100,100,118,5,0.05,12.423391650750483,10.536672801036497,4.08891087715789,0.27201848731658945
