initial_infected_perc,initial_immune_perc,length,height,population_size,contagion_distance,critical_limit,amp_susc,amp_rec,amp_inf,response
0.057133471541131645,0.07448693206086357,100,100,118,5,0.05,9.9796083202402,7.83027947508989,1.2288164388167555,0.12349007451263061
