initial_infected_perc,initial_immune_perc,length,height,population_size,contagion_distance,critical_limit,amp_susc,amp_rec,amp_inf,response
0.044362504725478695,0.053405732525303035,100,100,118,5,0.05,17.22929882018159,19.15120860004847,12.123146497524054,0.0041898839542024
