initial_infected_perc,initial_immune_perc,length,height,population_size,contagion_distance,critical_limit,amp_susc,amp_rec,amp_inf,response
0.07566190394432026,0.08875006651251574,100,100,118,5,0.05,5.5160179581964925,11.884113226143127,12.011719621172187,0.25728034185810494
