initial_infected_perc,initial_immune_perc,length,height,population_size,contagion_distance,critical_limit,amp_susc,amp_rec,amp_inf,response
0.08633922765733187,0.014003032161106233,100,100,118,5,0.05,7.613914128224046,2.863047937582117,8.795151209004302,0.2526125617775418
