initial_infected_perc,initial_immune_perc,length,height,population_size,contagion_distance,critical_limit,amp_susc,amp_rec,amp_inf,response
0.006112941277047601,0.013705070112810403,100,100,118,5,0.05,5.818077990356391,6.55566688875729,19.517860431116677,0.12736686851304088
