initial_infected_perc,initial_immune_perc,length,height,population_size,contagion_distance,critical_limit,amp_susc,amp_rec,amp_inf,response
0.09731169879386045,0.0904363468446419,100,100,118,5,0.05,11.823667213215776,6.016830382744917,19.455898821565555,0.09199622234756645
