initial_infected_perc,initial_immune_perc,length,height,population_size,contagion_distance,critical_limit,amp_susc,amp_rec,amp_inf,response
0.004649556000976352,0.05730175116941897,100,100,118,5,0.05,12.321846233039945,15.311870291079849,12.092691552472798,0.276551717925071
