initial_infected_perc,initial_immune_perc,length,height,population_size,contagion_distance,critical_limit,amp_susc,amp_rec,amp_inf,response
0.02903491945265654,0.06662962303920238,100,100,118,5,0.05,12.109074106418472,0.9542676925924187,11.34463694607295,0.006145498041953834
