initial_infected_perc,initial_immune_perc,length,height,population_size,contagion_distance,critical_limit,amp_susc,amp_rec,amp_inf,response
0.00131355731838132,0.07138925551356745,100,100,118,5,0.05,6.677536790078687,7.463935216852596,4.545521833144932,0.15067119590793512
