initial_infected_perc,initial_immune_perc,length,height,population_size,contagion_distance,critical_limit,amp_susc,amp_rec,amp_inf,response
0.08279616132383746,0.051800721659715165,100,100,118,5,0.05,17.982839176599917,3.484491860125787,2.0174242234352313,0.19962051308213366
