initial_infected_perc,initial_immune_perc,length,height,population_size,contagion_distance,critical_limit,amp_susc,amp_rec,amp_inf,response
0.046057320945692364,0.037515133922076886,100,100,118,5,0.05,13.926578551570083,9.79388399917215,10.73238851652148,0.233865379112791
