initial_infected_perc,initial_immune_perc,length,height,population_size,contagion_distance,critical_limit,amp_susc,amp_rec,amp_inf,response
0.001675506475794375,0.08891940453101141,100,100,118,5,0.05,6.6056859569281805,6.431212948594691,13.423212831910298,0.29027749425303
