initial_infected_perc,initial_immune_perc,length,height,population_size,contagion_distance,critical_limit,amp_susc,amp_rec,amp_inf,response
0.031538406096159544,0.04514758900740345,100,100,118,5,0.05,14.133475806780126,14.45227300083841,12.35100684775604,0.19676089946893024
