initial_infected_perc,initial_immune_perc,length,height,population_size,contagion_distance,critical_limit,amp_susc,amp_rec,amp_inf,response
0.026123153817710812,0.08309580612239631,100,100,118,5,0.05,17.432427370585685,12.437606489394694,11.64269885844467,0.01578973090599405
