initial_infected_perc,initial_immune_perc,length,height,population_size,contagion_distance,critical_limit,amp_susc,amp_rec,amp_inf,response
0.08443314477603518,0.001471250531632129,100,100,118,5,0.05,5.785285432819918,5.679884978237213,15.47560999549022,0.1875801785341758
