initial_infected_perc,initial_immune_perc,length,height,population_size,contagion_distance,critical_limit,amp_susc,amp_rec,amp_inf,response
0.04284628401699227,0.09508591747516107,100,100,118,5,0.05,10.072368064244085,0.3675131834071621,14.354010270828535,0.2464723504389114
