initial_infected_perc,initial_immune_perc,length,height,population_size,contagion_distance,critical_limit,amp_susc,amp_rec,amp_inf,response
0.06446789204177389,0.028278170570381036,100,100,118,5,0.05,14.631643643127855,6.358133591289983,2.323150531541085,0.22725424901448824
