initial_infected_perc,initial_immune_perc,length,height,population_size,contagion_distance,critical_limit,amp_susc,amp_rec,amp_inf,response
0.018032372985800595,0.05442649462438784,100,100,118,5,0.05,4.7155882721359,19.2067570162741,13.929326258493639,0.29564501486450545
