initial_infected_perc,initial_immune_perc,length,height,population_size,contagion_distance,critical_limit,amp_susc,amp_rec,amp_inf,response
0.08637218118302604,0.057658680794461514,100,100,118,5,0.05,14.965115082581324,2.811056196689792,3.8009533354827774,0.15926228886748764
