initial_infected_perc,initial_immune_perc,length,height,population_size,contagion_distance,critical_limit,amp_susc,amp_rec,amp_inf,response
0.07922443038220675,0.016946111009085798,100,100,118,5,0.05,18.61949704225711,6.2173768343194125,1.7818172221201611,0.16034982437631626
