initial_infected_perc,initial_immune_perc,length,height,population_size,contagion_distance,critical_limit,amp_susc,amp_rec,amp_inf,response
0.06335905120246424,0.0424216726388755,100,100,118,5,0.05,2.598408212332153,13.902622923484413,16.64166623524613,0.2025768266818401
