initial_infected_perc,initial_immune_perc,length,height,population_size,contagion_distance,critical_limit,amp_susc,amp_rec,amp_inf,response
0.030095232128823327,0.09353399083724523,100,100,118,5,0.05,8.733446511894032,2.1172697723497436,4.178081876960526,0.13726361073665835
