initial_infected_perc,initial_immune_perc,length,height,population_size,contagion_distance,critical_limit,amp_susc,amp_rec,amp_inf,response
0.09300142413201261,0.0783144039868261,100,100,118,5,0.05,3.0319241923871387,19.517851004375096,13.639544204131065,0.23035518648064857
