initial_infected_perc,initial_immune_perc,length,height,population_size,contagion_distance,critical_limit,amp_susc,amp_rec,amp_inf,response
0.07654279498547426,0.028615237293698016,100,100,118,5,0.05,19.812924612894815,14.232588991610406,8.010023234420167,0.29751496711803516
