initial_infected_perc,initial_immune_perc,length,height,population_size,contagion_distance,critical_limit,amp_susc,amp_rec,amp_inf,response
0.01674440143632541,0.02865221682955024,100,100,118,5,0.05,17.95089759380772,3.112636663117947,10.098328685914787,0.17912570906847425
