initial_infected_perc,initial_immune_perc,length,height,population_size,contagion_distance,critical_limit,amp_susc,amp_rec,amp_inf,response
0.007699275772719338,0.033838887217930824,100,100,118,5,0.05,4.280825407720263,13.909109274009255,16.871609684670965,0.1397380797151975
