initial_infected_perc,initial_immune_perc,length,height,population_size,contagion_distance,critical_limit,amp_susc,amp_rec,amp_inf,response
0.07063426538970398,0.05123791225538415,100,100,118,5,0.05,1.1260363770497506,18.735299690535022,16.245790798343894,0.26791149171616513
