initial_infected_perc,initial_immune_perc,length,height,population_size,contagion_distance,critical_limit,amp_susc,amp_rec,amp_inf,response
0.012969970107190133,0.04606006494851057,100,100,118,5,0.05,15.745899433143961,7.667287243273517,2.9806280854014355,0.028231747260159812
