initial_infected_perc,initial_immune_perc,length,height,population_size,contagion_distance,critical_limit,amp_susc,amp_rec,amp_inf,response
0.024373891041600572,0.08253554546920247,100,100,118,5,0.05,7.3177697571490175,16.101282641495462,14.506985533181807,0.18757906145479722
