initial_infected_perc,initial_immune_perc,length,height,population_size,contagion_distance,critical_limit,amp_susc,amp_rec,amp_inf,response
0.08757772905938596,0.08192119696704331,100,100,118,5,0.05,16.174284631809776,17.119854170478188,19.51794662218721,0.18360034169517309
