initial_infected_perc,initial_immune_perc,length,height,population_size,contagion_distance,critical_limit,amp_susc,amp_rec,amp_inf,response
0.01396692850699628,0.08566928795614646,100,100,118,5,0.05,2.1042660355619147,13.03015599159714,18.54183210674256,0.16462595392475343
