initial_infected_perc,initial_immune_perc,length,height,population_size,contagion_distance,critical_limit,amp_susc,amp_rec,amp_inf,response
0.06346753166376075,0.029162421798168883,100,100,118,5,0.05,14.742381520835364,5.759874964046896,9.198085266049386,0.07984052608701138
