initial_infected_perc,initial_immune_perc,length,height,population_size,contagion_distance,critical_limit,amp_susc,amp_rec,amp_inf,response
0.06926315620285908,0.013334357246226248,100,100,118,5,0.05,2.5918050848148,2.317203826781802,5.62762641145659,0.24542134401015617
