initial_infected_perc,initial_immune_perc,length,height,population_size,contagion_distance,critical_limit,amp_susc,amp_rec,amp_inf,response
0.0026470326737098706,0.08667835158659579,100,100,118,5,0.05,0.8033173278647499,5.10693835870833,8.986918629322611,0.17377257842944857
