initial_infected_perc,initial_immune_perc,length,height,population_size,contagion_distance,critical_limit,amp_susc,amp_rec,amp_inf,response
0.09798634135138068,0.00574532143912071,100,100,118,5,0.05,12.052396271741525,7.934914895295863,11.669684413229922,0.15920770528084796
