initial_infected_perc,initial_immune_perc,length,height,population_size,contagion_distance,critical_limit,amp_susc,amp_rec,amp_inf,response
0.002249240262703367,0.06945452008145529,100,100,118,5,0.05,1.8845298339349759,14.389032446609544,7.895079013550934,0.07445876661194084
