initial_infected_perc,initial_immune_perc,length,height,population_size,contagion_distance,critical_limit,amp_susc,amp_rec,amp_inf,response
0.033952771826718846,0.07961750795002365,100,100,118,5,0.05,9.69069326810341,11.664823342871262,7.740267648168999,0.0409008427415085
