initial_infected_perc,initial_immune_perc,length,height,population_size,contagion_distance,critical_limit,amp_susc,amp_rec,amp_inf,response
0.07572230055776008,0.03890913055300324,100,100,118,5,0.05,15.328248396982751,4.156753647965477,14.418472575268934,0.22858451613814487
