initial_infected_perc,initial_immune_perc,length,height,population_size,contagion_distance,critical_limit,amp_susc,amp_rec,amp_inf,response
0.09782510437421665,0.0761193449115285,100,100,118,5,0.05,18.480388665294893,7.266179832310938,19.769701394074556,0.24261976236658378
