initial_infected_perc,initial_immune_perc,length,height,population_size,contagion_distance,critical_limit,amp_susc,amp_rec,amp_inf,response
0.08678749523769033,0.03833071120976644,100,100,118,5,0.05,14.82834462190647,13.961171319400659,16.144740677809153,0.09881143984507494
