initial_infected_perc,initial_immune_perc,length,height,population_size,contagion_distance,critical_limit,amp_susc,amp_rec,amp_inf,response
0.010567505500647846,0.024060791139004147,100,100,118,5,0.05,10.037582677510317,2.5386591079497633,2.7829394868519652,0.19822700441720337
