initial_infected_perc,initial_immune_perc,length,height,population_size,contagion_distance,critical_limit,amp_susc,amp_rec,amp_inf,response
0.07956550146461977,0.09331791215487349,100,100,118,5,0.05,7.139798681377103,13.165963961847504,10.423588999954188,0.13389300224522827
