initial_infected_perc,initial_immune_perc,length,height,population_size,contagion_distance,critical_limit,amp_susc,amp_rec,amp_inf,response
0.007886566070877487,0.06569461116355457,100,100,118,5,0.05,4.446115850662524,9.620997716338717,14.916086682654191,0.29034626861202123
