initial_infected_perc,initial_immune_perc,length,height,population_size,contagion_distance,critical_limit,amp_susc,amp_rec,amp_inf,response
0.031583153602243355,0.09440703625733446,100,100,118,5,0.05,0.27646518865817704,6.692976919716007,3.9113902737130823,0.1028949304485305
