initial_infected_perc,initial_immune_perc,length,height,population_size,contagion_distance,critical_limit,amp_susc,amp_rec,amp_inf,response
0.022830327838873232,0.07123744607776282,100,100,118,5,0.05,2.0698647448142182,3.199581578474928,4.269952629673126,0.030129754709585996
