initial_infected_perc,initial_immune_perc,length,height,population_size,contagion_distance,critical_limit,amp_susc,amp_rec,amp_inf,response
0.03825241042563215,0.01673171358343476,100,100,118,5,0.05,14.326009966308797,2.1073781374167044,3.60177183570092,0.07812312916817829
