initial_infected_perc,initial_immune_perc,length,height,population_size,contagion_distance,critical_limit,amp_susc,amp_rec,amp_inf,response
0.09869654689904515,0.0349222972985368,100,100,118,5,0.05,12.204203424596503,4.312111928628908,14.314908952456914,0.14274286518771853
