initial_infected_perc,initial_immune_perc,length,height,population_size,contagion_distance,critical_limit,amp_susc,amp_rec,amp_inf,response
0.02656183792592899,0.06907747652955405,100,100,118,5,0.05,18.371068996998044,2.802038438092165,18.67418367315016,0.11407588490243112
