initial_infected_perc,initial_immune_perc,length,height,population_size,contagion_distance,critical_limit,amp_susc,amp_rec,amp_inf,response
0.09126340827170246,0.030606916362214145,100,100,118,5,0.05,19.817752200493562,7.240938171735946,7.60720812251048,0.25862988330965003
