initial_infected_perc,initial_immune_perc,length,height,population_size,contagion_distance,critical_limit,amp_susc,amp_rec,amp_inf,response
0.041945790846124154,0.05984187087403482,100,100,118,5,0.05,4.079174540364363,9.084545102333763,16.370668174644976,0.07579099494798387
