initial_infected_perc,initial_immune_perc,length,height,population_size,contagion_distance,critical_limit,amp_susc,amp_rec,amp_inf,response
0.047992964791080873,0.08182585583424284,100,100,118,5,0.05,9.756908231743564,9.782038799375265,9.207370788404141,0.16290686607562127
