initial_infected_perc,initial_immune_perc,length,height,population_size,contagion_distance,critical_limit,amp_susc,amp_rec,amp_inf,response
0.0950088693836491,0.031625842992442275,100,100,118,5,0.05,0.503706317230197,14.065786612549886,0.24435565230776168,0.1385360046582716
