initial_infected_perc,initial_immune_perc,length,height,population_size,contagion_distance,critical_limit,amp_susc,amp_rec,amp_inf,response
0.09620849520389524,0.008098178654121524,100,100,118,5,0.05,6.375799814446084,16.668194019956438,4.778305340480462,0.08113401437735339
