initial_infected_perc,initial_immune_perc,length,height,population_size,contagion_distance,critical_limit,amp_susc,amp_rec,amp_inf,response
0.046770890133892476,0.03408417259578419,100,100,118,5,0.05,1.1897868494229469,8.233459958292144,14.983314649790874,0.16538314453096462
