initial_infected_perc,initial_immune_perc,length,height,population_size,contagion_distance,critical_limit,amp_susc,amp_rec,amp_inf,response
0.008718812422426604,0.00560916118447693,100,100,118,5,0.05,14.409269030893178,14.024439086420013,9.92956532598001,0.11571148779527918
