initial_infected_perc,initial_immune_perc,length,height,population_size,contagion_distance,critical_limit,amp_susc,amp_rec,amp_inf,response
0.06538597799889323,0.09627292030764872,100,100,118,5,0.05,17.833860091928003,5.326203628772237,19.55465971263714,0.08266956981946542
