initial_infected_perc,initial_immune_perc,length,height,population_size,contagion_distance,critical_limit,amp_susc,amp_rec,amp_inf,response
0.09755540122493733,0.05330819487288613,100,100,118,5,0.05,12.013724301699877,12.924424175746124,3.2559474304926006,0.15684887998326766
