initial_infected_perc,initial_immune_perc,length,height,population_size,contagion_distance,critical_limit,amp_susc,amp_rec,amp_inf,response
0.0017435738611827345,0.03096734554718963,100,100,118,5,0.05,13.316188859963503,3.0814257411876356,18.32235431728249,0.2443575094043966
