initial_infected_perc,initial_immune_perc,length,height,population_size,contagion_distance,critical_limit,amp_susc,amp_rec,amp_inf,response
0.08562559277656707,0.08015320288795325,100,100,118,5,0.05,3.674133770180914,19.659945753728334,15.45124958134247,0.19752648450657082
