initial_infected_perc,initial_immune_perc,length,height,population_size,contagion_distance,critical_limit,amp_susc,amp_rec,amp_inf,response
0.027187484894472737,0.015372973753620935,100,100,118,5,0.05,5.7967813114547635,16.173044686762815,6.150909155605473,0.20360507534263228
