initial_infected_perc,initial_immune_perc,length,height,population_size,contagion_distance,critical_limit,amp_susc,amp_rec,amp_inf,response
0.02154030120988819,0.061770339321419135,100,100,118,5,0.05,3.4930044866809062,11.433519242032164,1.8685655297557102,0.1427117357024003
