initial_infected_perc,initial_immune_perc,length,height,population_size,contagion_distance,critical_limit,amp_susc,amp_rec,amp_inf,response
0.016201833783303456,0.04250984537695606,100,100,118,5,0.05,12.645021102859404,14.470502259360309,15.854354695883732,0.021824883505179405
