initial_infected_perc,initial_immune_perc,length,height,population_size,contagion_distance,critical_limit,amp_susc,amp_rec,amp_inf,response
0.04397311916075905,0.04061562924859574,100,100,118,5,0.05,6.014571703749192,3.409944671552372,18.036778514688752,0.16701997194619492
