initial_infected_perc,initial_immune_perc,length,height,population_size,contagion_distance,critical_limit,amp_susc,amp_rec,amp_inf,response
0.0231744160194868,0.07878367647661583,100,100,118,5,0.05,12.964470077624007,0.9409120397188664,17.135022416391493,0.20311160617265642
