initial_infected_perc,initial_immune_perc,length,height,population_size,contagion_distance,critical_limit,amp_susc,amp_rec,amp_inf,response
0.04501024723824315,0.01046099768300447,100,100,118,5,0.05,14.451032872202028,17.275948395469133,16.92823302709887,0.27184337710724027
