initial_infected_perc,initial_immune_perc,length,height,population_size,contagion_distance,critical_limit,amp_susc,amp_rec,amp_inf,response
0.03560421704311422,0.056006226748120516,100,100,118,5,0.05,2.8398258565235324,6.413160136660214,0.8287189564302166,0.029783260256251887
