initial_infected_perc,initial_immune_perc,length,height,population_size,contagion_distance,critical_limit,amp_susc,amp_rec,amp_inf,response
0.02728763663599887,0.048158189204041135,100,100,118,5,0.05,12.392945016187207,8.966543567008618,0.6575325903045837,0.09914669099810315
