initial_infected_perc,initial_immune_perc,length,height,population_size,contagion_distance,critical_limit,amp_susc,amp_rec,amp_inf,response
0.0877889924791592,0.045722571388482805,100,100,118,5,0.05,8.4078454508685,5.505955373176247,13.037791918980224,0.26331898397081654
