initial_infected_perc,initial_immune_perc,length,height,population_size,contagion_distance,critical_limit,amp_susc,amp_rec,amp_inf,response
0.06089956170890444,0.06883324549867374,100,100,118,5,0.05,1.8123346082241132,6.584604094956568,15.094730420217308,0.22619832231227033
