initial_infected_perc,initial_immune_perc,length,height,population_size,contagion_distance,critical_limit,amp_susc,amp_rec,amp_inf,response
0.019218758059165744,0.03946584183901264,100,100,118,5,0.05,6.841855928192501,12.333395397709452,11.334916935930462,0.1424167336900404
