initial_infected_perc,initial_immune_perc,length,height,population_size,contagion_distance,critical_limit,amp_susc,amp_rec,amp_inf,response
0.02052432388470823,0.04370128288531342,100,100,118,5,0.05,19.677508833538774,3.9953401474252526,8.78937105512692,0.17293963640688997
