initial_infected_perc,initial_immune_perc,length,height,population_size,contagion_distance,critical_limit,amp_susc,amp_rec,amp_inf,response
0.05426806749169086,0.03168971928642084,100,100,118,5,0.05,18.028424537769038,4.724250023203121,13.876582115219101,0.1385589809628881
