initial_infected_perc,initial_immune_perc,length,height,population_size,contagion_distance,critical_limit,amp_susc,amp_rec,amp_inf,response
0.05291481715342895,0.05715742358155969,100,100,118,5,0.05,1.2306584970512646,13.042075048762442,7.076007884228699,0.07936154182722734
