initial_infected_perc,initial_immune_perc,length,height,population_size,contagion_distance,critical_limit,amp_susc,amp_rec,amp_inf,response
0.0055240230587515595,0.025866092361662752,100,100,118,5,0.05,2.6428516505199284,17.751936391216326,5.948783633482311,0.08609001691664273
