initial_infected_perc,initial_immune_perc,length,height,population_size,contagion_distance,critical_limit,amp_susc,amp_rec,amp_inf,response
0.005024424348470203,0.06511163325416951,100,100,118,5,0.05,12.227239224906839,4.519952234778586,10.316186095094997,0.25417507715996007
