initial_infected_perc,initial_immune_perc,length,height,population_size,contagion_distance,critical_limit,amp_susc,amp_rec,amp_inf,response
0.04319246277251002,0.04573518411116421,100,100,118,5,0.05,12.31437043445453,14.724149031603034,17.227954523208787,0.0228480269197474
