initial_infected_perc,initial_immune_perc,length,height,population_size,contagion_distance,critical_limit,amp_susc,amp_rec,amp_inf,response
0.09297064357166385,0.04188922135664679,100,100,118,5,0.05,4.565105836547076,7.876475297718084,5.055876555088412,0.22500998678678677
