initial_infected_perc,initial_immune_perc,length,height,population_size,contagion_distance,critical_limit,amp_susc,amp_rec,amp_inf,response
0.09090922776503997,0.004821654957437216,100,100,118,5,0.05,8.26446277383184,19.740293377073236,8.745417856356246,0.21035515330212584
