initial_infected_perc,initial_immune_perc,length,height,population_size,contagion_distance,critical_limit,amp_susc,amp_rec,amp_inf,response
0.07302607947594081,0.03467512110082466,100,100,118,5,0.05,13.498112246093521,7.3011320238783455,7.972233500668091,0.148035447541237
