initial_infected_perc,initial_immune_perc,length,height,population_size,contagion_distance,critical_limit,amp_susc,amp_rec,amp_inf,response
0.012601390961476822,0.0059130148866077484,100,100,118,5,0.05,17.16214762356033,16.342712455783797,18.61963751339616,0.29964370822729114
