initial_infected_perc,initial_immune_perc,length,height,population_size,contagion_distance,critical_limit,amp_susc,amp_rec,amp_inf,response
0.03150880123171811,0.06840712942130592,100,100,118,5,0.05,9.58924879830735,7.778771677638137,5.839795889306563,0.19449596828852114
