initial_infected_perc,initial_immune_perc,length,height,population_size,contagion_distance,critical_limit,amp_susc,amp_rec,amp_inf,response
0.06472633314437995,0.052245565236425345,100,100,118,5,0.05,12.839715499634144,18.22010626269326,3.243202080149543,0.07026348313693999
