initial_infected_perc,initial_immune_perc,length,height,population_size,contagion_distance,critical_limit,amp_susc,amp_rec,amp_inf,response
0.0228994277062746,0.09490143737697143,100,100,118,5,0.05,2.0138970810106427,7.137426233509658,14.708483316507806,0.2244446454534401
