initial_infected_perc,initial_immune_perc,length,height,population_size,contagion_distance,critical_limit,amp_susc,amp_rec,amp_inf,response
0.06282408252818737,0.054797169320785294,100,100,118,5,0.05,16.51878311035989,17.149424347700158,5.440685326619952,0.061826744583309334
