initial_infected_perc,initial_immune_perc,length,height,population_size,contagion_distance,critical_limit,amp_susc,amp_rec,amp_inf,response
0.08459980057149584,0.0830456928065809,100,100,118,5,0.05,19.197779584242763,3.5914292617109633,1.474269595694373,0.08577457154175533
