initial_infected_perc,initial_immune_perc,length,height,population_size,contagion_distance,critical_limit,amp_susc,amp_rec,amp_inf,response
8.243059885769677e-05,0.07510698343278496,100,100,118,5,0.05,19.033863686208527,18.930078648995718,13.60056705066542,0.1157166274079088
