initial_infected_perc,initial_immune_perc,length,height,population_size,contagion_distance,critical_limit,amp_susc,amp_rec,amp_inf,response
0.06269930274534223,0.08868205698210424,100,100,118,5,0.05,2.7266174845889246,17.818979285128126,0.026717181256832312,0.1228966946371419
