initial_infected_perc,initial_immune_perc,length,height,population_size,contagion_distance,critical_limit,amp_susc,amp_rec,amp_inf,response
0.06684215791687102,0.01842751178798936,100,100,118,5,0.05,14.112243642903108,7.7521521047167985,18.616389425916932,0.020771081120021316
