initial_infected_perc,initial_immune_perc,length,height,population_size,contagion_distance,critical_limit,amp_susc,amp_rec,amp_inf,response
0.03018014644413083,0.09558059776399769,100,100,118,5,0.05,11.752325667385989,15.96519945346256,7.357356181999899,0.09418288098132745
