initial_infected_perc,initial_immune_perc,length,height,population_size,contagion_distance,critical_limit,amp_susc,amp_rec,amp_inf,response
0.01891782430997443,0.02871235041861239,100,100,118,5,0.05,3.6562564583433255,6.64155519820234,19.348499626884045,0.05862032663860027
