initial_infected_perc,initial_immune_perc,length,height,population_size,contagion_distance,critical_limit,amp_susc,amp_rec,amp_inf,response
0.09848954655275814,0.027505300500675,100,100,118,5,0.05,4.353740137634439,19.41320903762959,13.023233680614661,0.28790089286284054
