initial_infected_perc,initial_immune_perc,length,height,population_size,contagion_distance,critical_limit,amp_susc,amp_rec,amp_inf,response
0.03320976629014018,0.09510600317024921,100,100,118,5,0.05,13.905730257462158,4.019370856280997,1.15906965447244,0.06690614917462169
