initial_infected_perc,initial_immune_perc,length,height,population_size,contagion_distance,critical_limit,amp_susc,amp_rec,amp_inf,response
0.026353891338579207,0.07415774888378864,100,100,118,5,0.05,19.343612380297138,9.223661212220346,10.488953599468712,0.28604456167830833
