initial_infected_perc,initial_immune_perc,length,height,population_size,contagion_distance,critical_limit,amp_susc,amp_rec,amp_inf,response
0.037121614828718764,0.029493004486581254,100,100,118,5,0.05,19.19071172944364,15.487204041949337,16.69373140234712,0.2434575021646905
