initial_infected_perc,initial_immune_perc,length,height,population_size,contagion_distance,critical_limit,amp_susc,amp_rec,amp_inf,response
0.015779169751907584,0.06236307643891858,100,100,118,5,0.05,6.1560717364815325,12.31775291898823,17.073677110784274,0.10057312088252082
