initial_infected_perc,initial_immune_perc,length,height,population_size,contagion_distance,critical_limit,amp_susc,amp_rec,amp_inf,response
0.06466727577419684,0.04463435748356492,100,100,118,5,0.05,1.090363617289436,4.498394606437877,18.25631788716906,0.25616295859599575
