initial_infected_perc,initial_immune_perc,length,height,population_size,contagion_distance,critical_limit,amp_susc,amp_rec,amp_inf,response
0.035536555219564704,0.06894426035655912,100,100,118,5,0.05,14.932220733778927,9.127881423832111,10.732771684229942,0.09716320406150007
