initial_infected_perc,initial_immune_perc,length,height,population_size,contagion_distance,critical_limit,amp_susc,amp_rec,amp_inf,response
0.058118582046101555,0.004963695740644658,100,100,118,5,0.05,14.28700523288461,16.422604344194323,5.380766421203582,0.18776243249603772
