initial_infected_perc,initial_immune_perc,length,height,population_size,contagion_distance,critical_limit,amp_susc,amp_rec,amp_inf,response
0.08606466260056386,0.005549107658077201,100,100,118,5,0.05,18.806236189723112,16.76324051261171,1.553918194237951,0.22637504364172703
