initial_infected_perc,initial_immune_perc,length,height,population_size,contagion_distance,critical_limit,amp_susc,amp_rec,amp_inf,response
0.0038706659635209476,0.03522722979860271,100,100,118,5,0.05,13.505148470515413,10.813838438691421,14.200571591633784,0.019122541340392117
