initial_infected_perc,initial_immune_perc,length,height,population_size,contagion_distance,critical_limit,amp_susc,amp_rec,amp_inf,response
0.01718418103860755,0.020667545179980373,100,100,118,5,0.05,5.37754286062664,10.372257477286924,16.521296137730484,0.10091262023813191
