initial_infected_perc,initial_immune_perc,length,height,population_size,contagion_distance,critical_limit,amp_susc,amp_rec,amp_inf,response
0.06680761977696158,0.006455598814866981,100,100,118,5,0.05,16.534168550142144,18.21926183933042,12.49561033487452,0.017574712168410167
