initial_infected_perc,initial_immune_perc,length,height,population_size,contagion_distance,critical_limit,amp_susc,amp_rec,amp_inf,response
0.06342041708949797,0.0010992273919741447,100,100,118,5,0.05,17.10916237526979,3.114943861120718,15.197242622404035,0.2649650083264366
