initial_infected_perc,initial_immune_perc,length,height,population_size,contagion_distance,critical_limit,amp_susc,amp_rec,amp_inf,response
0.008816243433089422,0.019790584050901717,100,100,118,5,0.05,16.512345259739135,5.798287155250829,3.9315378220417063,0.2945019271164323
