initial_infected_perc,initial_immune_perc,length,height,population_size,contagion_distance,critical_limit,amp_susc,amp_rec,amp_inf,response
0.01597788785461741,0.0011985313785010554,100,100,118,5,0.05,18.311811128282322,8.211479249551362,5.370538506582207,0.15658311566131194
