initial_infected_perc,initial_immune_perc,length,height,population_size,contagion_distance,critical_limit,amp_susc,amp_rec,amp_inf,response
0.03834941922150369,0.02843751266011383,100,100,118,5,0.05,16.31627025739139,4.979473825143703,13.231821872267941,0.1144005764792301
