initial_infected_perc,initial_immune_perc,length,height,population_size,contagion_distance,critical_limit,amp_susc,amp_rec,amp_inf,response
0.09929770873633542,0.05785738181178934,100,100,118,5,0.05,13.216204653366994,9.998734847265911,16.168536247020423,0.17020163543781325
