initial_infected_perc,initial_immune_perc,length,height,population_size,contagion_distance,critical_limit,amp_susc,amp_rec,amp_inf,response
0.023492083122140996,0.0802646913031378,100,100,118,5,0.05,7.116854971806985,7.815837699686408,14.180177029647814,0.14226415097638317
