initial_infected_perc,initial_immune_perc,length,height,population_size,contagion_distance,critical_limit,amp_susc,amp_rec,amp_inf,response
0.054296505039792844,0.047767531925803214,100,100,118,5,0.05,7.409099013180871,0.25043198121813104,14.15357451881519,0.07993764909499641
