initial_infected_perc,initial_immune_perc,length,height,population_size,contagion_distance,critical_limit,amp_susc,amp_rec,amp_inf,response
0.04823312570352506,0.07136202316784059,100,100,118,5,0.05,16.58018244375914,17.77009222625779,2.013160530249849,0.18509301685696183
