initial_infected_perc,initial_immune_perc,length,height,population_size,contagion_distance,critical_limit,amp_susc,amp_rec,amp_inf,response
0.04498813945890401,0.03922522176496338,100,100,118,5,0.05,6.457348399722244,9.871908033037688,9.922478120679415,0.2441544875656439
