initial_infected_perc,initial_immune_perc,length,height,population_size,contagion_distance,critical_limit,amp_susc,amp_rec,amp_inf,response
0.013110883224754356,0.04861304411971517,100,100,118,5,0.05,10.795916545584799,16.40925983321542,3.4872868099530185,0.2349361160755454
