initial_infected_perc,initial_immune_perc,length,height,population_size,contagion_distance,critical_limit,amp_susc,amp_rec,amp_inf,response
0.013185779960985335,0.02080455729940586,100,100,118,5,0.05,1.4353396702008547,18.80547214678322,6.851609189591037,0.25702729505654315
