initial_infected_perc,initial_immune_perc,length,height,population_size,contagion_distance,critical_limit,amp_susc,amp_rec,amp_inf,response
0.04556693545192965,0.01464493018889932,100,100,118,5,0.05,5.889756712228764,3.0202536744219355,0.690942028661079,0.06683977722530061
