initial_infected_perc,initial_immune_perc,length,height,population_size,contagion_distance,critical_limit,amp_susc,amp_rec,amp_inf,response
0.02371706518744652,0.025771113715481908,100,100,118,5,0.05,6.435182727747666,19.45193364042665,7.9057327684013075,0.10535978413253215
