initial_infected_perc,initial_immune_perc,length,height,population_size,contagion_distance,critical_limit,amp_susc,amp_rec,amp_inf,response
0.038512323813666455,0.014942519715338899,100,100,118,5,0.05,13.216761794940071,8.577883102939474,0.7073318218422631,0.1770930281289426
