initial_infected_perc,initial_immune_perc,length,height,population_size,contagion_distance,critical_limit,amp_susc,amp_rec,amp_inf,response
0.024020727848705504,0.09852204197815283,100,100,118,5,0.05,14.209176795052416,7.295251501214541,16.08821823043604,0.189610309535489
