initial_infected_perc,initial_immune_perc,length,height,population_size,contagion_distance,critical_limit,amp_susc,amp_rec,amp_inf,response
0.025733836902273134,0.08914603809104105,100,100,118,5,0.05,11.275876031416894,15.977022284736062,14.131693192302063,0.022614060353309418
