initial_infected_perc,initial_immune_perc,length,height,population_size,contagion_distance,critical_limit,amp_susc,amp_rec,amp_inf,response
0.03683178257584714,0.05250318867516032,100,100,118,5,0.05,5.615783869758677,17.995046132909668,0.24984937693294018,0.2581898765915072
