initial_infected_perc,initial_immune_perc,length,height,population_size,contagion_distance,critical_limit,amp_susc,amp_rec,amp_inf,response
0.08311946787995897,0.08429267585486637,100,100,118,5,0.05,4.855981953148403,9.079246659562664,4.093420927496625,0.25701164953790445
