initial_infected_perc,initial_immune_perc,length,height,population_size,contagion_distance,critical_limit,amp_susc,amp_rec,amp_inf,response
0.03925098199110705,0.015035920329582377,100,100,118,5,0.05,17.38252709695037,12.557705324525475,3.064621989891565,0.017999748775494318
