initial_infected_perc,initial_immune_perc,length,height,population_size,contagion_distance,critical_limit,amp_susc,amp_rec,amp_inf,response
0.018951823319642225,0.0176656205588863,100,100,118,5,0.05,13.999142708840457,5.146975960006337,18.02439305513568,0.014115513828571402
