initial_infected_perc,initial_immune_perc,length,height,population_size,contagion_distance,critical_limit,amp_susc,amp_rec,amp_inf,response
0.0022567127004246125,0.06469555594746836,100,100,118,5,0.05,8.266837308239698,16.30061091914164,15.136304323767247,0.15624770539522098
