initial_infected_perc,initial_immune_perc,length,height,population_size,contagion_distance,critical_limit,amp_susc,amp_rec,amp_inf,response
0.09667986145731161,0.07082877271035744,100,100,118,5,0.05,15.790531632823487,15.228648166966172,2.9911858114420475,0.22144260669600782
