initial_infected_perc,initial_immune_perc,length,height,population_size,contagion_distance,critical_limit,amp_susc,amp_rec,amp_inf,response
0.08001813212682962,0.09751382910017643,100,100,118,5,0.05,5.5767259470655155,0.04075148083850566,3.3878611677753834,0.22165807562359197
