initial_infected_perc,initial_immune_perc,length,height,population_size,contagion_distance,critical_limit,amp_susc,amp_rec,amp_inf,response
0.09050001717400587,0.03528651096153379,100,100,118,5,0.05,18.36974102395756,13.342503943947717,13.919178210132062,0.00821679792097586
