initial_infected_perc,initial_immune_perc,length,height,population_size,contagion_distance,critical_limit,amp_susc,amp_rec,amp_inf,response
0.09351962120657466,0.0975751084961021,100,100,118,5,0.05,3.9280904734587474,12.402326353255877,8.231910748578748,0.1893338291716735
