initial_infected_perc,initial_immune_perc,length,height,population_size,contagion_distance,critical_limit,amp_susc,amp_rec,amp_inf,response
0.08030280008104777,0.024455647347586984,100,100,118,5,0.05,17.51435728119762,8.70194634111047,19.712115425615895,0.2733193614580504
