initial_infected_perc,initial_immune_perc,length,height,population_size,contagion_distance,critical_limit,amp_susc,amp_rec,amp_inf,response
0.03984136853817717,0.06300700437231942,100,100,118,5,0.05,12.118541635392896,19.15629995257454,2.4143418299040165,0.223313224306785
