initial_infected_perc,initial_immune_perc,length,height,population_size,contagion_distance,critical_limit,amp_susc,amp_rec,amp_inf,response
0.07410095957813231,0.006929194483398293,100,100,118,5,0.05,9.016744599244191,10.497441172659448,2.9617924961548825,0.2390520737094074
