initial_infected_perc,initial_immune_perc,length,height,population_size,contagion_distance,critical_limit,amp_susc,amp_rec,amp_inf,response
0.020630313051163064,0.0076679414521891205,100,100,118,5,0.05,3.7691692700315427,6.287318503269428,16.521807839175164,0.1513812267371533
