initial_infected_perc,initial_immune_perc,length,height,population_size,contagion_distance,critical_limit,amp_susc,amp_rec,amp_inf,response
0.058736501586541756,0.02684055666081795,100,100,118,5,0.05,7.800939765852686,5.864660163363913,16.33713426329829,0.06166614516621452
