initial_infected_perc,initial_immune_perc,length,height,population_size,contagion_distance,critical_limit,amp_susc,amp_rec,amp_inf,response
0.0665556621288305,0.04034816061070182,100,100,118,5,0.05,4.812746430572066,1.618735061970309,18.12631151430404,0.29600418777264104
