initial_infected_perc,initial_immune_perc,length,height,population_size,contagion_distance,critical_limit,amp_susc,amp_rec,amp_inf,response
0.07991324172375534,0.01674055292736707,100,100,118,5,0.05,2.6759517920483855,5.761567089713678,1.9431998765808012,0.29555331217287634
