initial_infected_perc,initial_immune_perc,length,height,population_size,contagion_distance,critical_limit,amp_susc,amp_rec,amp_inf,response
0.03983375911806247,0.08335956379536,100,100,118,5,0.05,18.43897362536445,17.156132777764984,4.351406149392412,0.07874088651892056
