initial_infected_perc,initial_immune_perc,length,height,population_size,contagion_distance,critical_limit,amp_susc,amp_rec,amp_inf,response
0.03818773535027366,0.07530516876296232,100,100,118,5,0.05,12.643094097757281,18.921281934103067,8.360113536484304,0.07816906969467753
