initial_infected_perc,initial_immune_perc,length,height,population_size,contagion_distance,critical_limit,amp_susc,amp_rec,amp_inf,response
0.04335651241090776,0.09888286049950579,100,100,118,5,0.05,6.7542715335339025,0.5801394655735082,17.046919460770035,0.24519269852795267
