initial_infected_perc,initial_immune_perc,length,height,population_size,contagion_distance,critical_limit,amp_susc,amp_rec,amp_inf,response
0.043573905596989454,0.09725430836714574,100,100,118,5,0.05,14.762818132445624,10.585275892931762,19.857046474607124,0.13195526374357117
