initial_infected_perc,initial_immune_perc,length,height,population_size,contagion_distance,critical_limit,amp_susc,amp_rec,amp_inf,response
0.07648662217394386,0.01111356107132393,100,100,118,5,0.05,11.64796001377431,18.399188525497433,0.18217954805984427,0.17875247008394052
