initial_infected_perc,initial_immune_perc,length,height,population_size,contagion_distance,critical_limit,amp_susc,amp_rec,amp_inf,response
0.030930205248645037,0.08004859831352117,100,100,118,5,0.05,2.012698117488909,5.808261264151209,13.475983401038786,0.28982270133322374
