initial_infected_perc,initial_immune_perc,length,height,population_size,contagion_distance,critical_limit,amp_susc,amp_rec,amp_inf,response
0.0996959216355753,0.07564602714307357,100,100,118,5,0.05,11.128185648738562,7.7546098642753165,5.367335081004314,0.14762970686905666
