initial_infected_perc,initial_immune_perc,length,height,population_size,contagion_distance,critical_limit,amp_susc,amp_rec,amp_inf,response
0.005228849523670121,0.0672427484697442,100,100,118,5,0.05,8.181442035925347,15.107216822348324,17.046195572032822,0.15490069392646197
