initial_infected_perc,initial_immune_perc,length,height,population_size,contagion_distance,critical_limit,amp_susc,amp_rec,amp_inf,response
0.08108447743866663,0.08177343104291993,100,100,118,5,0.05,9.27604833665671,6.01070621212229,11.377005705737297,0.07519820175667237
