initial_infected_perc,initial_immune_perc,length,height,population_size,contagion_distance,critical_limit,amp_susc,amp_rec,amp_inf,response
0.046004849366299554,0.09223162712769367,100,100,118,5,0.05,5.256266241833066,12.852014750847625,7.878393046297141,0.13885313584983852
