initial_infected_perc,initial_immune_perc,length,height,population_size,contagion_distance,critical_limit,amp_susc,amp_rec,amp_inf,response
0.05238561897450882,0.05013940848115851,100,100,118,5,0.05,3.0447427604148047,13.807985077634449,2.681061275385761,0.26040595605051725
