initial_infected_perc,initial_immune_perc,length,height,population_size,contagion_distance,critical_limit,amp_susc,amp_rec,amp_inf,response
0.04853140717249624,0.09186470507393044,100,100,118,5,0.05,7.588389708434797,6.898661307561289,6.433215635652356,0.1852667445737275
