initial_infected_perc,initial_immune_perc,length,height,population_size,contagion_distance,critical_limit,amp_susc,amp_rec,amp_inf,response
0.09367144118603125,0.04781609892923089,100,100,118,5,0.05,7.646287767022897,13.491731118299965,4.778593039858232,0.08835223352942008
