initial_infected_perc,initial_immune_perc,length,height,population_size,contagion_distance,critical_limit,amp_susc,amp_rec,amp_inf,response
0.04844280981303291,0.08212577761438866,100,100,118,5,0.05,15.660991105696283,10.79957898357976,16.6622126358428,0.28810672299453616
