initial_infected_perc,initial_immune_perc,length,height,population_size,contagion_distance,critical_limit,amp_susc,amp_rec,amp_inf,response
0.03552340728438892,0.07209716284987486,100,100,118,5,0.05,3.349084526374282,17.34302528761655,11.607395074383408,0.03299365157267713
