initial_infected_perc,initial_immune_perc,length,height,population_size,contagion_distance,critical_limit,amp_susc,amp_rec,amp_inf,response
0.09539549541611625,0.08260904599469018,100,100,118,5,0.05,2.945309556181841,5.402266155766526,0.3783683835634344,0.2219436765887883
