initial_infected_perc,initial_immune_perc,length,height,population_size,contagion_distance,critical_limit,amp_susc,amp_rec,amp_inf,response
0.002052696700125589,0.09984956036829201,100,100,118,5,0.05,6.69490467754454,15.127206219160499,9.996035993375358,0.17051872049940223
