initial_infected_perc,initial_immune_perc,length,height,population_size,contagion_distance,critical_limit,amp_susc,amp_rec,amp_inf,response
0.0023541374523192273,0.058861074466724374,100,100,118,5,0.05,17.717479205231953,13.189440952403222,6.600730551766311,0.198848932879438
