initial_infected_perc,initial_immune_perc,length,height,population_size,contagion_distance,critical_limit,amp_susc,amp_rec,amp_inf,response
0.04063173392389561,0.002799421617439435,100,100,118,5,0.05,11.401273896093695,16.69309189985855,4.856414167964989,0.295973942506391
