initial_infected_perc,initial_immune_perc,length,height,population_size,contagion_distance,critical_limit,amp_susc,amp_rec,amp_inf,response
0.012823915956902344,0.08071824165281608,100,100,118,5,0.05,13.034735417527905,7.424720303476349,9.002700758140595,0.1085553849589811
