initial_infected_perc,initial_immune_perc,length,height,population_size,contagion_distance,critical_limit,amp_susc,amp_rec,amp_inf,response
0.08494694956694397,0.01329845558917543,100,100,118,5,0.05,13.839942298687317,10.438876111025916,18.94428210388671,0.25335035734579486
