initial_infected_perc,initial_immune_perc,length,height,population_size,contagion_distance,critical_limit,amp_susc,amp_rec,amp_inf,response
0.08811829661018324,0.009959026597454557,100,100,118,5,0.05,4.061637789514794,10.521024649784174,8.851569620625106,0.08407063515074403
