initial_infected_perc,initial_immune_perc,length,height,population_size,contagion_distance,critical_limit,amp_susc,amp_rec,amp_inf,response
0.09741726725656939,0.033042690496094165,100,100,118,5,0.05,9.741505604537634,17.111998857157403,0.1894977483224003,0.17775845462038445
