initial_infected_perc,initial_immune_perc,length,height,population_size,contagion_distance,critical_limit,amp_susc,amp_rec,amp_inf,response
0.034722603684984144,0.042392040870194006,100,100,118,5,0.05,2.8311212187994816,18.92118382802292,7.053221004793462,0.22701265592364414
