initial_infected_perc,initial_immune_perc,length,height,population_size,contagion_distance,critical_limit,amp_susc,amp_rec,amp_inf,response
0.020963458418255445,0.09252463599579333,100,100,118,5,0.05,4.156854477850008,17.519137763584226,0.760757672334369,0.17495776718453923
