initial_infected_perc,initial_immune_perc,length,height,population_size,contagion_distance,critical_limit,amp_susc,amp_rec,amp_inf,response
0.08067575951211822,0.015290686058992121,100,100,118,5,0.05,1.7374981265729295,12.314633736125764,12.690079005300083,0.012162071470933776
