initial_infected_perc,initial_immune_perc,length,height,population_size,contagion_distance,critical_limit,amp_susc,amp_rec,amp_inf,response
0.09617053844688019,0.08712527707713644,100,100,118,5,0.05,7.022531558640523,10.941061957645726,13.377727053356267,0.08750599318962293
