initial_infected_perc,initial_immune_perc,length,height,population_size,contagion_distance,critical_limit,amp_susc,amp_rec,amp_inf,response
0.08020895775047304,0.06981376561626775,100,100,118,5,0.05,0.27091555790614397,0.08284585637455599,16.07264210634231,0.17195025733253863
