initial_infected_perc,initial_immune_perc,length,height,population_size,contagion_distance,critical_limit,amp_susc,amp_rec,amp_inf,response
0.07695093085802418,0.06556793270807997,100,100,118,5,0.05,2.3641933057059528,17.867321561453902,6.989629329514524,0.28290909777670975
