initial_infected_perc,initial_immune_perc,length,height,population_size,contagion_distance,critical_limit,amp_susc,amp_rec,amp_inf,response
0.07910365844603903,0.03654143036132369,100,100,118,5,0.05,14.382473431283378,8.324388430437006,19.43751767534559,0.03488929429081503
