initial_infected_perc,initial_immune_perc,length,height,population_size,contagion_distance,critical_limit,amp_susc,amp_rec,amp_inf,response
0.04262765260049013,0.0006151352020163814,100,100,118,5,0.05,9.224229281114981,15.908525394835031,12.545222241169107,0.044305900500892066
