initial_infected_perc,initial_immune_perc,length,height,population_size,contagion_distance,critical_limit,amp_susc,amp_rec,amp_inf,response
0.07499682189635277,0.038203027939942916,100,100,118,5,0.05,9.876621334592222,10.709939800799651,17.16491353548108,0.15723094798462717
