initial_infected_perc,initial_immune_perc,length,height,population_size,contagion_distance,critical_limit,amp_susc,amp_rec,amp_inf,response
0.09721569547572288,0.04755683921138387,100,100,118,5,0.05,10.380801102136095,4.653565779287923,15.329117095908886,0.2558096322045189
