initial_infected_perc,initial_immune_perc,length,height,population_size,contagion_distance,critical_limit,amp_susc,amp_rec,amp_inf,response
0.08877971874996392,0.017670078042775483,100,100,118,5,0.05,9.31415648928472,17.88225696539027,17.42251189893641,0.2269201656671237
