initial_infected_perc,initial_immune_perc,length,height,population_size,contagion_distance,critical_limit,amp_susc,amp_rec,amp_inf,response
0.0818727580556331,0.015422447038280962,100,100,118,5,0.05,9.64205408014795,9.291823932177877,4.121526334352998,0.18821589434994915
