initial_infected_perc,initial_immune_perc,length,height,population_size,contagion_distance,critical_limit,amp_susc,amp_rec,amp_inf,response
0.06194356036080613,0.07780821639816471,100,100,118,5,0.05,9.45783028322628,9.898470038720468,17.580436368696834,0.2350385193959191
