initial_infected_perc,initial_immune_perc,length,height,population_size,contagion_distance,critical_limit,amp_susc,amp_rec,amp_inf,response
0.0371624788898269,0.06197927926694472,100,100,118,5,0.05,2.728036113561896,10.730630539627626,12.155672266806501,0.14961496454735293
