initial_infected_perc,initial_immune_perc,length,height,population_size,contagion_distance,critical_limit,amp_susc,amp_rec,amp_inf,response
0.030741821120114345,0.09410657478822768,100,100,118,5,0.05,3.4281817199635145,6.870105512183913,6.7916428301212655,0.20187371022101586
