initial_infected_perc,initial_immune_perc,length,height,population_size,contagion_distance,critical_limit,amp_susc,amp_rec,amp_inf,response
0.013066613683287999,0.009304292722835117,100,100,118,5,0.05,14.216075805192581,6.627159221283614,6.4947777759865755,0.010879630259456584
