initial_infected_perc,initial_immune_perc,length,height,population_size,contagion_distance,critical_limit,amp_susc,amp_rec,amp_inf,response
0.08802564642166688,0.009443668660670913,100,100,118,5,0.05,18.411297110138587,8.761048415791056,0.14956617494587654,0.057130034182917795
