initial_infected_perc,initial_immune_perc,length,height,population_size,contagion_distance,critical_limit,amp_susc,amp_rec,amp_inf,response
0.03432983584633,0.0058482486554651495,100,100,118,5,0.05,8.485143907684076,13.713887691603874,19.9953076592282,0.2957222713588159
