initial_infected_perc,initial_immune_perc,length,height,population_size,contagion_distance,critical_limit,amp_susc,amp_rec,amp_inf,response
0.052484908013693314,0.013210784047341606,100,100,118,5,0.05,5.6679792287099895,1.563630017569022,16.64006947678636,0.13991374766119102
