initial_infected_perc,initial_immune_perc,length,height,population_size,contagion_distance,critical_limit,amp_susc,amp_rec,amp_inf,response
0.04913874550518332,0.018306295760705884,100,100,118,5,0.05,4.37237060490129,5.262682369212648,2.7972792084106968,0.07147293767326693
