initial_infected_perc,initial_immune_perc,length,height,population_size,contagion_distance,critical_limit,amp_susc,amp_rec,amp_inf,response
0.07602178658868751,0.031498823205279525,100,100,118,5,0.05,2.3534433934475896,13.797499368924498,5.402764907510827,0.003311765663762467
