initial_infected_perc,initial_immune_perc,length,height,population_size,contagion_distance,critical_limit,amp_susc,amp_rec,amp_inf,response
0.003019316235996628,0.032614035911384044,100,100,118,5,0.05,15.18661073644735,17.155239023641144,6.139712366189216,0.2181029437806878
