initial_infected_perc,initial_immune_perc,length,height,population_size,contagion_distance,critical_limit,amp_susc,amp_rec,amp_inf,response
0.09406323413059253,0.02035915159144285,100,100,118,5,0.05,0.3355315940652259,11.94572007121305,14.5409945312948,0.11977929311622991
