initial_infected_perc,initial_immune_perc,length,height,population_size,contagion_distance,critical_limit,amp_susc,amp_rec,amp_inf,response
0.09021221489590985,0.01060993469694317,100,100,118,5,0.05,12.37490637664434,1.3431673384022935,1.5726753155179396,0.14311076034796447
