initial_infected_perc,initial_immune_perc,length,height,population_size,contagion_distance,critical_limit,amp_susc,amp_rec,amp_inf,response
0.07367979093076384,0.0498338973950907,100,100,118,5,0.05,1.680308990448891,6.961347753368743,3.2846517315760804,0.20983223326733705
