initial_infected_perc,initial_immune_perc,length,height,population_size,contagion_distance,critical_limit,amp_susc,amp_rec,amp_inf,response
0.01206298225143162,0.010826906666976355,100,100,118,5,0.05,5.9082633616829305,10.587582070987562,2.40924834483367,0.27671238098214346
