initial_infected_perc,initial_immune_perc,length,height,population_size,contagion_distance,critical_limit,amp_susc,amp_rec,amp_inf,response
0.030191984133039695,0.04595734862312278,100,100,118,5,0.05,12.448999732418306,17.599480350969266,15.944355748924064,0.03463279576718634
