initial_infected_perc,initial_immune_perc,length,height,population_size,contagion_distance,critical_limit,amp_susc,amp_rec,amp_inf,response
0.036541497083483324,0.08638009824834408,100,100,118,5,0.05,7.745184722151794,14.69365701457779,10.110580580738546,0.16263452435891987
