initial_infected_perc,initial_immune_perc,length,height,population_size,contagion_distance,critical_limit,amp_susc,amp_rec,amp_inf,response
0.027397105098998432,0.09823369549757717,100,100,118,5,0.05,17.916134119924386,11.056457793039158,16.00308304846855,0.05992273499677625
