initial_infected_perc,initial_immune_perc,length,height,population_size,contagion_distance,critical_limit,amp_susc,amp_rec,amp_inf,response
0.034175147389129044,0.0030219000158202784,100,100,118,5,0.05,15.5366564162095,6.688231085485031,4.507806314268139,0.030271668007187433
