initial_infected_perc,initial_immune_perc,length,height,population_size,contagion_distance,critical_limit,amp_susc,amp_rec,amp_inf,response
0.09073084401735781,0.09544340930982878,100,100,118,5,0.05,3.7553258403467105,19.763287922326718,15.697925577158651,0.2552489943124444
