initial_infected_perc,initial_immune_perc,length,height,population_size,contagion_distance,critical_limit,amp_susc,amp_rec,amp_inf,response
0.07392058503518675,0.026422920836676158,100,100,118,5,0.05,17.86415529280343,5.088234289855375,11.20638439144815,0.023569526227362747
