initial_infected_perc,initial_immune_perc,length,height,population_size,contagion_distance,critical_limit,amp_susc,amp_rec,amp_inf,response
0.09621746115374838,0.09443126467345261,100,100,118,5,0.05,14.247530364497665,4.507565871316905,2.2262484249430314,0.07261420461992053
