initial_infected_perc,initial_immune_perc,length,height,population_size,contagion_distance,critical_limit,amp_susc,amp_rec,amp_inf,response
0.0023423253249551523,0.026744081607088355,100,100,118,5,0.05,9.410769075290474,16.91735399445601,12.46320020197918,0.18093508554999813
