initial_infected_perc,initial_immune_perc,length,height,population_size,contagion_distance,critical_limit,amp_susc,amp_rec,amp_inf,response
0.04479155007634436,0.06353063484690978,100,100,118,5,0.05,8.321238840030144,9.58753957748196,1.1941162034830355,0.12807005690792397
