initial_infected_perc,initial_immune_perc,length,height,population_size,contagion_distance,critical_limit,amp_susc,amp_rec,amp_inf,response
0.009471951265356516,0.0655750418678584,100,100,118,5,0.05,3.5068756079532393,16.93047451458133,8.393241477866356,0.012628913804414133
