initial_infected_perc,initial_immune_perc,length,height,population_size,contagion_distance,critical_limit,amp_susc,amp_rec,amp_inf,response
0.09189949311900363,0.04268680953368488,100,100,118,5,0.05,9.96617102782761,16.870851668008942,1.5743965856848807,0.040887193007452624
