initial_infected_perc,initial_immune_perc,length,height,population_size,contagion_distance,critical_limit,amp_susc,amp_rec,amp_inf,response
0.019361258458427868,0.045938735944876824,100,100,118,5,0.05,2.731359849103243,15.757619207119149,16.124461534947557,0.2000775026011802
