initial_infected_perc,initial_immune_perc,length,height,population_size,contagion_distance,critical_limit,amp_susc,amp_rec,amp_inf,response
0.08227458974140402,0.006592697549831373,100,100,118,5,0.05,14.26460504901871,6.102943775640972,18.81287932327694,0.1454135460640128
