initial_infected_perc,initial_immune_perc,length,height,population_size,contagion_distance,critical_limit,amp_susc,amp_rec,amp_inf,response
0.038029878087612295,0.03567253018963325,100,100,118,5,0.05,8.796718867050057,19.782936679281747,2.001946679657056,0.13965824280958603
