initial_infected_perc,initial_immune_perc,length,height,population_size,contagion_distance,critical_limit,amp_susc,amp_rec,amp_inf,response
0.06541490494012998,0.04345546776157007,100,100,118,5,0.05,17.189894294668505,10.474053863850244,17.771328007266632,0.009259709635587032
