initial_infected_perc,initial_immune_perc,length,height,population_size,contagion_distance,critical_limit,amp_susc,amp_rec,amp_inf,response
0.03919839872988904,0.034588497671158784,100,100,118,5,0.05,12.96204405581581,12.332205540850543,5.082116436986823,0.013200750124949001
