initial_infected_perc,initial_immune_perc,length,height,population_size,contagion_distance,critical_limit,amp_susc,amp_rec,amp_inf,response
0.07957833872351408,0.023699265226944266,100,100,118,5,0.05,12.075175915066175,9.1584665937747,17.29858477447347,0.2536426694868303
