initial_infected_perc,initial_immune_perc,length,height,population_size,contagion_distance,critical_limit,amp_susc,amp_rec,amp_inf,response
0.04975488764164973,0.04184601850853005,100,100,118,5,0.05,16.477481516473652,17.17847933392592,3.1441358930662644,0.24505377542935253
