initial_infected_perc,initial_immune_perc,length,height,population_size,contagion_distance,critical_limit,amp_susc,amp_rec,amp_inf,response
0.0556849798728591,0.017543597013929157,100,100,118,5,0.05,18.160202976414364,5.6878784849376345,1.5322113772390966,0.06397660674567619
