initial_infected_perc,initial_immune_perc,length,height,population_size,contagion_distance,critical_limit,amp_susc,amp_rec,amp_inf,response
0.00027812578316709357,0.06153427357881536,100,100,118,5,0.05,15.12586829325311,3.4968222784875325,4.9254904048847115,0.23358006393502392
