initial_infected_perc,initial_immune_perc,length,height,population_size,contagion_distance,critical_limit,amp_susc,amp_rec,amp_inf,response
0.010063656885661177,0.039447872738082604,100,100,118,5,0.05,15.464107224564373,9.343132737660664,19.470927305283677,0.17541072756969922
