initial_infected_perc,initial_immune_perc,length,height,population_size,contagion_distance,critical_limit,amp_susc,amp_rec,amp_inf,response
0.06255677935552083,0.046597739864620784,100,100,118,5,0.05,7.610095734245503,15.871421839995039,9.468006126613453,0.05974521697917744
