initial_infected_perc,initial_immune_perc,length,height,population_size,contagion_distance,critical_limit,amp_susc,amp_rec,amp_inf,response
0.08038580370195002,0.07954856285195883,100,100,118,5,0.05,16.200801999969308,18.688541712813926,12.609841458545358,0.25226560925952546
