initial_infected_perc,initial_immune_perc,length,height,population_size,contagion_distance,critical_limit,amp_susc,amp_rec,amp_inf,response
0.07952733453786824,0.028417196564820446,100,100,118,5,0.05,2.544796545140322,6.827143921778704,3.127462179209175,0.12591195959627616
