initial_infected_perc,initial_immune_perc,length,height,population_size,contagion_distance,critical_limit,amp_susc,amp_rec,amp_inf,response
0.09717339676937486,0.0415979262725518,100,100,118,5,0.05,8.525628431497003,4.456275565664443,13.040713643459851,0.04398446210357488
