initial_infected_perc,initial_immune_perc,length,height,population_size,contagion_distance,critical_limit,amp_susc,amp_rec,amp_inf,response
0.09032431954198356,0.09175287957290176,100,100,118,5,0.05,11.221221936468517,16.7289319740201,17.283038591399468,0.202676694749984
