initial_infected_perc,initial_immune_perc,length,height,population_size,contagion_distance,critical_limit,amp_susc,amp_rec,amp_inf,response
0.04903955566719507,0.0052376095358848025,100,100,118,5,0.05,19.442122536758465,14.846691923920524,17.367881260637724,0.19551088270162004
