initial_infected_perc,initial_immune_perc,length,height,population_size,contagion_distance,critical_limit,amp_susc,amp_rec,amp_inf,response
0.031189446079430517,0.061454513289063054,100,100,118,5,0.05,0.7547284812429278,4.840770333998369,15.100559808481291,0.2052067999938675
