initial_infected_perc,initial_immune_perc,length,height,population_size,contagion_distance,critical_limit,amp_susc,amp_rec,amp_inf,response
0.04199904968848117,0.03926021619072615,100,100,118,5,0.05,18.162623415412053,12.71510520591676,7.763540257403556,0.21696081768986666
