initial_infected_perc,initial_immune_perc,length,height,population_size,contagion_distance,critical_limit,amp_susc,amp_rec,amp_inf,response
0.04550630249265748,0.08138126283695137,100,100,118,5,0.05,10.844666326720915,17.22253557016286,6.785965183030756,0.08165115664830966
