initial_infected_perc,initial_immune_perc,length,height,population_size,contagion_distance,critical_limit,amp_susc,amp_rec,amp_inf,response
0.027866426291075386,0.09195562811407561,100,100,118,5,0.05,2.8443874318806195,1.6350640739377886,5.415445934333148,0.05385049902934048
