initial_infected_perc,initial_immune_perc,length,height,population_size,contagion_distance,critical_limit,amp_susc,amp_rec,amp_inf,response
0.026251829201970524,0.008180299416450787,100,100,118,5,0.05,18.441781912108286,9.785891560345902,13.609029920081268,0.058216344023419304
