initial_infected_perc,initial_immune_perc,length,height,population_size,contagion_distance,critical_limit,amp_susc,amp_rec,amp_inf,response
0.05397641877999159,0.019242223992564023,100,100,118,5,0.05,5.165489595188544,19.42250313604395,5.437694760948492,0.16513426242043996
