initial_infected_perc,initial_immune_perc,length,height,population_size,contagion_distance,critical_limit,amp_susc,amp_rec,amp_inf,response
0.0038457622831352457,0.02827460183823557,100,100,118,5,0.05,5.829931255240519,13.973595487589305,4.459941481268357,0.06676259206012278
