initial_infected_perc,initial_immune_perc,length,height,population_size,contagion_distance,critical_limit,amp_susc,amp_rec,amp_inf,response
0.03650130670368891,0.035823501720113705,100,100,118,5,0.05,9.19617487114472,17.990020219894596,3.7223672968159183,0.1632718294034627
