initial_infected_perc,initial_immune_perc,length,height,population_size,contagion_distance,critical_limit,amp_susc,amp_rec,amp_inf,response
0.054818744906369836,0.007184690276845496,100,100,118,5,0.05,6.740433618204012,10.426519156342453,2.664890424466566,0.013101680872023657
