initial_infected_perc,initial_immune_perc,length,height,population_size,contagion_distance,critical_limit,amp_susc,amp_rec,amp_inf,response
0.03703245251849942,0.0947905584766815,100,100,118,5,0.05,11.473114506408557,2.150334853642857,0.5426509817956537,0.12573712467277548
