initial_infected_perc,initial_immune_perc,length,height,population_size,contagion_distance,critical_limit,amp_susc,amp_rec,amp_inf,response
0.0885881150646424,0.012785519479831598,100,100,118,5,0.05,8.20009597572482,3.1211904669170587,15.088465845015953,0.08260204836286013
