initial_infected_perc,initial_immune_perc,length,height,population_size,contagion_distance,critical_limit,amp_susc,amp_rec,amp_inf,response
0.08806375294587099,0.08900389918597014,100,100,118,5,0.05,9.194759734461233,15.587264728375118,4.203051093825891,0.006355311965115539
