initial_infected_perc,initial_immune_perc,length,height,population_size,contagion_distance,critical_limit,amp_susc,amp_rec,amp_inf,response
0.08321870082835328,0.029813008841975342,100,100,118,5,0.05,19.45696308532075,17.672949205910438,14.466500197660597,0.22041436814873416
