initial_infected_perc,initial_immune_perc,length,height,population_size,contagion_distance,critical_limit,amp_susc,amp_rec,amp_inf,response
0.06397523757248784,0.018418019854914838,100,100,118,5,0.05,2.983437798113313,19.522271552625718,8.35490830557655,0.2599505738900489
