initial_infected_perc,initial_immune_perc,length,height,population_size,contagion_distance,critical_limit,amp_susc,amp_rec,amp_inf,response
0.02528227828709714,0.046791123806797896,100,100,118,5,0.05,13.34773589305848,8.46965446632847,16.86848289591971,0.0035685524329955418
