initial_infected_perc,initial_immune_perc,length,height,population_size,contagion_distance,critical_limit,amp_susc,amp_rec,amp_inf,response
0.010608303215683002,0.015137098215351042,100,100,118,5,0.05,10.001373993907672,6.560895605552826,17.302390235754693,0.20272449626247563
