initial_infected_perc,initial_immune_perc,length,height,population_size,contagion_distance,critical_limit,amp_susc,amp_rec,amp_inf,response
0.021636054373845404,0.021025779650215383,100,100,118,5,0.05,11.235253292483936,18.354192250876878,3.8323422623119474,0.16683082690243642
