initial_infected_perc,initial_immune_perc,length,height,population_size,contagion_distance,critical_limit,amp_susc,amp_rec,amp_inf,response
0.0062578723716934966,0.05885730908169138,100,100,118,5,0.05,5.618136819008246,4.463581372313222,16.0383231684362,0.00141805617928209
