initial_infected_perc,initial_immune_perc,length,height,population_size,contagion_distance,critical_limit,amp_susc,amp_rec,amp_inf,response
0.06325053515421666,0.08011888460301342,100,100,118,5,0.05,4.368150714860799,16.51343094796602,13.452202912018938,0.06414100526160152
