initial_infected_perc,initial_immune_perc,length,height,population_size,contagion_distance,critical_limit,amp_susc,amp_rec,amp_inf,response
0.025829214202153873,0.08498320439181466,100,100,118,5,0.05,16.96657852740763,14.924757045757005,5.800305220879187,0.13531982058569095
