initial_infected_perc,initial_immune_perc,length,height,population_size,contagion_distance,critical_limit,amp_susc,amp_rec,amp_inf,response
0.009537213719568227,0.09898153143517896,100,100,118,5,0.05,17.33981026812113,15.820759457759102,12.061158108851938,0.007233096732292898
