initial_infected_perc,initial_immune_perc,length,height,population_size,contagion_distance,critical_limit,amp_susc,amp_rec,amp_inf,response
0.042804872183529456,0.04008057379597146,100,100,118,5,0.05,6.801569839488293,6.582191212608768,2.0506136364170313,0.10420178724187953
