initial_infected_perc,initial_immune_perc,length,height,population_size,contagion_distance,critical_limit,amp_susc,amp_rec,amp_inf,response
0.01657380656457874,0.07200844817305384,100,100,118,5,0.05,11.376765354904073,6.483002354882159,2.5040837641027958,0.29130225579314756
