initial_infected_perc,initial_immune_perc,length,height,population_size,contagion_distance,critical_limit,amp_susc,amp_rec,amp_inf,response
0.03730156692577259,0.03837369708412121,100,100,118,5,0.05,18.03611516235497,0.006265798213906937,12.362074086723936,0.16965150911501592
