initial_infected_perc,initial_immune_perc,length,height,population_size,contagion_distance,critical_limit,amp_susc,amp_rec,amp_inf,response
0.08727709457536731,0.04168525520902399,100,100,118,5,0.05,8.909138581269744,13.539024043771196,11.939282570263982,0.22095809568638933
