initial_infected_perc,initial_immune_perc,length,height,population_size,contagion_distance,critical_limit,amp_susc,amp_rec,amp_inf,response
0.05919179508594177,0.04115938811490594,100,100,118,5,0.05,7.921277387268808,18.36881884580449,6.030479011874437,0.15238522671699142
