initial_infected_perc,initial_immune_perc,length,height,population_size,contagion_distance,critical_limit,amp_susc,amp_rec,amp_inf,response
0.03998228208637834,0.019084189710438404,100,100,118,5,0.05,14.007001532521254,18.735471691614705,6.249905067001906,0.1864680721347847
