initial_infected_perc,initial_immune_perc,length,height,population_size,contagion_distance,critical_limit,amp_susc,amp_rec,amp_inf,response
0.029485547764841736,0.04971794789093699,100,100,118,5,0.05,8.98803833285542,9.245438817848617,3.4969994417494044,0.2149889230671335
