initial_infected_perc,initial_immune_perc,length,height,population_size,contagion_distance,critical_limit,amp_susc,amp_rec,amp_inf,response
0.08126690742086069,0.035655343551497985,100,100,118,5,0.05,14.621573639716392,0.04735131001734505,2.945765895356953,0.19138596881425787
