initial_infected_perc,initial_immune_perc,length,height,population_size,contagion_distance,critical_limit,amp_susc,amp_rec,amp_inf,response
0.0044164473067467075,0.054786033534439206,100,100,118,5,0.05,0.9635324339602835,9.228308786124018,13.41449475655133,0.07409220927537484
