initial_infected_perc,initial_immune_perc,length,height,population_size,contagion_distance,critical_limit,amp_susc,amp_rec,amp_inf,response
0.07311095906009589,0.001762590754981819,100,100,118,5,0.05,16.038812915997788,18.18245657419756,10.311113246961723,0.1451088219359786
