initial_infected_perc,initial_immune_perc,length,height,population_size,contagion_distance,critical_limit,amp_susc,amp_rec,amp_inf,response
0.0019500420671954455,0.07467279692997335,100,100,118,5,0.05,2.1891978239848964,17.62127140967934,4.1722941909004385,0.023730606540336773
