initial_infected_perc,initial_immune_perc,length,height,population_size,contagion_distance,critical_limit,amp_susc,amp_rec,amp_inf,response
0.08854024807535715,0.05098753993816594,100,100,118,5,0.05,16.82303839976914,4.6968043996155835,3.837905637977441,0.18018655157496094
