initial_infected_perc,initial_immune_perc,length,height,population_size,contagion_distance,critical_limit,amp_susc,amp_rec,amp_inf,response
0.011014292232431833,0.056759231005222635,100,100,118,5,0.05,6.382684105486582,19.491311223279915,6.394835573247828,0.005108893720556618
