initial_infected_perc,initial_immune_perc,length,height,population_size,contagion_distance,critical_limit,amp_susc,amp_rec,amp_inf,response
0.0687600092186449,0.03665087943773383,100,100,118,5,0.05,4.420145348264645,13.315712103849634,7.790322932980514,0.22235504236077425
