initial_infected_perc,initial_immune_perc,length,height,population_size,contagion_distance,critical_limit,amp_susc,amp_rec,amp_inf,response
0.06642098927078141,0.08569897561543756,100,100,118,5,0.05,2.6060391441115227,16.351143278564173,5.972979239215732,0.09074549591076375
