initial_infected_perc,initial_immune_perc,length,height,population_size,contagion_distance,critical_limit,amp_susc,amp_rec,amp_inf,response
0.07623641373253515,0.062169227460154686,100,100,118,5,0.05,14.638227619976663,18.21517927604107,18.667924610434024,0.008312489607201412
