initial_infected_perc,initial_immune_perc,length,height,population_size,contagion_distance,critical_limit,amp_susc,amp_rec,amp_inf,response
0.06171303280914003,0.0983739133789922,100,100,118,5,0.05,15.417138652970126,5.527122778744462,8.3725571660547,0.1865148925241729
