initial_infected_perc,initial_immune_perc,length,height,population_size,contagion_distance,critical_limit,amp_susc,amp_rec,amp_inf,response
0.07952821994492787,0.04194555510342492,100,100,118,5,0.05,13.010649762309125,16.884310778623423,14.420115440413506,0.24199156083355683
