initial_infected_perc,initial_immune_perc,length,height,population_size,contagion_distance,critical_limit,amp_susc,amp_rec,amp_inf,response
0.04344371423934706,0.07075345724581351,100,100,118,5,0.05,1.3393017672672491,6.89018221538527,0.9275712033808325,0.11806111796005092
