initial_infected_perc,initial_immune_perc,length,height,population_size,contagion_distance,critical_limit,amp_susc,amp_rec,amp_inf,response
0.04882397307008997,0.0364024122419117,100,100,118,5,0.05,15.43564758830663,19.63732802482229,2.0844567670793146,0.2477188179264941
