initial_infected_perc,initial_immune_perc,length,height,population_size,contagion_distance,critical_limit,amp_susc,amp_rec,amp_inf,response
0.023603833990535606,0.00895733696343678,100,100,118,5,0.05,18.013940995863738,9.468241066678946,18.92674877643811,0.22107217653489725
