initial_infected_perc,initial_immune_perc,length,height,population_size,contagion_distance,critical_limit,amp_susc,amp_rec,amp_inf,response
0.036720347737305425,0.08195426901243791,100,100,118,5,0.05,18.02684188407349,4.577818661310877,4.727103454253861,0.015630763841358242
