initial_infected_perc,initial_immune_perc,length,height,population_size,contagion_distance,critical_limit,amp_susc,amp_rec,amp_inf,response
0.0665461170635329,0.05243429659336033,100,100,118,5,0.05,11.248072537154506,4.1014426356050615,7.064838058768603,0.04696944936311007
