initial_infected_perc,initial_immune_perc,length,height,population_size,contagion_distance,critical_limit,amp_susc,amp_rec,amp_inf,response
0.046834285551150046,0.03904397643626718,100,100,118,5,0.05,2.8860078378391596,18.67537963935945,7.437372079244908,0.062492051278281245
