initial_infected_perc,initial_immune_perc,length,height,population_size,contagion_distance,critical_limit,amp_susc,amp_rec,amp_inf,response
0.0012714331030521777,0.015316419074199528,100,100,118,5,0.05,17.555277172254456,0.9051309785667772,8.22562519023405,0.01342183383981046
