initial_infected_perc,initial_immune_perc,length,height,population_size,contagion_distance,critical_limit,amp_susc,amp_rec,amp_inf,response
0.07728074440031249,0.026214729482825563,100,100,118,5,0.05,16.427877107545527,6.497219377933662,16.687691236457376,0.0448838269989853
