initial_infected_perc,initial_immune_perc,length,height,population_size,contagion_distance,critical_limit,amp_susc,amp_rec,amp_inf,response
0.07033491726016208,0.008012598077860644,100,100,118,5,0.05,17.283967478449057,14.81842845995409,4.155015870447585,0.1819034042821043
