initial_infected_perc,initial_immune_perc,length,height,population_size,contagion_distance,critical_limit,amp_susc,amp_rec,amp_inf,response
0.038915447786937146,0.0386149490275742,100,100,118,5,0.05,5.794010171602151,17.22635265901641,5.32496463278062,0.18255378355980206
