initial_infected_perc,initial_immune_perc,length,height,population_size,contagion_distance,critical_limit,amp_susc,amp_rec,amp_inf,response
0.011846934016401179,0.06411099108079268,100,100,118,5,0.05,3.893556001025882,12.61752354243578,13.6420852366332,0.24040297730402757
