initial_infected_perc,initial_immune_perc,length,height,population_size,contagion_distance,critical_limit,amp_susc,amp_rec,amp_inf,response
0.04707267626465698,0.0021059214233089987,100,100,118,5,0.05,13.765741071304149,12.548198209359203,9.184571431207686,0.11942734978419685
