initial_infected_perc,initial_immune_perc,length,height,population_size,contagion_distance,critical_limit,amp_susc,amp_rec,amp_inf,response
0.011997675263873,0.06198440500049468,100,100,118,5,0.05,15.26748178784021,2.7002970661890036,18.500120910810875,0.10726829973969322
