initial_infected_perc,initial_immune_perc,length,height,population_size,contagion_distance,critical_limit,amp_susc,amp_rec,amp_inf,response
0.02900926284868023,0.07566328959804143,100,100,118,5,0.05,17.251096189845484,7.109389137864892,8.151125978348668,0.22503233085105134
