initial_infected_perc,initial_immune_perc,length,height,population_size,contagion_distance,critical_limit,amp_susc,amp_rec,amp_inf,response
0.09481317836770509,0.05436408468025075,100,100,118,5,0.05,14.41667656290526,5.28970914823992,10.78555215992861,0.2865507009136564
