initial_infected_perc,initial_immune_perc,length,height,population_size,contagion_distance,critical_limit,amp_susc,amp_rec,amp_inf,response
0.020262182975229717,0.04192418778326321,100,100,118,5,0.05,7.355726466578543,7.816339054963526,17.40584411954133,0.04867601838010022
