initial_infected_perc,initial_immune_perc,length,height,population_size,contagion_distance,critical_limit,amp_susc,amp_rec,amp_inf,response
0.04772102374392532,0.042191950332216566,100,100,118,5,0.05,0.9740458629428139,0.8799763918565229,18.15908585817825,0.041721187029360805
