initial_infected_perc,initial_immune_perc,length,height,population_size,contagion_distance,critical_limit,amp_susc,amp_rec,amp_inf,response
0.022345378543368544,0.011677474893391382,100,100,118,5,0.05,8.014854183736418,3.789601823652,1.095314797701732,0.11723078409006521
