initial_infected_perc,initial_immune_perc,length,height,population_size,contagion_distance,critical_limit,amp_susc,amp_rec,amp_inf,response
0.026676559338388164,0.08798182055623656,100,100,118,5,0.05,15.290305832882146,6.3482980124305115,2.825173186451997,0.024496632413544005
