initial_infected_perc,initial_immune_perc,length,height,population_size,contagion_distance,critical_limit,amp_susc,amp_rec,amp_inf,response
0.009377923485642037,0.03514020444152929,100,100,118,5,0.05,13.046109076796794,9.362082933021142,17.849063984631673,0.2577739628547382
