initial_infected_perc,initial_immune_perc,length,height,population_size,contagion_distance,critical_limit,amp_susc,amp_rec,amp_inf,response
0.0989290230995542,0.07177409306418453,100,100,118,5,0.05,8.492125343005952,13.041705463017937,16.72823318628565,0.18489235779913354
