initial_infected_perc,initial_immune_perc,length,height,population_size,contagion_distance,critical_limit,amp_susc,amp_rec,amp_inf,response
0.08032910841601426,0.04182412690123421,100,100,118,5,0.05,15.086817963643348,7.46336886510292,2.625194060457805,0.14061076011861184
