initial_infected_perc,initial_immune_perc,length,height,population_size,contagion_distance,critical_limit,amp_susc,amp_rec,amp_inf,response
0.08821380301030662,0.05883846586173935,100,100,118,5,0.05,15.99463862659829,13.192891162206596,6.0766670304022945,0.29619823880103363
