initial_infected_perc,initial_immune_perc,length,height,population_size,contagion_distance,critical_limit,amp_susc,amp_rec,amp_inf,response
0.08450695396015885,0.050285417664255844,100,100,118,5,0.05,3.4621517395911083,14.216782739884719,10.712186518016358,0.012459276949931675
