initial_infected_perc,initial_immune_perc,length,height,population_size,contagion_distance,critical_limit,amp_susc,amp_rec,amp_inf,response
0.07439054529281909,0.01063398838374654,100,100,118,5,0.05,5.9117679777586325,5.535909200883797,4.545616371629082,0.2213719380716551
