initial_infected_perc,initial_immune_perc,length,height,population_size,contagion_distance,critical_limit,amp_susc,amp_rec,amp_inf,response
0.07513285854521329,0.09431255816779976,100,100,118,5,0.05,7.134770772701893,2.9137490981534686,14.944902200181758,0.22485374218584417
