initial_infected_perc,initial_immune_perc,length,height,population_size,contagion_distance,critical_limit,amp_susc,amp_rec,amp_inf,response
0.09187459833235334,0.04012477133240031,100,100,118,5,0.05,12.524573116529478,9.505350841806377,2.4064962702625703,0.011297469859324782
