initial_infected_perc,initial_immune_perc,length,height,population_size,contagion_distance,critical_limit,amp_susc,amp_rec,amp_inf,response
0.09892326213461158,0.0403946445890116,100,100,118,5,0.05,16.9332173909884,3.671907595658075,7.721793428663972,0.23060608795791943
