initial_infected_perc,initial_immune_perc,length,height,population_size,contagion_distance,critical_limit,amp_susc,amp_rec,amp_inf,response
0.015149941058533622,0.04728839022856161,100,100,118,5,0.05,4.5026492830694504,10.730090054526634,7.11941203280702,0.22771987602335597
