initial_infected_perc,initial_immune_perc,length,height,population_size,contagion_distance,critical_limit,amp_susc,amp_rec,amp_inf,response
0.08708482687565443,0.0032112269898329385,100,100,118,5,0.05,18.058244025917052,9.164881253880546,16.51046199750759,0.08387433893218384
