initial_infected_perc,initial_immune_perc,length,height,population_size,contagion_distance,critical_limit,amp_susc,amp_rec,amp_inf,response
0.06712608254071532,0.05229541776744561,100,100,118,5,0.05,5.31406847016634,15.277605564407077,3.277001521317362,0.19862270633501516
