initial_infected_perc,initial_immune_perc,length,height,population_size,contagion_distance,critical_limit,amp_susc,amp_rec,amp_inf,response
0.09332482164087787,0.054449609694888206,100,100,118,5,0.05,19.50358171071135,4.6482380417183915,8.759859982088727,0.09829503095734382
