initial_infected_perc,initial_immune_perc,length,height,population_size,contagion_distance,critical_limit,amp_susc,amp_rec,amp_inf,response
0.00964285627751571,0.07063727412787019,100,100,118,5,0.05,2.310300259273932,5.870658872272953,5.276834739273069,0.2116497710484507
