initial_infected_perc,initial_immune_perc,length,height,population_size,contagion_distance,critical_limit,amp_susc,amp_rec,amp_inf,response
0.050414558202962395,0.08474260386595829,100,100,118,5,0.05,8.661143289169917,2.6246155594568976,7.865382253910425,0.14533655200159487
