initial_infected_perc,initial_immune_perc,length,height,population_size,contagion_distance,critical_limit,amp_susc,amp_rec,amp_inf,response
0.07439417373677351,0.09505914677990908,100,100,118,5,0.05,18.763669326171172,7.854392596961506,3.654678414207446,0.11382130818276853
