initial_infected_perc,initial_immune_perc,length,height,population_size,contagion_distance,critical_limit,amp_susc,amp_rec,amp_inf,response
0.05468054209003803,0.05641735318455632,100,100,118,5,0.05,8.934949747430885,7.391991334718277,6.732022934175996,0.2003687599679526
