initial_infected_perc,initial_immune_perc,length,height,population_size,contagion_distance,critical_limit,amp_susc,amp_rec,amp_inf,response
0.04569675199843312,0.07609071979598597,100,100,118,5,0.05,19.750342407610518,9.04128376880201,16.785792604960367,0.1507305493991939
