initial_infected_perc,initial_immune_perc,length,height,population_size,contagion_distance,critical_limit,amp_susc,amp_rec,amp_inf,response
0.08828252174053343,0.025769000155012156,100,100,118,5,0.05,15.792703744919274,17.012592915275352,15.317760045695794,0.024412403770002054
