initial_infected_perc,initial_immune_perc,length,height,population_size,contagion_distance,critical_limit,amp_susc,amp_rec,amp_inf,response
0.07683245260759616,0.07863154558234263,100,100,118,5,0.05,1.7836535655091446,19.265700716815516,7.573709054903208,0.1716231197458697
