initial_infected_perc,initial_immune_perc,length,height,population_size,contagion_distance,critical_limit,amp_susc,amp_rec,amp_inf,response
0.04972325887548477,0.016224881596534114,100,100,118,5,0.05,1.056487151992005,12.127931226247448,13.226872559072554,0.22383242652698004
