initial_infected_perc,initial_immune_perc,length,height,population_size,contagion_distance,critical_limit,amp_susc,amp_rec,amp_inf,response
0.03603806446100263,0.08007201606029568,100,100,118,5,0.05,18.882269413309768,8.471496143912855,14.422738991682337,0.06843148536560886
