initial_infected_perc,initial_immune_perc,length,height,population_size,contagion_distance,critical_limit,amp_susc,amp_rec,amp_inf,response
0.043596643545662485,0.003352121051805912,100,100,118,5,0.05,9.73131067093507,18.026756362185978,13.7887899095998,0.21902575403461452
