initial_infected_perc,initial_immune_perc,length,height,population_size,contagion_distance,critical_limit,amp_susc,amp_rec,amp_inf,response
0.0068953933289492625,0.05779270491359759,100,100,118,5,0.05,6.364365428991102,9.53246195534069,16.609676873424377,0.20895528605209487
