initial_infected_perc,initial_immune_perc,length,height,population_size,contagion_distance,critical_limit,amp_susc,amp_rec,amp_inf,response
0.07018818783800182,0.05840168124155795,100,100,118,5,0.05,4.955155134988054,14.158362249394427,16.001377683414276,0.07549622592321761
