initial_infected_perc,initial_immune_perc,length,height,population_size,contagion_distance,critical_limit,amp_susc,amp_rec,amp_inf,response
0.0156513681851858,0.0011908556913642898,100,100,118,5,0.05,2.998894518160322,17.02432395717925,4.28099428069814,0.12312866480727197
