initial_infected_perc,initial_immune_perc,length,height,population_size,contagion_distance,critical_limit,amp_susc,amp_rec,amp_inf,response
0.011318022602390421,0.02501921216569334,100,100,118,5,0.05,4.098156077467627,11.948704672623586,5.811053061222086,0.10734884492792537
