initial_infected_perc,initial_immune_perc,length,height,population_size,contagion_distance,critical_limit,amp_susc,amp_rec,amp_inf,response
0.058968340344449144,0.01768343912134195,100,100,118,5,0.05,7.0134748568583465,4.29674097600987,5.728321952312488,0.20132208862794776
