initial_infected_perc,initial_immune_perc,length,height,population_size,contagion_distance,critical_limit,amp_susc,amp_rec,amp_inf,response
0.0770544963933345,0.04107885457584747,100,100,118,5,0.05,17.850600395520082,2.1073214280221375,16.9751278013007,0.10773802244403886
