initial_infected_perc,initial_immune_perc,length,height,population_size,contagion_distance,critical_limit,amp_susc,amp_rec,amp_inf,response
0.07816260622128851,0.06183402468843821,100,100,118,5,0.05,12.14335244835259,2.1459814940188315,2.647514505184476,0.02012311463113828
