initial_infected_perc,initial_immune_perc,length,height,population_size,contagion_distance,critical_limit,amp_susc,amp_rec,amp_inf,response
0.07307141281433512,0.03412058994258659,100,100,118,5,0.05,11.047219676866376,16.20844574836811,17.440362979605933,0.2735317350023819
