initial_infected_perc,initial_immune_perc,length,height,population_size,contagion_distance,critical_limit,amp_susc,amp_rec,amp_inf,response
0.0309416744491982,0.02230637491032226,100,100,118,5,0.05,12.76724625579864,1.6930166026514826,15.265675642666242,0.07908750684571456
