initial_infected_perc,initial_immune_perc,length,height,population_size,contagion_distance,critical_limit,amp_susc,amp_rec,amp_inf,response
0.043800305472837225,0.08230832691953066,100,100,118,5,0.05,11.342923219202202,11.86702542201788,18.492215960011613,0.12443914446602858
