initial_infected_perc,initial_immune_perc,length,height,population_size,contagion_distance,critical_limit,amp_susc,amp_rec,amp_inf,response
0.06947602936765945,0.04589760417349619,100,100,118,5,0.05,19.812488518911742,6.200270471364384,5.418454265858623,0.24101082694296344
