initial_infected_perc,initial_immune_perc,length,height,population_size,contagion_distance,critical_limit,amp_susc,amp_rec,amp_inf,response
0.08522861285332833,0.04405228388487364,100,100,118,5,0.05,7.98185936368003,3.47265062896575,6.953604589805932,0.18023753692735192
