initial_infected_perc,initial_immune_perc,length,height,population_size,contagion_distance,critical_limit,amp_susc,amp_rec,amp_inf,response
0.09412635645020268,0.09795184145266884,100,100,118,5,0.05,19.93987975008634,11.729496105635812,11.41726746217443,0.10044820094595598
