initial_infected_perc,initial_immune_perc,length,height,population_size,contagion_distance,critical_limit,amp_susc,amp_rec,amp_inf,response
0.03640910094306762,0.00013269762680512276,100,100,118,5,0.05,15.553496898995094,2.7711551743196483,19.9331928239825,0.163749558926355
