initial_infected_perc,initial_immune_perc,length,height,population_size,contagion_distance,critical_limit,amp_susc,amp_rec,amp_inf,response
0.01333415183024761,0.08261723242817778,100,100,118,5,0.05,0.19438419928886397,5.683442691515745,3.528032331424704,0.2616706930762339
