initial_infected_perc,initial_immune_perc,length,height,population_size,contagion_distance,critical_limit,amp_susc,amp_rec,amp_inf,response
0.038223152193929966,0.026029602837991262,100,100,118,5,0.05,13.798960906265714,6.8546332095331275,3.814433821395864,0.19616283920365593
