initial_infected_perc,initial_immune_perc,length,height,population_size,contagion_distance,critical_limit,amp_susc,amp_rec,amp_inf,response
0.08045901527564087,0.028994452103095217,100,100,118,5,0.05,18.911024280047112,2.098729757483495,16.554658833424792,0.17170174129528404
