initial_infected_perc,initial_immune_perc,length,height,population_size,contagion_distance,critical_limit,amp_susc,amp_rec,amp_inf,response
0.08260437781365015,0.08544970923839014,100,100,118,5,0.05,7.71573913891017,17.986531154333363,14.867943644402878,0.13750020376897162
