initial_infected_perc,initial_immune_perc,length,height,population_size,contagion_distance,critical_limit,amp_susc,amp_rec,amp_inf,response
0.06757922339684673,0.06453004702084902,100,100,118,5,0.05,10.274812704537213,12.597015207182336,4.916214049564999,0.1290273927056229
