initial_infected_perc,initial_immune_perc,length,height,population_size,contagion_distance,critical_limit,amp_susc,amp_rec,amp_inf,response
0.053554834926310094,0.013234389805325287,100,100,118,5,0.05,3.1741709987440347,6.080524152403162,15.162510622701301,0.07110467095299079
