initial_infected_perc,initial_immune_perc,length,height,population_size,contagion_distance,critical_limit,amp_susc,amp_rec,amp_inf,response
0.0028450359909354406,0.07147336335352958,100,100,118,5,0.05,8.608092920088932,19.720946152815564,10.036645701126158,0.18549567882155746
