initial_infected_perc,initial_immune_perc,length,height,population_size,contagion_distance,critical_limit,amp_susc,amp_rec,amp_inf,response
0.044354637817893096,0.0566354134109498,100,100,118,5,0.05,14.91283658481586,10.149309782077045,8.132445772805033,0.0182900456378312
