initial_infected_perc,initial_immune_perc,length,height,population_size,contagion_distance,critical_limit,amp_susc,amp_rec,amp_inf,response
0.04994839059523183,0.009658054790612082,100,100,118,5,0.05,15.2212719408265,0.14340091366077168,5.007400979447329,0.22576165420856176
