initial_infected_perc,initial_immune_perc,length,height,population_size,contagion_distance,critical_limit,amp_susc,amp_rec,amp_inf,response
0.07102733748868703,0.03590935309912598,100,100,118,5,0.05,16.173433011466052,7.441322536398475,3.1574837959492297,0.17479478395743156
