initial_infected_perc,initial_immune_perc,length,height,population_size,contagion_distance,critical_limit,amp_susc,amp_rec,amp_inf,response
0.0025054015288763724,0.017729420124157316,100,100,118,5,0.05,9.630427799549024,14.399764972199065,19.217880445948825,0.07954694353775323
