initial_infected_perc,initial_immune_perc,length,height,population_size,contagion_distance,critical_limit,amp_susc,amp_rec,amp_inf,response
0.05434853302507825,0.09302454533658171,100,100,118,5,0.05,13.43762975072634,1.6825193700672836,19.116509616455712,0.02831005350384956
