initial_infected_perc,initial_immune_perc,length,height,population_size,contagion_distance,critical_limit,amp_susc,amp_rec,amp_inf,response
0.0971774710561396,0.09191937843150567,100,100,118,5,0.05,19.408936238165364,5.734683322471705,14.790861796120398,0.13520468013179043
