initial_infected_perc,initial_immune_perc,length,height,population_size,contagion_distance,critical_limit,amp_susc,amp_rec,amp_inf,response
0.0830532124747714,0.07341739080118602,100,100,118,5,0.05,5.096598065243684,5.053972003781453,14.826976480309373,0.2437062142317091
