initial_infected_perc,initial_immune_perc,length,height,population_size,contagion_distance,critical_limit,amp_susc,amp_rec,amp_inf,response
0.03918647343143949,0.05418049600949653,100,100,118,5,0.05,6.960855389522671,8.538863433523357,14.335983161033049,0.06877528876186663
