initial_infected_perc,initial_immune_perc,length,height,population_size,contagion_distance,critical_limit,amp_susc,amp_rec,amp_inf,response
0.04793735721647327,0.05379995419942912,100,100,118,5,0.05,15.300153858571463,19.47221778066731,6.008866704053101,0.017175994449761377
