initial_infected_perc,initial_immune_perc,length,height,population_size,contagion_distance,critical_limit,amp_susc,amp_rec,amp_inf,response
0.08838550964027196,0.01631603890741671,100,100,118,5,0.05,15.161235223553085,8.996006203222846,12.426018157777028,0.22874004251627608
