initial_infected_perc,initial_immune_perc,length,height,population_size,contagion_distance,critical_limit,amp_susc,amp_rec,amp_inf,response
0.09001683530013697,0.0069766902758855226,100,100,118,5,0.05,18.272139861910528,13.647306271155713,12.956474815054406,0.25044931444796575
