initial_infected_perc,initial_immune_perc,length,height,population_size,contagion_distance,critical_limit,amp_susc,amp_rec,amp_inf,response
0.0672879433001318,0.051170574482453046,100,100,118,5,0.05,13.81834876408363,7.550276605887303,6.1687788408915605,0.06737463783777732
