initial_infected_perc,initial_immune_perc,length,height,population_size,contagion_distance,critical_limit,amp_susc,amp_rec,amp_inf,response
0.004501549281494388,0.08597486986295975,100,100,118,5,0.05,4.947940127024141,13.96674486411687,1.1730388191400176,0.175291480766005
