initial_infected_perc,initial_immune_perc,length,height,population_size,contagion_distance,critical_limit,amp_susc,amp_rec,amp_inf,response
0.027385459290741265,0.09709491155517527,100,100,118,5,0.05,8.56632661895907,14.929900035508034,1.9556614855425214,0.1364499241558204
