initial_infected_perc,initial_immune_perc,length,height,population_size,contagion_distance,critical_limit,amp_susc,amp_rec,amp_inf,response
0.044904682908187256,0.05279489148715804,100,100,118,5,0.05,13.573997344426976,1.886092315071466,10.887424447411728,0.24408704765150485
