initial_infected_perc,initial_immune_perc,length,height,population_size,contagion_distance,critical_limit,amp_susc,amp_rec,amp_inf,response
0.0821618340672684,0.023814489246991345,100,100,118,5,0.05,18.370274644566095,1.5757475652726027,16.348495267918157,0.046115600481480924
