initial_infected_perc,initial_immune_perc,length,height,population_size,contagion_distance,critical_limit,amp_susc,amp_rec,amp_inf,response
0.08629524415563622,0.0058995637309256395,100,100,118,5,0.05,17.29611726900022,4.294780336466024,6.783373757909379,0.22629860739200006
