initial_infected_perc,initial_immune_perc,length,height,population_size,contagion_distance,critical_limit,amp_susc,amp_rec,amp_inf,response
0.029175072872679,0.011080834039746901,100,100,118,5,0.05,18.768332535256306,17.14119155979763,7.281746660632287,0.2497684213329182
