initial_infected_perc,initial_immune_perc,length,height,population_size,contagion_distance,critical_limit,amp_susc,amp_rec,amp_inf,response
0.04954200633141381,0.01217555415716194,100,100,118,5,0.05,6.238759388714454,12.098653462651203,18.19967084729956,0.12015283485964441
