initial_infected_perc,initial_immune_perc,length,height,population_size,contagion_distance,critical_limit,amp_susc,amp_rec,amp_inf,response
0.007009182414282189,0.07205469645167484,100,100,118,5,0.05,9.960938171495313,2.7429126689307215,6.808106923371849,0.05231246858972274
