initial_infected_perc,initial_immune_perc,length,height,population_size,contagion_distance,critical_limit,amp_susc,amp_rec,amp_inf,response
0.033412916230614445,0.08320781234835022,100,100,118,5,0.05,7.9656246775089805,19.170413489334972,0.7644176418283366,0.08945716122260568
