initial_infected_perc,initial_immune_perc,length,height,population_size,contagion_distance,critical_limit,amp_susc,amp_rec,amp_inf,response
0.03740457732113598,0.08756504394738718,100,100,118,5,0.05,18.270574532583154,13.522827214465687,2.710232561589807,0.2368652479132231
