initial_infected_perc,initial_immune_perc,length,height,population_size,contagion_distance,critical_limit,amp_susc,amp_rec,amp_inf,response
0.0950981650982091,0.031477277180378016,100,100,118,5,0.05,18.868667978046307,2.2776696833023347,3.7917249925028673,0.07193362186828858
