initial_infected_perc,initial_immune_perc,length,height,population_size,contagion_distance,critical_limit,amp_susc,amp_rec,amp_inf,response
0.022022705593681382,0.011538270771943793,100,100,118,5,0.05,5.81417628010565,8.557739682866188,8.964922087853946,0.13141817546914417
