initial_infected_perc,initial_immune_perc,length,height,population_size,contagion_distance,critical_limit,amp_susc,amp_rec,amp_inf,response
0.08440089540184803,0.04799500744775277,100,100,118,5,0.05,0.21507158572441343,6.286618038919727,6.64121488017569,0.23525110259685342
