initial_infected_perc,initial_immune_perc,length,height,population_size,contagion_distance,critical_limit,amp_susc,amp_rec,amp_inf,response
0.09107438079308881,0.016780025963983636,100,100,118,5,0.05,3.58990899731896,10.52056214207701,19.176963831745123,0.193319251928785
