initial_infected_perc,initial_immune_perc,length,height,population_size,contagion_distance,critical_limit,amp_susc,amp_rec,amp_inf,response
0.011880673748781635,0.03128423689670767,100,100,118,5,0.05,15.931638544813008,6.274174955660239,9.657059595109445,0.14109078871391012
