initial_infected_perc,initial_immune_perc,length,height,population_size,contagion_distance,critical_limit,amp_susc,amp_rec,amp_inf,response
0.06872216763338443,0.003273008965109503,100,100,118,5,0.05,16.243327646053423,8.533052640793969,15.741095559874822,0.028715076785095647
