initial_infected_perc,initial_immune_perc,length,height,population_size,contagion_distance,critical_limit,amp_susc,amp_rec,amp_inf,response
0.027305126403336932,0.09256969996100556,100,100,118,5,0.05,17.11219436633289,6.128449859569082,4.539949311660414,0.05892331312330774
