initial_infected_perc,initial_immune_perc,length,height,population_size,contagion_distance,critical_limit,amp_susc,amp_rec,amp_inf,response
0.037743119899554006,0.029023756752620623,100,100,118,5,0.05,8.123317610971645,9.25768356293182,2.01418260021037,0.05983986734870828
