initial_infected_perc,initial_immune_perc,length,height,population_size,contagion_distance,critical_limit,amp_susc,amp_rec,amp_inf,response
0.06580600674596965,0.013007499081044838,100,100,118,5,0.05,17.030033045151242,4.303199991178492,13.462232572837054,0.07254656173730874
