initial_infected_perc,initial_immune_perc,length,height,population_size,contagion_distance,critical_limit,amp_susc,amp_rec,amp_inf,response
0.018261673227186737,0.0463222386476351,100,100,118,5,0.05,1.9525525152809653,2.0489327124949885,3.259882739961071,0.2538314367502373
