initial_infected_perc,initial_immune_perc,length,height,population_size,contagion_distance,critical_limit,amp_susc,amp_rec,amp_inf,response
0.0680229800522782,0.0534176466204552,100,100,118,5,0.05,18.483291423551925,7.255856727987398,17.418647622198588,0.20306881184728337
