initial_infected_perc,initial_immune_perc,length,height,population_size,contagion_distance,critical_limit,amp_susc,amp_rec,amp_inf,response
0.09233374435288004,0.09423375852514476,100,100,118,5,0.05,18.094864972713538,13.829502888636071,2.8035856001296633,0.18335131622178408
