initial_infected_perc,initial_immune_perc,length,height,population_size,contagion_distance,critical_limit,amp_susc,amp_rec,amp_inf,response
0.06574505942337067,0.0025655264539543366,100,100,118,5,0.05,18.601880634526445,18.966670879626687,5.946501300670137,0.050057954214467106
