initial_infected_perc,initial_immune_perc,length,height,population_size,contagion_distance,critical_limit,amp_susc,amp_rec,amp_inf,response
0.0617179855787408,0.09136404803427312,100,100,118,5,0.05,6.528351918508573,5.717851576229607,14.522051315256608,0.2280753851358286
