initial_infected_perc,initial_immune_perc,length,height,population_size,contagion_distance,critical_limit,amp_susc,amp_rec,amp_inf,response
0.04908162150570389,0.06857464496984088,100,100,118,5,0.05,0.5239033261877246,16.591018722678015,12.930510921182282,0.17485940699669722
