initial_infected_perc,initial_immune_perc,length,height,population_size,contagion_distance,critical_limit,amp_susc,amp_rec,amp_inf,response
0.04041944117174378,0.04627923194809685,100,100,118,5,0.05,9.068864164513947,19.868641065231362,6.269650790020975,0.1632945964671832
