initial_infected_perc,initial_immune_perc,length,height,population_size,contagion_distance,critical_limit,amp_susc,amp_rec,amp_inf,response
0.05397356563983308,0.07751654089161011,100,100,118,5,0.05,15.212354706147206,16.88006619801933,19.759612706590033,0.14445139643279484
