initial_infected_perc,initial_immune_perc,length,height,population_size,contagion_distance,critical_limit,amp_susc,amp_rec,amp_inf,response
0.02539398395149164,0.028858154572677264,100,100,118,5,0.05,6.0406366276563395,18.023858007633926,11.965564686559846,0.07647643303619418
