initial_infected_perc,initial_immune_perc,length,height,population_size,contagion_distance,critical_limit,amp_susc,amp_rec,amp_inf,response
0.043415710064430506,0.04524224240303729,100,100,118,5,0.05,2.418163731998828,15.939478153496047,8.19592923583899,0.2684309224976645
