initial_infected_perc,initial_immune_perc,length,height,population_size,contagion_distance,critical_limit,amp_susc,amp_rec,amp_inf,response
0.07739796188685708,0.03668859345086563,100,100,118,5,0.05,10.593430505281303,19.15869221068575,4.380715082217758,0.2880806442374491
