initial_infected_perc,initial_immune_perc,length,height,population_size,contagion_distance,critical_limit,amp_susc,amp_rec,amp_inf,response
0.07738803436194584,0.061004398325968934,100,100,118,5,0.05,13.614704487113897,14.767536607220343,9.845713890316928,0.21529850112343846
