initial_infected_perc,initial_immune_perc,length,height,population_size,contagion_distance,critical_limit,amp_susc,amp_rec,amp_inf,response
0.025560317784566657,0.010700576105908322,100,100,118,5,0.05,6.335258282522968,8.019033183438303,4.142228215499655,0.1945707442377014
