initial_infected_perc,initial_immune_perc,length,height,population_size,contagion_distance,critical_limit,amp_susc,amp_rec,amp_inf,response
0.03797442289287439,0.08675967796122833,100,100,118,5,0.05,4.362160586374855,4.201586469129133,8.349160986746718,0.24232708616832047
