initial_infected_perc,initial_immune_perc,length,height,population_size,contagion_distance,critical_limit,amp_susc,amp_rec,amp_inf,response
0.05036641507929247,0.017085579530850502,100,100,118,5,0.05,0.7057509941816531,16.695363547417855,4.411564981610265,0.14099685249775493
