initial_infected_perc,initial_immune_perc,length,height,population_size,contagion_distance,critical_limit,amp_susc,amp_rec,amp_inf,response
0.03869807204999585,0.025613756540081946,100,100,118,5,0.05,5.181883037076402,16.935439913071093,17.922917553034974,0.20253446982801368
