initial_infected_perc,initial_immune_perc,length,height,population_size,contagion_distance,critical_limit,amp_susc,amp_rec,amp_inf,response
0.018807293806673564,0.03517971541551051,100,100,118,5,0.05,15.089828018541478,9.62931936594943,3.63640955200645,0.29519218869905134
