initial_infected_perc,initial_immune_perc,length,height,population_size,contagion_distance,critical_limit,amp_susc,amp_rec,amp_inf,response
0.03191942964655955,0.08965253528044863,100,100,118,5,0.05,19.432132235881024,19.404573919600764,7.999113149734995,0.038438419281921134
