initial_infected_perc,initial_immune_perc,length,height,population_size,contagion_distance,critical_limit,amp_susc,amp_rec,amp_inf,response
0.08350514987961007,0.06908304036361168,100,100,118,5,0.05,19.489589380669866,15.243357483248055,4.990075512510224,0.1996984812146609
