initial_infected_perc,initial_immune_perc,length,height,population_size,contagion_distance,critical_limit,amp_susc,amp_rec,amp_inf,response
0.04422077196172165,0.05577346295502994,100,100,118,5,0.05,2.862957390585028,7.264193744626029,2.0759885047242532,0.11134008951743113
