initial_infected_perc,initial_immune_perc,length,height,population_size,contagion_distance,critical_limit,amp_susc,amp_rec,amp_inf,response
0.012995453220037034,0.09813562408061684,100,100,118,5,0.05,0.2766693693851008,15.297078673500469,18.56364876349192,0.26687959147886836
