initial_infected_perc,initial_immune_perc,length,height,population_size,contagion_distance,critical_limit,amp_susc,amp_rec,amp_inf,response
0.07417272310633406,0.0957504730275991,100,100,118,5,0.05,3.488944088709114,3.5135390506205977,1.6740739332625898,0.19207431959599638
