initial_infected_perc,initial_immune_perc,length,height,population_size,contagion_distance,critical_limit,amp_susc,amp_rec,amp_inf,response
0.0036028838540784537,0.026317372938104735,100,100,118,5,0.05,16.866112461323972,11.689260708473434,3.055541912052273,0.15362736672884228
