initial_infected_perc,initial_immune_perc,length,height,population_size,contagion_distance,critical_limit,amp_susc,amp_rec,amp_inf,response
0.09362786030624001,0.09414332309590023,100,100,118,5,0.05,14.389524386701506,19.837066077999456,11.907823605204475,0.2787630164966673
