initial_infected_perc,initial_immune_perc,length,height,population_size,contagion_distance,critical_limit,amp_susc,amp_rec,amp_inf,response
0.07760767819434851,0.037743106033054946,100,100,118,5,0.05,0.7119402649532836,4.3649737310879715,3.1329705279662257,0.04890192377319839
