initial_infected_perc,initial_immune_perc,length,height,population_size,contagion_distance,critical_limit,amp_susc,amp_rec,amp_inf,response
0.08257445572938728,0.0017486682097712536,100,100,118,5,0.05,9.049618479726886,19.755603899442303,1.7226562172367443,0.12749374782190512
