initial_infected_perc,initial_immune_perc,length,height,population_size,contagion_distance,critical_limit,amp_susc,amp_rec,amp_inf,response
0.030376801631431184,0.0526181511378385,100,100,118,5,0.05,19.57387652884233,17.967284444811703,13.80754569328606,0.03248406339568738
