initial_infected_perc,initial_immune_perc,length,height,population_size,contagion_distance,critical_limit,amp_susc,amp_rec,amp_inf,response
0.08855262856997331,0.03624427635056273,100,100,118,5,0.05,14.52957747160287,14.74041133323427,12.730115290276935,0.23724372614221656
