initial_infected_perc,initial_immune_perc,length,height,population_size,contagion_distance,critical_limit,amp_susc,amp_rec,amp_inf,response
0.09441629168630161,0.06792310612410259,100,100,118,5,0.05,16.370980847422583,2.29489244924991,3.9081640387284056,0.17378377094570827
