initial_infected_perc,initial_immune_perc,length,height,population_size,contagion_distance,critical_limit,amp_susc,amp_rec,amp_inf,response
0.07130441167128404,0.035923716856575104,100,100,118,5,0.05,15.75782074479799,2.1595355314619358,18.9416786994331,0.2624744420951183
