initial_infected_perc,initial_immune_perc,length,height,population_size,contagion_distance,critical_limit,amp_susc,amp_rec,amp_inf,response
0.03928377730647649,0.06618442520403153,100,100,118,5,0.05,5.934931191404386,18.050174370621264,2.5861678533040333,0.18532328690161
