initial_infected_perc,initial_immune_perc,length,height,population_size,contagion_distance,critical_limit,amp_susc,amp_rec,amp_inf,response
0.042473540196726445,0.023073852296751164,100,100,118,5,0.05,14.015524672482487,16.544966984964425,1.8851463376454713,0.28183567026260026
