initial_infected_perc,initial_immune_perc,length,height,population_size,contagion_distance,critical_limit,amp_susc,amp_rec,amp_inf,response
0.018008074126722395,0.06564600456487313,100,100,118,5,0.05,0.8100721533525812,2.4115193056242656,17.667174422677157,0.053908760744955674
