initial_infected_perc,initial_immune_perc,length,height,population_size,contagion_distance,critical_limit,amp_susc,amp_rec,amp_inf,response
0.08082902301959759,0.0031186955226980453,100,100,118,5,0.05,1.7018347528410938,0.32200158210201835,11.78775310766341,0.06784564654799513
