initial_infected_perc,initial_immune_perc,length,height,population_size,contagion_distance,critical_limit,amp_susc,amp_rec,amp_inf,response
0.06394589437545388,0.09649325441261114,100,100,118,5,0.05,17.57229163245849,16.50134163753773,5.9087550520349446,0.03872384678806921
