initial_infected_perc,initial_immune_perc,length,height,population_size,contagion_distance,critical_limit,amp_susc,amp_rec,amp_inf,response
0.09860685397008649,0.05569961863232629,100,100,118,5,0.05,8.237932134535047,18.184557450516976,0.4853971058209039,0.053839363588681285
