initial_infected_perc,initial_immune_perc,length,height,population_size,contagion_distance,critical_limit,amp_susc,amp_rec,amp_inf,response
0.0657293096999527,0.058610419466823105,100,100,118,5,0.05,18.954888137273024,1.8300210644509551,10.318533583344339,0.2054621753105815
