initial_infected_perc,initial_immune_perc,length,height,population_size,contagion_distance,critical_limit,amp_susc,amp_rec,amp_inf,response
0.004813775515774533,0.0983661372132295,100,100,118,5,0.05,2.7261964465308797,19.598700910291996,8.07026299198178,0.21731738478198573
