initial_infected_perc,initial_immune_perc,length,height,population_size,contagion_distance,critical_limit,amp_susc,amp_rec,amp_inf,response
0.09669905919852685,0.007316911542238014,100,100,118,5,0.05,2.6403076758124944,13.308125443277675,4.347566576174122,0.24892094590517896
