initial_infected_perc,initial_immune_perc,length,height,population_size,contagion_distance,critical_limit,amp_susc,amp_rec,amp_inf,response
0.03246184696308964,0.0072269773475514,100,100,118,5,0.05,0.3366993388347872,10.749992674616465,13.453641937198707,0.1746362299883733
