initial_infected_perc,initial_immune_perc,length,height,population_size,contagion_distance,critical_limit,amp_susc,amp_rec,amp_inf,response
0.07420011554608967,0.009881399305477346,100,100,118,5,0.05,13.092413392645073,17.030396482290577,6.8840921150411045,0.2212183905299527
