initial_infected_perc,initial_immune_perc,length,height,population_size,contagion_distance,critical_limit,amp_susc,amp_rec,amp_inf,response
0.02772027806796831,0.08121804901040283,100,100,118,5,0.05,6.573137101056914,16.33809819453368,3.5407803974619823,0.24338422024876755
