initial_infected_perc,initial_immune_perc,length,height,population_size,contagion_distance,critical_limit,amp_susc,amp_rec,amp_inf,response
0.05372794608672874,0.07511097207097783,100,100,118,5,0.05,19.3367045289287,18.95287624828366,16.942574782691302,0.08760009649513982
