initial_infected_perc,initial_immune_perc,length,height,population_size,contagion_distance,critical_limit,amp_susc,amp_rec,amp_inf,response
0.07967399446339556,0.08601306279448619,100,100,118,5,0.05,8.199078537201673,3.095614956114918,18.28805448095768,0.2896209676091537
