initial_infected_perc,initial_immune_perc,length,height,population_size,contagion_distance,critical_limit,amp_susc,amp_rec,amp_inf,response
0.011684939154752973,0.059938097587898226,100,100,118,5,0.05,14.344235586720714,1.5716996886792312,12.266443781558253,0.22537563861893342
