initial_infected_perc,initial_immune_perc,length,height,population_size,contagion_distance,critical_limit,amp_susc,amp_rec,amp_inf,response
0.024104407573073684,0.074898712681078,100,100,118,5,0.05,5.371228003283299,2.2069362868369047,7.132287016123151,0.016344421069231407
