initial_infected_perc,initial_immune_perc,length,height,population_size,contagion_distance,critical_limit,amp_susc,amp_rec,amp_inf,response
0.08478560546583822,0.05107568657486916,100,100,118,5,0.05,14.869778931675837,15.3370506529245,9.65233902377885,0.18258092699511144
