initial_infected_perc,initial_immune_perc,length,height,population_size,contagion_distance,critical_limit,amp_susc,amp_rec,amp_inf,response
0.08847020048714183,0.05887030846000301,100,100,118,5,0.05,17.308303107312955,1.9300675113432986,6.225680809706731,0.06292537498588267
