initial_infected_perc,initial_immune_perc,length,height,population_size,contagion_distance,critical_limit,amp_susc,amp_rec,amp_inf,response
0.06512953993311685,0.019865517928833978,100,100,118,5,0.05,8.700018034365687,7.195437094294885,6.600399529679528,0.24509210897110134
