initial_infected_perc,initial_immune_perc,length,height,population_size,contagion_distance,critical_limit,amp_susc,amp_rec,amp_inf,response
0.04580553329761353,0.05434347394924993,100,100,118,5,0.05,13.55369066473074,4.885709863857084,7.4682363096876525,0.04619204321642573
