initial_infected_perc,initial_immune_perc,length,height,population_size,contagion_distance,critical_limit,amp_susc,amp_rec,amp_inf,response
0.08571219696349179,0.025289833764692418,100,100,118,5,0.05,12.989080071582755,10.003047163113708,11.834439946303238,0.28683202184006396
