initial_infected_perc,initial_immune_perc,length,height,population_size,contagion_distance,critical_limit,amp_susc,amp_rec,amp_inf,response
0.04281916889291662,0.08831883679768252,100,100,118,5,0.05,4.948044472083217,1.3426239099071458,19.56215253535237,0.0054554748278933364
