initial_infected_perc,initial_immune_perc,length,height,population_size,contagion_distance,critical_limit,amp_susc,amp_rec,amp_inf,response
0.01722270364019195,0.06823030800455095,100,100,118,5,0.05,11.605715658630436,8.103095373014842,0.6062743104226542,0.011169302619348875
