initial_infected_perc,initial_immune_perc,length,height,population_size,contagion_distance,critical_limit,amp_susc,amp_rec,amp_inf,response
0.09423723815646623,0.000684758074623515,100,100,118,5,0.05,9.676044627798037,8.364758399239246,10.003972752486195,0.27628593620434627
