initial_infected_perc,initial_immune_perc,length,height,population_size,contagion_distance,critical_limit,amp_susc,amp_rec,amp_inf,response
0.09015362655945175,0.08949860239812785,100,100,118,5,0.05,8.094155230581812,8.50781284969593,10.7404378823228,0.11303912152153334
