initial_infected_perc,initial_immune_perc,length,height,population_size,contagion_distance,critical_limit,amp_susc,amp_rec,amp_inf,response
0.0879137062267793,0.08907725381077863,100,100,118,5,0.05,15.409970391309038,7.640492212788899,9.77451308956135,0.27846495229626644
