initial_infected_perc,initial_immune_perc,length,height,population_size,contagion_distance,critical_limit,amp_susc,amp_rec,amp_inf,response
0.02834077849658605,0.023083112614336234,100,100,118,5,0.05,12.561987612848778,4.148285983454041,15.387534591917593,0.16802725675864194
