initial_infected_perc,initial_immune_perc,length,height,population_size,contagion_distance,critical_limit,amp_susc,amp_rec,amp_inf,response
0.03934954794567909,0.022234577952485582,100,100,118,5,0.05,6.410629359515583,16.844737783825302,4.792393633754672,0.07191692309594949
