initial_infected_perc,initial_immune_perc,length,height,population_size,contagion_distance,critical_limit,amp_susc,amp_rec,amp_inf,response
0.040451997473112324,0.059060723605815595,100,100,118,5,0.05,5.2351449748989936,6.808968596498495,4.349251712560309,0.26195544974921725
