initial_infected_perc,initial_immune_perc,length,height,population_size,contagion_distance,critical_limit,amp_susc,amp_rec,amp_inf,response
0.04457448003816422,0.09316287745746397,100,100,118,5,0.05,2.943246653650602,1.0542261684804943,19.20235707207082,0.06298538156036
