initial_infected_perc,initial_immune_perc,length,height,population_size,contagion_distance,critical_limit,amp_susc,amp_rec,amp_inf,response
0.04504069101054682,0.040758322559969966,100,100,118,5,0.05,16.737869349046864,10.528695168799437,1.4484275970398608,0.04943649623768367
