initial_infected_perc,initial_immune_perc,length,height,population_size,contagion_distance,critical_limit,amp_susc,amp_rec,amp_inf,response
0.07754210706291594,0.026354841709881217,100,100,118,5,0.05,1.6207503296066461,16.914681986670566,12.962342324844158,0.12746048817204134
