initial_infected_perc,initial_immune_perc,length,height,population_size,contagion_distance,critical_limit,amp_susc,amp_rec,amp_inf,response
0.06324886121003186,0.04152627300329162,100,100,118,5,0.05,6.446200355259515,4.304928818336371,18.641295331256373,0.04518635378370123
