initial_infected_perc,initial_immune_perc,length,height,population_size,contagion_distance,critical_limit,amp_susc,amp_rec,amp_inf,response
0.0646997971576818,0.054781777273085676,100,100,118,5,0.05,16.943084690175226,18.71056146452901,17.197715603585685,0.1992617110188548
