initial_infected_perc,initial_immune_perc,length,height,population_size,contagion_distance,critical_limit,amp_susc,amp_rec,amp_inf,response
0.06968937233044185,0.047025998689022866,100,100,118,5,0.05,3.4233304821410804,9.56739558666892,16.359448449381752,0.16435854335056407
