initial_infected_perc,initial_immune_perc,length,height,population_size,contagion_distance,critical_limit,amp_susc,amp_rec,amp_inf,response
0.0534613308436106,0.021815311300159203,100,100,118,5,0.05,4.2085662758617755,18.040232049053174,19.857428970864596,0.13980933194395223
