initial_infected_perc,initial_immune_perc,length,height,population_size,contagion_distance,critical_limit,amp_susc,amp_rec,amp_inf,response
0.05192239971696985,0.014574595517549561,100,100,118,5,0.05,14.283347570226507,15.10377288638628,14.50068257127879,0.19027073485570767
