initial_infected_perc,initial_immune_perc,length,height,population_size,contagion_distance,critical_limit,amp_susc,amp_rec,amp_inf,response
0.04235239807843138,0.01908720198886217,100,100,118,5,0.05,10.77584030524304,14.61018394822368,8.513921508913786,0.08756330626505342
