initial_infected_perc,initial_immune_perc,length,height,population_size,contagion_distance,critical_limit,amp_susc,amp_rec,amp_inf,response
0.026099175485411075,0.08048626187288306,100,100,118,5,0.05,10.536408145254006,4.657500651648561,19.79673678748369,0.0006921342057350288
