initial_infected_perc,initial_immune_perc,length,height,population_size,contagion_distance,critical_limit,amp_susc,amp_rec,amp_inf,response
0.009711824843554973,0.09687173978780864,100,100,118,5,0.05,18.55170049174168,16.388325914242948,12.396500024652873,0.10052557053186051
