initial_infected_perc,initial_immune_perc,length,height,population_size,contagion_distance,critical_limit,amp_susc,amp_rec,amp_inf,response
0.04665043595324795,0.09129716000635726,100,100,118,5,0.05,11.634544138503962,2.6238012433847513,18.032516344009718,0.2093246003458131
