initial_infected_perc,initial_immune_perc,length,height,population_size,contagion_distance,critical_limit,amp_susc,amp_rec,amp_inf,response
0.0891342053747191,0.004610640234573449,100,100,118,5,0.05,15.43360815540596,9.469303285546765,5.390959598085763,0.2235808418947862
