initial_infected_perc,initial_immune_perc,length,height,population_size,contagion_distance,critical_limit,amp_susc,amp_rec,amp_inf,response
0.020736771014848554,0.0031668372387950064,100,100,118,5,0.05,18.4156922869228,14.519273559085802,2.3335407275719633,0.14712126691713487
