initial_infected_perc,initial_immune_perc,length,height,population_size,contagion_distance,critical_limit,amp_susc,amp_rec,amp_inf,response
0.0537594797716798,0.07680900463400012,100,100,118,5,0.05,11.230163623960177,13.36023931428853,14.625088885640238,0.04242238250261635
