initial_infected_perc,initial_immune_perc,length,height,population_size,contagion_distance,critical_limit,amp_susc,amp_rec,amp_inf,response
0.03688294199814124,0.004141322742932463,100,100,118,5,0.05,16.740198922274615,16.771339705908954,17.854427896019757,0.18796736044806744
