initial_infected_perc,initial_immune_perc,length,height,population_size,contagion_distance,critical_limit,amp_susc,amp_rec,amp_inf,response
0.01457102452350807,0.007820354580534839,100,100,118,5,0.05,16.60508197456686,6.862624244556121,2.7665505741698704,0.22459666351255478
