initial_infected_perc,initial_immune_perc,length,height,population_size,contagion_distance,critical_limit,amp_susc,amp_rec,amp_inf,response
0.04608561741446319,0.055543783617232105,100,100,118,5,0.05,6.023351251717961,0.2343169055388561,2.2433401134008157,0.026199571800958686
