initial_infected_perc,initial_immune_perc,length,height,population_size,contagion_distance,critical_limit,amp_susc,amp_rec,amp_inf,response
0.0009530129244341934,0.09315145783951419,100,100,118,5,0.05,3.449122572078629,18.119139306097463,4.787316166787797,0.01451583215508374
