initial_infected_perc,initial_immune_perc,length,height,population_size,contagion_distance,critical_limit,amp_susc,amp_rec,amp_inf,response
0.003317738935122472,0.07040041111813265,100,100,118,5,0.05,4.810082641319506,16.640766829363006,6.813824989277522,0.11046016825139494
