initial_infected_perc,initial_immune_perc,length,height,population_size,contagion_distance,critical_limit,amp_susc,amp_rec,amp_inf,response
0.00211293312809111,0.07039110299625294,100,100,118,5,0.05,14.999184494896111,16.05593600967304,4.318321115485619,0.26985948790650127
