initial_infected_perc,initial_immune_perc,length,height,population_size,contagion_distance,critical_limit,amp_susc,amp_rec,amp_inf,response
0.07981312708043609,0.05211349747835928,100,100,118,5,0.05,1.5136128649502978,16.13874563224377,2.6395351312183735,0.10886385100044023
