initial_infected_perc,initial_immune_perc,length,height,population_size,contagion_distance,critical_limit,amp_susc,amp_rec,amp_inf,response
0.0697480549328005,0.003146272575727116,100,100,118,5,0.05,13.422137996868635,10.867723928880446,16.754086734263993,0.29409777654778535
