initial_infected_perc,initial_immune_perc,length,height,population_size,contagion_distance,critical_limit,amp_susc,amp_rec,amp_inf,response
0.029489447931578663,0.008333128476861606,100,100,118,5,0.05,5.78447588254522,8.47017342043756,4.742412448288458,0.12193487880549742
