initial_infected_perc,initial_immune_perc,length,height,population_size,contagion_distance,critical_limit,amp_susc,amp_rec,amp_inf,response
0.09586181358224431,0.05149316930882564,100,100,118,5,0.05,7.1177293084530024,11.968036522055698,14.568041029940503,0.20272697472219925
