initial_infected_perc,initial_immune_perc,length,height,population_size,contagion_distance,critical_limit,amp_susc,amp_rec,amp_inf,response
0.09094681933716606,0.012700115208271868,100,100,118,5,0.05,18.31201857867701,2.0264793008868165,17.139650366697733,0.11982684528562579
