initial_infected_perc,initial_immune_perc,length,height,population_size,contagion_distance,critical_limit,amp_susc,amp_rec,amp_inf,response
0.019057826534932466,0.04097051592927886,100,100,118,5,0.05,7.33693617304257,15.734500117407595,12.705859186717463,0.13676611562138963
