initial_infected_perc,initial_immune_perc,length,height,population_size,contagion_distance,critical_limit,amp_susc,amp_rec,amp_inf,response
0.02971894401894918,0.0031022066519028725,100,100,118,5,0.05,0.3668828358851983,17.103609519640514,14.232571934073292,0.003722833743107956
