initial_infected_perc,initial_immune_perc,length,height,population_size,contagion_distance,critical_limit,amp_susc,amp_rec,amp_inf,response
0.09425042574797168,0.053926108268648944,100,100,118,5,0.05,4.352767722030402,6.63404216278761,15.17422584152493,0.1770661349890607
