initial_infected_perc,initial_immune_perc,length,height,population_size,contagion_distance,critical_limit,amp_susc,amp_rec,amp_inf,response
0.08911114773372818,0.04951817393745597,100,100,118,5,0.05,10.312213588518517,18.498526417202722,2.383537948263812,0.12496717250093536
