initial_infected_perc,initial_immune_perc,length,height,population_size,contagion_distance,critical_limit,amp_susc,amp_rec,amp_inf,response
0.05125472952901458,0.09216211333245654,100,100,118,5,0.05,0.7748230384649823,9.399266902431018,15.361502016571194,0.0775617849733663
