initial_infected_perc,initial_immune_perc,length,height,population_size,contagion_distance,critical_limit,amp_susc,amp_rec,amp_inf,response
0.0797396491055157,0.00459407526145712,100,100,118,5,0.05,14.484924852658843,0.9968055215149074,7.441774715969078,0.09977441571141125
