initial_infected_perc,initial_immune_perc,length,height,population_size,contagion_distance,critical_limit,amp_susc,amp_rec,amp_inf,response
0.050518136289936545,0.04199563387431813,100,100,118,5,0.05,13.043628275347618,16.010325285099206,18.485333219642072,0.1344454436303474
