initial_infected_perc,initial_immune_perc,length,height,population_size,contagion_distance,critical_limit,amp_susc,amp_rec,amp_inf,response
0.07633982722914005,0.06122466307870446,100,100,118,5,0.05,17.43958166308229,19.834735915157864,8.963758263842509,0.22878811434819327
