initial_infected_perc,initial_immune_perc,length,height,population_size,contagion_distance,critical_limit,amp_susc,amp_rec,amp_inf,response
0.023574330180294346,0.0008416143762561613,100,100,118,5,0.05,0.6914649281413121,17.819509328408806,14.126590139172105,0.08458022106786713
