initial_infected_perc,initial_immune_perc,length,height,population_size,contagion_distance,critical_limit,amp_susc,amp_rec,amp_inf,response
0.02654145218594799,0.022526279426582932,100,100,118,5,0.05,3.549987415293625,3.121938376298139,16.522243241592722,0.260477984627355
