initial_infected_perc,initial_immune_perc,length,height,population_size,contagion_distance,critical_limit,amp_susc,amp_rec,amp_inf,response
0.0761345242289658,0.08828412508614505,100,100,118,5,0.05,10.552676676353519,0.1307022798090962,13.835085420639126,0.2205537106900941
