initial_infected_perc,initial_immune_perc,length,height,population_size,contagion_distance,critical_limit,amp_susc,amp_rec,amp_inf,response
0.004544055818298954,0.051752276052556924,100,100,118,5,0.05,4.120710999328081,8.328920280951237,5.185443263279921,0.2878237789894394
