initial_infected_perc,initial_immune_perc,length,height,population_size,contagion_distance,critical_limit,amp_susc,amp_rec,amp_inf,response
0.08218441273116889,0.013321101758738019,100,100,118,5,0.05,14.4804392996396,7.965554364675449,3.0494362145011866,0.18053715929903738
