initial_infected_perc,initial_immune_perc,length,height,population_size,contagion_distance,critical_limit,amp_susc,amp_rec,amp_inf,response
0.0596195254162381,0.010069233998686944,100,100,118,5,0.05,10.796906554699275,17.99118065017446,9.496999239238304,0.29981744633599716
