initial_infected_perc,initial_immune_perc,length,height,population_size,contagion_distance,critical_limit,amp_susc,amp_rec,amp_inf,response
0.062252266393596205,0.09995183618375977,100,100,118,5,0.05,11.220304239297661,18.256696332208428,4.792388062351858,0.18693215165793114
