initial_infected_perc,initial_immune_perc,length,height,population_size,contagion_distance,critical_limit,amp_susc,amp_rec,amp_inf,response
0.06614289532936897,0.07015902952689021,100,100,118,5,0.05,18.574476334079034,15.026897543822473,15.541579320885557,0.12956439964007468
