initial_infected_perc,initial_immune_perc,length,height,population_size,contagion_distance,critical_limit,amp_susc,amp_rec,amp_inf,response
0.06016230390318056,0.011553192762968602,100,100,118,5,0.05,11.938265261006551,6.617171619382656,19.133212426422794,0.19758904320237922
