initial_infected_perc,initial_immune_perc,length,height,population_size,contagion_distance,critical_limit,amp_susc,amp_rec,amp_inf,response
0.022867684844886396,0.03926670228921028,100,100,118,5,0.05,16.377085706594578,5.264928956964743,10.93568284719856,0.2818516631704328
