initial_infected_perc,initial_immune_perc,length,height,population_size,contagion_distance,critical_limit,amp_susc,amp_rec,amp_inf,response
0.04916532086283139,0.09261058931703409,100,100,118,5,0.05,12.960794572054644,13.263120677481222,16.416562433914812,0.04145675657461756
