initial_infected_perc,initial_immune_perc,length,height,population_size,contagion_distance,critical_limit,amp_susc,amp_rec,amp_inf,response
0.031029145164071383,0.08630252640580072,100,100,118,5,0.05,1.9691734959007934,19.647348337332087,5.898831626723444,0.2527510148158715
