initial_infected_perc,initial_immune_perc,length,height,population_size,contagion_distance,critical_limit,amp_susc,amp_rec,amp_inf,response
0.06452226800089882,0.062082635444214995,100,100,118,5,0.05,16.230092086147387,12.108948021045887,2.0719022395196585,0.09236556052364828
