initial_infected_perc,initial_immune_perc,length,height,population_size,contagion_distance,critical_limit,amp_susc,amp_rec,amp_inf,response
0.07358631102667558,0.03437477576715588,100,100,118,5,0.05,10.350204520005752,4.425736336579023,10.339921123829779,0.27908760458193776
