initial_infected_perc,initial_immune_perc,length,height,population_size,contagion_distance,critical_limit,amp_susc,amp_rec,amp_inf,response
0.08125236622285106,0.04326861404435785,100,100,118,5,0.05,9.66687920978888,14.791610103645429,3.221800838066584,0.28652468825026517
