initial_infected_perc,initial_immune_perc,length,height,population_size,contagion_distance,critical_limit,amp_susc,amp_rec,amp_inf,response
0.08049655811637003,0.04413776947558708,100,100,118,5,0.05,6.7579143355541005,2.4633197332663737,3.3940367926623716,0.23060669916443546
