initial_infected_perc,initial_immune_perc,length,height,population_size,contagion_distance,critical_limit,amp_susc,amp_rec,amp_inf,response
0.07297361669519245,0.07704204862022129,100,100,118,5,0.05,13.294231975127177,19.47172632453061,12.22290109101994,0.28974015225461563
