initial_infected_perc,initial_immune_perc,length,height,population_size,contagion_distance,critical_limit,amp_susc,amp_rec,amp_inf,response
0.033303237918260134,0.06831097647439126,100,100,118,5,0.05,14.299668246579325,1.2550217495274096,11.82797484872548,0.0035893453447851994
