initial_infected_perc,initial_immune_perc,length,height,population_size,contagion_distance,critical_limit,amp_susc,amp_rec,amp_inf,response
0.05524344987805149,0.04135716282265759,100,100,118,5,0.05,5.566115879003184,10.706508427003381,15.903498680740363,0.014645955610355631
