initial_infected_perc,initial_immune_perc,length,height,population_size,contagion_distance,critical_limit,amp_susc,amp_rec,amp_inf,response
0.0818544597439701,0.028965328248323197,100,100,118,5,0.05,15.887136764232048,3.5202641206634677,16.5070771704128,0.027398350327818722
