initial_infected_perc,initial_immune_perc,length,height,population_size,contagion_distance,critical_limit,amp_susc,amp_rec,amp_inf,response
0.06490743679125374,0.0595988034243427,100,100,118,5,0.05,4.286404868388452,17.833210258788487,2.6921404367286916,0.20716375811952953
