initial_infected_perc,initial_immune_perc,length,height,population_size,contagion_distance,critical_limit,amp_susc,amp_rec,amp_inf,response
0.0005516406557941611,0.05128636597696462,100,100,118,5,0.05,11.205986458895485,4.580605966199789,13.969168151436575,0.06205023761878844
