initial_infected_perc,initial_immune_perc,length,height,population_size,contagion_distance,critical_limit,amp_susc,amp_rec,amp_inf,response
0.08346520394560596,0.03261090680381904,100,100,118,5,0.05,18.073118815188273,19.08122565755057,13.750478218665592,0.19441760723864646
