initial_infected_perc,initial_immune_perc,length,height,population_size,contagion_distance,critical_limit,amp_susc,amp_rec,amp_inf,response
0.001470123622195685,0.06440696269646622,100,100,118,5,0.05,12.050660828566073,18.32667865175164,8.676444386549848,0.0717084172477479
