initial_infected_perc,initial_immune_perc,length,height,population_size,contagion_distance,critical_limit,amp_susc,amp_rec,amp_inf,response
0.07487448843461494,0.007111091159508898,100,100,118,5,0.05,4.958134028089223,10.116009167030954,15.513257011845818,0.16023571880943852
