initial_infected_perc,initial_immune_perc,length,height,population_size,contagion_distance,critical_limit,amp_susc,amp_rec,amp_inf,response
0.03622328419186203,0.06378294562422004,100,100,118,5,0.05,7.551435874956709,5.647409493978501,5.062513112634557,0.09617970341256508
