initial_infected_perc,initial_immune_perc,length,height,population_size,contagion_distance,critical_limit,amp_susc,amp_rec,amp_inf,response
0.030659542755739167,0.05885855183210895,100,100,118,5,0.05,9.798026310207923,19.698808312405173,16.89194899635864,0.12452893802925949
