initial_infected_perc,initial_immune_perc,length,height,population_size,contagion_distance,critical_limit,amp_susc,amp_rec,amp_inf,response
0.08726429075147618,0.03819949656607265,100,100,118,5,0.05,8.693752161279814,17.49028146496326,15.200167614104341,0.010398989024226523
