initial_infected_perc,initial_immune_perc,length,height,population_size,contagion_distance,critical_limit,amp_susc,amp_rec,amp_inf,response
0.08724120939295373,0.08064802953500247,100,100,118,5,0.05,9.3104160921333,2.402444140186626,11.203164545831566,0.2744167023439871
