initial_infected_perc,initial_immune_perc,length,height,population_size,contagion_distance,critical_limit,amp_susc,amp_rec,amp_inf,response
0.07097362630646836,0.03248235970471848,100,100,118,5,0.05,17.151707895133818,18.44050569565728,8.41174038010638,0.17922029084400715
