initial_infected_perc,initial_immune_perc,length,height,population_size,contagion_distance,critical_limit,amp_susc,amp_rec,amp_inf,response
0.008594550618406527,0.04152693009379117,100,100,118,5,0.05,18.433469355941543,18.258875399237365,3.8578071057058194,0.023457011344998367
