initial_infected_perc,initial_immune_perc,length,height,population_size,contagion_distance,critical_limit,amp_susc,amp_rec,amp_inf,response
0.0014123380113329033,0.09117684784372221,100,100,118,5,0.05,12.650952126340202,12.794781691903216,15.044542841400057,0.1781594655026479
