initial_infected_perc,initial_immune_perc,length,height,population_size,contagion_distance,critical_limit,amp_susc,amp_rec,amp_inf,response
0.06434929141398477,0.09019834109080667,100,100,118,5,0.05,13.960752585313209,18.660147705930562,6.692818223318375,0.2620049415231373
