initial_infected_perc,initial_immune_perc,length,height,population_size,contagion_distance,critical_limit,amp_susc,amp_rec,amp_inf,response
0.050053891733760104,0.0875018341382426,100,100,118,5,0.05,8.100092592537717,3.097645790830388,2.808968869360613,0.2599079351490204
