initial_infected_perc,initial_immune_perc,length,height,population_size,contagion_distance,critical_limit,amp_susc,amp_rec,amp_inf,response
0.014655924497802952,0.0500070993995626,100,100,118,5,0.05,1.0664882653327812,8.231656663680107,4.3402239396194116,0.1549765339299992
