initial_infected_perc,initial_immune_perc,length,height,population_size,contagion_distance,critical_limit,amp_susc,amp_rec,amp_inf,response
0.00948990741771464,0.007232646361215534,100,100,118,5,0.05,15.380419673065699,0.3989339557243854,1.8958308847357874,0.26489621344569864
