initial_infected_perc,initial_immune_perc,length,height,population_size,contagion_distance,critical_limit,amp_susc,amp_rec,amp_inf,response
0.06509807464882306,0.043238204134548354,100,100,118,5,0.05,10.120327664850644,1.9338809443050664,19.502830543064412,0.2527364035626679
