initial_infected_perc,initial_immune_perc,length,height,population_size,contagion_distance,critical_limit,amp_susc,amp_rec,amp_inf,response
0.09580812005773359,0.08476278963913823,100,100,118,5,0.05,8.763643887578937,8.016929996331845,13.126535550562954,0.19238094282475443
