initial_infected_perc,initial_immune_perc,length,height,population_size,contagion_distance,critical_limit,amp_susc,amp_rec,amp_inf,response
0.06390784453281527,0.07562934693052369,100,100,118,5,0.05,17.846588984397428,0.5420178988756086,4.42162776118042,0.11893900667917559
