initial_infected_perc,initial_immune_perc,length,height,population_size,contagion_distance,critical_limit,amp_susc,amp_rec,amp_inf,response
0.07056556862752959,0.028775001919400113,100,100,118,5,0.05,19.663285365541444,2.9252874595099665,12.993532787895028,0.1753658362718278
