initial_infected_perc,initial_immune_perc,length,height,population_size,contagion_distance,critical_limit,amp_susc,amp_rec,amp_inf,response
0.05702771511138336,0.07399219763554044,100,100,118,5,0.05,1.5346859187641715,16.632446073991936,9.278478165682406,0.248632782500119
