initial_infected_perc,initial_immune_perc,length,height,population_size,contagion_distance,critical_limit,amp_susc,amp_rec,amp_inf,response
0.012451668312900255,0.04542754470804975,100,100,118,5,0.05,6.168942060297297,7.602333597167325,2.3180432539264006,0.25578149651619414
