initial_infected_perc,initial_immune_perc,length,height,population_size,contagion_distance,critical_limit,amp_susc,amp_rec,amp_inf,response
0.09565520135488337,0.08539756041055624,100,100,118,5,0.05,13.67018323796913,19.949293757916834,13.896166562536017,0.2773082564555187
