initial_infected_perc,initial_immune_perc,length,height,population_size,contagion_distance,critical_limit,amp_susc,amp_rec,amp_inf,response
0.06016943235379518,0.04431434939957729,100,100,118,5,0.05,1.057906246694842,14.798715023267388,6.901177860473995,0.22666401171096162
