initial_infected_perc,initial_immune_perc,length,height,population_size,contagion_distance,critical_limit,amp_susc,amp_rec,amp_inf,response
0.0593590606911686,0.017733750022062712,100,100,118,5,0.05,6.259073536160205,11.431671900361449,2.692524957634117,0.2559594163072638
