initial_infected_perc,initial_immune_perc,length,height,population_size,contagion_distance,critical_limit,amp_susc,amp_rec,amp_inf,response
0.087807528540718,0.06658673724414309,100,100,118,5,0.05,17.660541911346336,12.46033221144918,12.811779793500197,0.0785450111857021
