initial_infected_perc,initial_immune_perc,length,height,population_size,contagion_distance,critical_limit,amp_susc,amp_rec,amp_inf,response
0.09682529087833554,0.046574909093231934,100,100,118,5,0.05,6.31959766034651,8.412106491035624,8.77863402929799,0.07077098452205138
