initial_infected_perc,initial_immune_perc,length,height,population_size,contagion_distance,critical_limit,amp_susc,amp_rec,amp_inf,response
0.098378207153375,0.07863257482525246,100,100,118,5,0.05,7.824561009380055,0.933680292850938,16.675327224092868,0.034757347706707076
