initial_infected_perc,initial_immune_perc,length,height,population_size,contagion_distance,critical_limit,amp_susc,amp_rec,amp_inf,response
0.06962233968779337,0.018069465838592813,100,100,118,5,0.05,3.280084467594384,11.827400920018468,6.015707441416296,0.27052435030596056
