initial_infected_perc,initial_immune_perc,length,height,population_size,contagion_distance,critical_limit,amp_susc,amp_rec,amp_inf,response
0.025774539542689736,0.05290508792120301,100,100,118,5,0.05,4.998388050813729,15.03360761099675,6.1030678560249285,0.1157483372337217
