initial_infected_perc,initial_immune_perc,length,height,population_size,contagion_distance,critical_limit,amp_susc,amp_rec,amp_inf,response
0.07942729141222549,0.09703665347944489,100,100,118,5,0.05,10.726783550875233,8.941213272689136,11.440371647083115,0.033396880409562346
