initial_infected_perc,initial_immune_perc,length,height,population_size,contagion_distance,critical_limit,amp_susc,amp_rec,amp_inf,response
0.023538574979896032,0.09350247118860362,100,100,118,5,0.05,12.5893854591097,2.1881353861316555,15.813144402281763,0.09402610182126649
