initial_infected_perc,initial_immune_perc,length,height,population_size,contagion_distance,critical_limit,amp_susc,amp_rec,amp_inf,response
0.046903621087658054,0.09362452597279515,100,100,118,5,0.05,19.111482412956732,9.351624514988647,6.986788551479542,0.13076795488500886
