initial_infected_perc,initial_immune_perc,length,height,population_size,contagion_distance,critical_limit,amp_susc,amp_rec,amp_inf,response
0.05585538977852877,0.026749470720319093,100,100,118,5,0.05,2.103002446380877,9.516822237749306,9.854113262563018,0.12901822174915853
