initial_infected_perc,initial_immune_perc,length,height,population_size,contagion_distance,critical_limit,amp_susc,amp_rec,amp_inf,response
0.04187376360739831,0.09925431037602966,100,100,118,5,0.05,12.699414917103711,18.390973529150887,13.84959688181257,0.14344315275738762
