initial_infected_perc,initial_immune_perc,length,height,population_size,contagion_distance,critical_limit,amp_susc,amp_rec,amp_inf,response
0.008994535128146453,0.07346764989868983,100,100,118,5,0.05,14.106538094772432,6.031491782313458,3.2583365000849085,0.27027469350721645
