initial_infected_perc,initial_immune_perc,length,height,population_size,contagion_distance,critical_limit,amp_susc,amp_rec,amp_inf,response
0.08539180813696186,0.07017873635648701,100,100,118,5,0.05,6.902336753903029,11.672012730930643,8.916437086162585,0.15824763380360263
