initial_infected_perc,initial_immune_perc,length,height,population_size,contagion_distance,critical_limit,amp_susc,amp_rec,amp_inf,response
0.07877999638759899,0.044393831705729206,100,100,118,5,0.05,12.04869798493595,15.953221235607757,18.552344643826533,0.2751226062489913
