initial_infected_perc,initial_immune_perc,length,height,population_size,contagion_distance,critical_limit,amp_susc,amp_rec,amp_inf,response
0.05199329189120943,0.0966547057108806,100,100,118,5,0.05,6.198070526624628,15.2746814471964,8.143138447893065,0.20236569534896734
