initial_infected_perc,initial_immune_perc,length,height,population_size,contagion_distance,critical_limit,amp_susc,amp_rec,amp_inf,response
0.036677164181704434,0.03313925282685725,100,100,118,5,0.05,19.91420201005576,8.648411676667767,4.349537655008353,0.2533174481696745
