initial_infected_perc,initial_immune_perc,length,height,population_size,contagion_distance,critical_limit,amp_susc,amp_rec,amp_inf,response
0.017643366047403897,0.06649680967831033,100,100,118,5,0.05,15.654339253280378,13.95275983718305,6.787372623959847,0.14441827280143255
