initial_infected_perc,initial_immune_perc,length,height,population_size,contagion_distance,critical_limit,amp_susc,amp_rec,amp_inf,response
0.04626973892870481,0.01013700911946196,100,100,118,5,0.05,14.689051208197784,2.5215938960773743,4.401744920083206,0.10306638233505616
