initial_infected_perc,initial_immune_perc,length,height,population_size,contagion_distance,critical_limit,amp_susc,amp_rec,amp_inf,response
0.09922126543997323,0.011491979624647354,100,100,118,5,0.05,14.303154992746629,7.941866128511044,4.748455001186313,0.14492767054240566
