initial_infected_perc,initial_immune_perc,length,height,population_size,contagion_distance,critical_limit,amp_susc,amp_rec,amp_inf,response
0.025311611669187908,0.007801360532521829,100,100,118,5,0.05,16.43202751448217,1.4915311566539202,18.871902466618586,0.08868160469941984
