initial_infected_perc,initial_immune_perc,length,height,population_size,contagion_distance,critical_limit,amp_susc,amp_rec,amp_inf,response
0.09350645017130266,0.09789324719071979,100,100,118,5,0.05,2.3246533868692643,2.742883554165496,15.344456680748447,0.2770602368510598
