initial_infected_perc,initial_immune_perc,length,height,population_size,contagion_distance,critical_limit,amp_susc,amp_rec,amp_inf,response
0.0033448043722331903,0.010667877906546898,100,100,118,5,0.05,15.970056291866424,17.138109827967245,16.4305356950052,0.135381139432779
