initial_infected_perc,initial_immune_perc,length,height,population_size,contagion_distance,critical_limit,amp_susc,amp_rec,amp_inf,response
0.07588731909628776,0.06287852100706727,100,100,118,5,0.05,13.706341595017049,19.197217289971448,5.254776888632888,0.0797367116434686
