initial_infected_perc,initial_immune_perc,length,height,population_size,contagion_distance,critical_limit,amp_susc,amp_rec,amp_inf,response
0.0005279529733559496,0.06806801597346254,100,100,118,5,0.05,7.951246846448143,17.801711163839656,0.3918098286213656,0.2847552778248611
