initial_infected_perc,initial_immune_perc,length,height,population_size,contagion_distance,critical_limit,amp_susc,amp_rec,amp_inf,response
0.011308283608887193,0.08424649239570381,100,100,118,5,0.05,14.176637518890502,18.8020132104347,19.64587592903702,0.2003818189238276
