initial_infected_perc,initial_immune_perc,length,height,population_size,contagion_distance,critical_limit,amp_susc,amp_rec,amp_inf,response
0.027955699724385108,0.005760849044871697,100,100,118,5,0.05,11.035921311016137,7.450828498663213,14.839821464998934,0.16172418429514282
