initial_infected_perc,initial_immune_perc,length,height,population_size,contagion_distance,critical_limit,amp_susc,amp_rec,amp_inf,response
0.07623240152347774,0.07511984771956277,100,100,118,5,0.05,8.954057979347311,12.191313908283245,16.342443265148248,0.2764357353849706
