initial_infected_perc,initial_immune_perc,length,height,population_size,contagion_distance,critical_limit,amp_susc,amp_rec,amp_inf,response
0.08189918905617966,0.049739810494131426,100,100,118,5,0.05,18.047353662722927,2.431930996418663,4.182585229228031,0.07986405567659956
