initial_infected_perc,initial_immune_perc,length,height,population_size,contagion_distance,critical_limit,amp_susc,amp_rec,amp_inf,response
0.06132619488519662,0.09000537018908647,100,100,118,5,0.05,8.110148028038102,3.4380045225299183,17.861016271366545,0.12833001865851404
