initial_infected_perc,initial_immune_perc,length,height,population_size,contagion_distance,critical_limit,amp_susc,amp_rec,amp_inf,response
0.01945370669936729,0.07979555399436351,100,100,118,5,0.05,19.099579167703556,1.051455173615632,16.06531283203499,0.1319923975285577
