initial_infected_perc,initial_immune_perc,length,height,population_size,contagion_distance,critical_limit,amp_susc,amp_rec,amp_inf,response
0.047550076478536735,0.039684792512324686,100,100,118,5,0.05,5.6465559877938905,4.824812844482517,16.632665967694578,0.16697988853886028
