initial_infected_perc,initial_immune_perc,length,height,population_size,contagion_distance,critical_limit,amp_susc,amp_rec,amp_inf,response
0.0032137470047467476,0.019580388652360472,100,100,118,5,0.05,17.24896488607704,14.659019208858684,11.153309258270035,0.013035360975395937
