initial_infected_perc,initial_immune_perc,length,height,population_size,contagion_distance,critical_limit,amp_susc,amp_rec,amp_inf,response
0.07778386134275202,0.03079688209663242,100,100,118,5,0.05,19.185531242478838,15.288664983468545,13.42716336722376,0.08517527475016833
