initial_infected_perc,initial_immune_perc,length,height,population_size,contagion_distance,critical_limit,amp_susc,amp_rec,amp_inf,response
0.052960308965799036,0.08603888869517619,100,100,118,5,0.05,13.786835282619823,19.314616980410108,19.1623866092882,0.05176792722197737
