initial_infected_perc,initial_immune_perc,length,height,population_size,contagion_distance,critical_limit,amp_susc,amp_rec,amp_inf,response
0.07242109366835896,0.05169437814352399,100,100,118,5,0.05,17.301108464720944,0.8158312877361573,5.236390708642158,0.22891271008126962
