initial_infected_perc,initial_immune_perc,length,height,population_size,contagion_distance,critical_limit,amp_susc,amp_rec,amp_inf,response
0.010389701253999628,0.053489280727089285,100,100,118,5,0.05,1.3163749760014087,3.0559953095236603,8.243430622192259,0.2394477727198705
