initial_infected_perc,initial_immune_perc,length,height,population_size,contagion_distance,critical_limit,amp_susc,amp_rec,amp_inf,response
0.09775262595637729,0.03666979007362231,100,100,118,5,0.05,3.084131812167623,4.3736230163207495,1.6687224230117303,0.0527168062390645
