initial_infected_perc,initial_immune_perc,length,height,population_size,contagion_distance,critical_limit,amp_susc,amp_rec,amp_inf,response
0.01721388305552819,0.07176373582293481,100,100,118,5,0.05,13.432089968984219,4.85273808169252,9.879455145411224,0.03260897677770861
