initial_infected_perc,initial_immune_perc,length,height,population_size,contagion_distance,critical_limit,amp_susc,amp_rec,amp_inf,response
0.06764600333532259,0.019297097969767276,100,100,118,5,0.05,18.104232900547675,0.3352069225490406,8.601395570489636,0.11838221881669989
