initial_infected_perc,initial_immune_perc,length,height,population_size,contagion_distance,critical_limit,amp_susc,amp_rec,amp_inf,response
0.022251771742804283,0.05137457974250238,100,100,118,5,0.05,4.164470713681152,8.094045828115135,19.36733664660982,0.2629912902554552
