initial_infected_perc,initial_immune_perc,length,height,population_size,contagion_distance,critical_limit,amp_susc,amp_rec,amp_inf,response
0.00849719300487164,0.07422448639324808,100,100,118,5,0.05,13.005389941118061,11.03778115897617,17.48450604232151,0.2723585970904548
