initial_infected_perc,initial_immune_perc,length,height,population_size,contagion_distance,critical_limit,amp_susc,amp_rec,amp_inf,response
0.08010050646948967,0.059045957880419254,100,100,118,5,0.05,0.1278191631852943,17.743479802434678,5.611195636889206,0.01796378912017348
