initial_infected_perc,initial_immune_perc,length,height,population_size,contagion_distance,critical_limit,amp_susc,amp_rec,amp_inf,response
0.07197825484326452,0.034286869270518196,100,100,118,5,0.05,15.862002031704762,1.4009156254522481,7.611413684558945,0.24999453035291105
