initial_infected_perc,initial_immune_perc,length,height,population_size,contagion_distance,critical_limit,amp_susc,amp_rec,amp_inf,response
0.015137069497147182,0.06372207991272393,100,100,118,5,0.05,4.6049222593302535,3.1743302695739573,10.485894037675735,0.23942225062842248
