initial_infected_perc,initial_immune_perc,length,height,population_size,contagion_distance,critical_limit,amp_susc,amp_rec,amp_inf,response
0.03361984253591537,0.04255474677821717,100,100,118,5,0.05,14.03691129295864,8.723990557990417,4.230274528017279,0.2915902504684834
