initial_infected_perc,initial_immune_perc,length,height,population_size,contagion_distance,critical_limit,amp_susc,amp_rec,amp_inf,response
0.06951501072571928,0.026807672670341478,100,100,118,5,0.05,0.4420399067087111,13.956711366603267,13.210502223152075,0.09786825081926571
