initial_infected_perc,initial_immune_perc,length,height,population_size,contagion_distance,critical_limit,amp_susc,amp_rec,amp_inf,response
0.008475364120090213,0.08119372226321342,100,100,118,5,0.05,13.80630242014794,9.222539768352888,4.453013838096078,0.15855306571979863
