initial_infected_perc,initial_immune_perc,length,height,population_size,contagion_distance,critical_limit,amp_susc,amp_rec,amp_inf,response
0.060582947057537175,0.06837129529896958,100,100,118,5,0.05,9.424739367660484,18.37079757786192,7.641285715313546,0.11077797076860607
