initial_infected_perc,initial_immune_perc,length,height,population_size,contagion_distance,critical_limit,amp_susc,amp_rec,amp_inf,response
0.06560811093466752,0.028947046574506686,100,100,118,5,0.05,5.56206498053294,13.274017156391134,13.70139723064029,0.14065476440744426
