initial_infected_perc,initial_immune_perc,length,height,population_size,contagion_distance,critical_limit,amp_susc,amp_rec,amp_inf,response
0.0637631795344128,0.078441382538638,100,100,118,5,0.05,0.46982526182039575,8.631135326086113,1.5474434204678555,0.004174979721184646
