initial_infected_perc,initial_immune_perc,length,height,population_size,contagion_distance,critical_limit,amp_susc,amp_rec,amp_inf,response
0.06178515369487774,0.0756399537711065,100,100,118,5,0.05,17.937837898335903,14.372888821905821,16.565607819074156,0.18747815353163338
