initial_infected_perc,initial_immune_perc,length,height,population_size,contagion_distance,critical_limit,amp_susc,amp_rec,amp_inf,response
0.011892547608017246,0.04334750066519158,100,100,118,5,0.05,4.927479115355267,12.44390601948255,7.326823256866641,0.005392988107172703
