initial_infected_perc,initial_immune_perc,length,height,population_size,contagion_distance,critical_limit,amp_susc,amp_rec,amp_inf,response
0.04829593747998259,0.008613090860847017,100,100,118,5,0.05,12.19346604130143,5.4851425991452825,16.647096702295144,0.2733628138473223
