initial_infected_perc,initial_immune_perc,length,height,population_size,contagion_distance,critical_limit,amp_susc,amp_rec,amp_inf,response
0.03280726445473283,0.05076470941949435,100,100,118,5,0.05,17.754737869463327,1.2545481773864076,16.121867280751005,0.18681863732532783
