initial_infected_perc,initial_immune_perc,length,height,population_size,contagion_distance,critical_limit,amp_susc,amp_rec,amp_inf,response
0.02595802360131243,0.016579529253520877,100,100,118,5,0.05,5.699059205015489,12.548518423736748,5.236625876404526,0.06545414239308893
