initial_infected_perc,initial_immune_perc,length,height,population_size,contagion_distance,critical_limit,amp_susc,amp_rec,amp_inf,response
0.0504439872112078,0.06446133877609837,100,100,118,5,0.05,17.909100895664004,4.956746846776552,10.262128470066328,0.22673165874973314
