initial_infected_perc,initial_immune_perc,length,height,population_size,contagion_distance,critical_limit,amp_susc,amp_rec,amp_inf,response
0.07773818907366847,0.04461362102196917,100,100,118,5,0.05,3.8481256903481187,19.13306263878924,1.2203746370117674,0.28471078294517566
