initial_infected_perc,initial_immune_perc,length,height,population_size,contagion_distance,critical_limit,amp_susc,amp_rec,amp_inf,response
0.0914635958743628,0.06638728064891977,100,100,118,5,0.05,2.661808406619577,1.063830536353536,3.0052179409936963,0.22713887266559935
