initial_infected_perc,initial_immune_perc,length,height,population_size,contagion_distance,critical_limit,amp_susc,amp_rec,amp_inf,response
0.049080775945257595,0.056847607511233855,100,100,118,5,0.05,0.5084672627463616,14.221379334108466,4.469724476636438,0.12500464420986232
