initial_infected_perc,initial_immune_perc,length,height,population_size,contagion_distance,critical_limit,amp_susc,amp_rec,amp_inf,response
0.03499193463357258,0.004485498691122414,100,100,118,5,0.05,9.304694216699476,15.18350845831624,9.087201319949038,0.015030198444145425
