initial_infected_perc,initial_immune_perc,length,height,population_size,contagion_distance,critical_limit,amp_susc,amp_rec,amp_inf,response
0.045764674355852686,0.07665450770471001,100,100,118,5,0.05,19.27499073879453,18.006579367990046,14.448370270233958,0.20032654217843993
