initial_infected_perc,initial_immune_perc,length,height,population_size,contagion_distance,critical_limit,amp_susc,amp_rec,amp_inf,response
0.028670715118306957,0.011379921379023262,100,100,118,5,0.05,14.892296096032586,9.312452452558365,16.559338865066533,0.02648127700342575
