initial_infected_perc,initial_immune_perc,length,height,population_size,contagion_distance,critical_limit,amp_susc,amp_rec,amp_inf,response
0.05822866501062949,0.07183050754223372,100,100,118,5,0.05,11.382908603396285,7.807316398090451,2.075400305641386,0.1190765672061288
