initial_infected_perc,initial_immune_perc,length,height,population_size,contagion_distance,critical_limit,amp_susc,amp_rec,amp_inf,response
0.0982795200346403,0.03142535427433412,100,100,118,5,0.05,15.618533803479991,11.229486687514694,4.241233629971919,0.09057902206030909
