initial_infected_perc,initial_immune_perc,length,height,population_size,contagion_distance,critical_limit,amp_susc,amp_rec,amp_inf,response
0.0467332714609916,0.08042453023291096,100,100,118,5,0.05,17.09318529168206,5.320909700476799,11.413180157865874,0.2686603953700259
