initial_infected_perc,initial_immune_perc,length,height,population_size,contagion_distance,critical_limit,amp_susc,amp_rec,amp_inf,response
0.08467550929451904,0.05774547212688459,100,100,118,5,0.05,16.50829483600051,10.630701746125963,0.7932367475677693,0.036825219894212675
