initial_infected_perc,initial_immune_perc,length,height,population_size,contagion_distance,critical_limit,amp_susc,amp_rec,amp_inf,response
0.058600911059992336,0.02621738188974574,100,100,118,5,0.05,16.953967969733924,19.65451995743097,18.99277111470265,0.29602135295066917
