initial_infected_perc,initial_immune_perc,length,height,population_size,contagion_distance,critical_limit,amp_susc,amp_rec,amp_inf,response
0.08730798434432357,0.06617250737799461,100,100,118,5,0.05,2.456067851174353,7.58860136504675,8.771657710901374,0.07095933150180678
