initial_infected_perc,initial_immune_perc,length,height,population_size,contagion_distance,critical_limit,amp_susc,amp_rec,amp_inf,response
0.02015144438731451,0.07833238371928895,100,100,118,5,0.05,0.6479634253134869,1.4250887605119988,18.049677469587227,0.0153167251278284
