initial_infected_perc,initial_immune_perc,length,height,population_size,contagion_distance,critical_limit,amp_susc,amp_rec,amp_inf,response
0.08916061580684359,0.0618177321278665,100,100,118,5,0.05,3.7254709451660317,7.8963868961650885,15.093574929590716,0.1616429081344314
