initial_infected_perc,initial_immune_perc,length,height,population_size,contagion_distance,critical_limit,amp_susc,amp_rec,amp_inf,response
0.08406259368343233,0.02347081864012981,100,100,118,5,0.05,16.320621683441626,13.144968713565985,11.23451863289384,0.04990615372507854
