initial_infected_perc,initial_immune_perc,length,height,population_size,contagion_distance,critical_limit,amp_susc,amp_rec,amp_inf,response
0.006469438476341272,0.05533200024810473,100,100,118,5,0.05,2.060126889215257,16.514036920671483,9.832715169242086,0.08125299231583023
