initial_infected_perc,initial_immune_perc,length,height,population_size,contagion_distance,critical_limit,amp_susc,amp_rec,amp_inf,response
0.05733172837993477,0.07318738100897247,100,100,118,5,0.05,14.399205201105543,4.721961975196203,13.658569370972824,0.028746265701209472
