initial_infected_perc,initial_immune_perc,length,height,population_size,contagion_distance,critical_limit,amp_susc,amp_rec,amp_inf,response
0.029699363466424357,0.06059324530598542,100,100,118,5,0.05,15.936968066772472,15.153894220925174,8.789072709151666,0.17061661580918563
