initial_infected_perc,initial_immune_perc,length,height,population_size,contagion_distance,critical_limit,amp_susc,amp_rec,amp_inf,response
0.01847716268905931,0.07016374155448933,100,100,118,5,0.05,18.59722375175793,14.76217190137251,17.366714520526184,0.27084701365366093
