initial_infected_perc,initial_immune_perc,length,height,population_size,contagion_distance,critical_limit,amp_susc,amp_rec,amp_inf,response
0.04706581509283957,0.027665886478968994,100,100,118,5,0.05,7.306165333805074,2.705433236080317,6.034359665154927,0.21853151062427767
