initial_infected_perc,initial_immune_perc,length,height,population_size,contagion_distance,critical_limit,amp_susc,amp_rec,amp_inf,response
0.06768683197612403,0.052859406877865917,100,100,118,5,0.05,3.00022567009981,17.157485493546808,6.135545950509453,0.20321732129919393
