initial_infected_perc,initial_immune_perc,length,height,population_size,contagion_distance,critical_limit,amp_susc,amp_rec,amp_inf,response
0.05382023726218469,0.09637185501516239,100,100,118,5,0.05,1.27523605028246,8.174451254895715,13.740157355514608,0.19032387198090023
