initial_infected_perc,initial_immune_perc,length,height,population_size,contagion_distance,critical_limit,amp_susc,amp_rec,amp_inf,response
0.054426666020590035,0.048048510396567594,100,100,118,5,0.05,7.98649459899093,14.355746471979764,8.553392115977463,0.25676495122787063
