initial_infected_perc,initial_immune_perc,length,height,population_size,contagion_distance,critical_limit,amp_susc,amp_rec,amp_inf,response
0.006985358993790625,0.0063338265496275525,100,100,118,5,0.05,15.975488670021624,11.933038756971886,14.020443435099978,0.04554317142683719
