initial_infected_perc,initial_immune_perc,length,height,population_size,contagion_distance,critical_limit,amp_susc,amp_rec,amp_inf,response
0.009487317960293918,0.012732834820158401,100,100,118,5,0.05,1.9938406625481453,4.777221126968671,4.0747042645217,0.04815747323348091
