initial_infected_perc,initial_immune_perc,length,height,population_size,contagion_distance,critical_limit,amp_susc,amp_rec,amp_inf,response
0.09264279863198151,0.015572882385191444,100,100,118,5,0.05,6.800056836921227,9.199512412795773,13.35841257940328,0.09138722408512197
