initial_infected_perc,initial_immune_perc,length,height,population_size,contagion_distance,critical_limit,amp_susc,amp_rec,amp_inf,response
0.094089832535164,0.05238705581845915,100,100,118,5,0.05,6.62452715215212,15.31628679893992,16.004583773536286,0.2155394352508728
