initial_infected_perc,initial_immune_perc,length,height,population_size,contagion_distance,critical_limit,amp_susc,amp_rec,amp_inf,response
0.047555471231435414,0.07337003697464159,100,100,118,5,0.05,4.517864513796983,14.59504205913191,4.298975803547154,0.21310713827031352
