initial_infected_perc,initial_immune_perc,length,height,population_size,contagion_distance,critical_limit,amp_susc,amp_rec,amp_inf,response
0.04487148037438633,0.07440226314052067,100,100,118,5,0.05,16.232668778059868,9.893103428860563,0.16042128845759507,0.2642667067602595
