initial_infected_perc,initial_immune_perc,length,height,population_size,contagion_distance,critical_limit,amp_susc,amp_rec,amp_inf,response
0.002795541967040127,0.06505432780400107,100,100,118,5,0.05,6.096155613068364,19.552777467472193,8.49725200471701,0.1324220153015311
