initial_infected_perc,initial_immune_perc,length,height,population_size,contagion_distance,critical_limit,amp_susc,amp_rec,amp_inf,response
0.023966263105641483,0.08837127358233748,100,100,118,5,0.05,11.516545422569873,2.2466378821945665,17.356950150022826,0.2823378857392655
