initial_infected_perc,initial_immune_perc,length,height,population_size,contagion_distance,critical_limit,amp_susc,amp_rec,amp_inf,response
0.05080903247336221,0.0038862787815315716,100,100,118,5,0.05,4.069851867010447,9.59557910598333,4.065479947024702,0.24859544798304525
