initial_infected_perc,initial_immune_perc,length,height,population_size,contagion_distance,critical_limit,amp_susc,amp_rec,amp_inf,response
0.08514689805275516,0.01577204519978829,100,100,118,5,0.05,16.32065143309033,3.8307645076159624,4.310162575896528,0.10355434342506863
