initial_infected_perc,initial_immune_perc,length,height,population_size,contagion_distance,critical_limit,amp_susc,amp_rec,amp_inf,response
0.032185084296593516,0.07126546362457536,100,100,118,5,0.05,18.730762175833664,18.906533015036274,5.787776959412529,0.2131543167879313
