initial_infected_perc,initial_immune_perc,length,height,population_size,contagion_distance,critical_limit,amp_susc,amp_rec,amp_inf,response
0.08247982501196897,0.059322963550520275,100,100,118,5,0.05,15.160183136583063,10.662505240632282,10.825184738496457,0.06369652492015256
