initial_infected_perc,initial_immune_perc,length,height,population_size,contagion_distance,critical_limit,amp_susc,amp_rec,amp_inf,response
0.08847599542965386,0.07890800382200842,100,100,118,5,0.05,14.053425452804795,14.2142818983734,14.423994584932647,0.20162597552715672
