initial_infected_perc,initial_immune_perc,length,height,population_size,contagion_distance,critical_limit,amp_susc,amp_rec,amp_inf,response
0.07580918434736056,0.05121818185338337,100,100,118,5,0.05,14.67280861034846,13.058137927940713,6.7543838006807295,0.2607955595598133
