initial_infected_perc,initial_immune_perc,length,height,population_size,contagion_distance,critical_limit,amp_susc,amp_rec,amp_inf,response
0.007620937849589749,0.09361951253692881,100,100,118,5,0.05,9.425198035624252,14.68525033695064,10.047221940454474,0.21180437891614298
