initial_infected_perc,initial_immune_perc,length,height,population_size,contagion_distance,critical_limit,amp_susc,amp_rec,amp_inf,response
0.02489656195699135,0.06496006926619884,100,100,118,5,0.05,13.164347919089971,16.732382979250033,0.18777975456428564,0.19101266132746889
