initial_infected_perc,initial_immune_perc,length,height,population_size,contagion_distance,critical_limit,amp_susc,amp_rec,amp_inf,response
0.040734275747952714,0.08721233922722121,100,100,118,5,0.05,11.83389604066247,9.800767104243045,12.833995170631582,0.2776297329564064
