initial_infected_perc,initial_immune_perc,length,height,population_size,contagion_distance,critical_limit,amp_susc,amp_rec,amp_inf,response
0.0392940518211949,0.05172549860902075,100,100,118,5,0.05,3.87301733037845,12.706066753073646,8.524157358468244,0.05789896107013654
