initial_infected_perc,initial_immune_perc,length,height,population_size,contagion_distance,critical_limit,amp_susc,amp_rec,amp_inf,response
0.08033318313903115,0.02444529223695191,100,100,118,5,0.05,4.5186984654356355,16.078201605987193,12.83658983699363,0.2830712616594652
