initial_infected_perc,initial_immune_perc,length,height,population_size,contagion_distance,critical_limit,amp_susc,amp_rec,amp_inf,response
0.06197237898218149,0.007369782806254877,100,100,118,5,0.05,15.832354096460087,13.991922382263331,17.8580866576278,0.09656142032597
