initial_infected_perc,initial_immune_perc,length,height,population_size,contagion_distance,critical_limit,amp_susc,amp_rec,amp_inf,response
0.04366730033290807,0.03485797569237894,100,100,118,5,0.05,8.488377589597874,19.76899014159344,6.323964939846267,0.21811389251822474
