initial_infected_perc,initial_immune_perc,length,height,population_size,contagion_distance,critical_limit,amp_susc,amp_rec,amp_inf,response
0.037573110693459116,0.08686579992862115,100,100,118,5,0.05,13.403904487451996,1.9330186719442422,5.817200729581029,0.21911750426832308
