initial_infected_perc,initial_immune_perc,length,height,population_size,contagion_distance,critical_limit,amp_susc,amp_rec,amp_inf,response
0.008342625403132464,0.03420592461485938,100,100,118,5,0.05,17.92143231700056,4.516625956557389,6.8852747935518765,0.19867148765820186
