initial_infected_perc,initial_immune_perc,length,height,population_size,contagion_distance,critical_limit,amp_susc,amp_rec,amp_inf,response
0.06172598729505067,0.043932512923113766,100,100,118,5,0.05,3.4167973097175874,13.562826377000983,10.307141570697159,0.04496901648754057
