initial_infected_perc,initial_immune_perc,length,height,population_size,contagion_distance,critical_limit,amp_susc,amp_rec,amp_inf,response
0.052085144795791564,0.09413484738006848,100,100,118,5,0.05,14.967513552014625,14.295186541338802,1.6700980230183382,0.28168472085055646
