initial_infected_perc,initial_immune_perc,length,height,population_size,contagion_distance,critical_limit,amp_susc,amp_rec,amp_inf,response
0.09066993251271946,0.09661700495924341,100,100,118,5,0.05,3.456714502219307,13.961680565768484,16.41808692178028,0.017985559835613885
