initial_infected_perc,initial_immune_perc,length,height,population_size,contagion_distance,critical_limit,amp_susc,amp_rec,amp_inf,response
0.06234207244691797,0.0809046566771795,100,100,118,5,0.05,6.294818747325719,18.05132895650843,12.426566124398272,0.10151995544977094
