initial_infected_perc,initial_immune_perc,length,height,population_size,contagion_distance,critical_limit,amp_susc,amp_rec,amp_inf,response
0.06400016739515955,0.05988612252741648,100,100,118,5,0.05,6.007776554260964,9.95982480266617,2.7289323771664664,0.045147185599146857
