initial_infected_perc,initial_immune_perc,length,height,population_size,contagion_distance,critical_limit,amp_susc,amp_rec,amp_inf,response
0.07501453882349779,0.061685804359977836,100,100,118,5,0.05,0.49513039937508996,17.001974511167976,7.05433698947852,0.18305323220177913
