initial_infected_perc,initial_immune_perc,length,height,population_size,contagion_distance,critical_limit,amp_susc,amp_rec,amp_inf,response
0.03595761842160775,0.015973895930998416,100,100,118,5,0.05,9.23560536193822,12.490425339891612,3.244159675384415,0.0058102656191892695
