initial_infected_perc,initial_immune_perc,length,height,population_size,contagion_distance,critical_limit,amp_susc,amp_rec,amp_inf,response
0.053992237028293845,0.09147437787086521,100,100,118,5,0.05,18.99150561608878,17.385172175529938,17.910914660163996,0.23690371254340062
