initial_infected_perc,initial_immune_perc,length,height,population_size,contagion_distance,critical_limit,amp_susc,amp_rec,amp_inf,response
0.009608121420054606,0.09007336091411178,100,100,118,5,0.05,6.80930279936963,11.209052893427868,1.4849267402803767,0.0768663189813158
