initial_infected_perc,initial_immune_perc,length,height,population_size,contagion_distance,critical_limit,amp_susc,amp_rec,amp_inf,response
0.09990459123108751,0.033438449477543444,100,100,118,5,0.05,12.036999111353829,10.834652931212858,6.05626248566177,0.07271978487440364
