initial_infected_perc,initial_immune_perc,length,height,population_size,contagion_distance,critical_limit,amp_susc,amp_rec,amp_inf,response
0.09783484741179149,0.06848044977162268,100,100,118,5,0.05,19.371449632807003,0.896742793799421,1.7535519470274763,0.10189754458547697
