initial_infected_perc,initial_immune_perc,length,height,population_size,contagion_distance,critical_limit,amp_susc,amp_rec,amp_inf,response
0.08893720655547868,0.087955796233155,100,100,118,5,0.05,16.35901826946183,6.613494371096415,14.714534781795916,0.1894400544166075
