initial_infected_perc,initial_immune_perc,length,height,population_size,contagion_distance,critical_limit,amp_susc,amp_rec,amp_inf,response
0.07462152265665535,0.06827798830262141,100,100,118,5,0.05,18.31751095018098,5.62074308982708,8.076707680576368,0.1866310804994019
