initial_infected_perc,initial_immune_perc,length,height,population_size,contagion_distance,critical_limit,amp_susc,amp_rec,amp_inf,response
0.07198647713485681,0.023570351088792386,100,100,118,5,0.05,17.362323002966672,9.76598227798577,13.465248445685884,0.2566911160412416
