initial_infected_perc,initial_immune_perc,length,height,population_size,contagion_distance,critical_limit,amp_susc,amp_rec,amp_inf,response
0.09222568596371855,0.03843101304692664,100,100,118,5,0.05,17.502175406907973,16.77823863503898,5.8940491949301865,0.27114993942851157
