initial_infected_perc,initial_immune_perc,length,height,population_size,contagion_distance,critical_limit,amp_susc,amp_rec,amp_inf,response
0.09329451776839506,0.021860087610619416,100,100,118,5,0.05,19.759013913920423,9.868815289228339,3.2640585128842936,0.03510862119362942
