initial_infected_perc,initial_immune_perc,length,height,population_size,contagion_distance,critical_limit,amp_susc,amp_rec,amp_inf,response
0.08376082684181321,0.02313791262506726,100,100,118,5,0.05,14.425016772679465,9.417600047345617,6.49778873015217,0.15888441653434865
