initial_infected_perc,initial_immune_perc,length,height,population_size,contagion_distance,critical_limit,amp_susc,amp_rec,amp_inf,response
0.028317667353140175,0.02125387675549416,100,100,118,5,0.05,9.780992727505957,1.6102559273086903,10.240069120382838,0.14900627716917772
