initial_infected_perc,initial_immune_perc,length,height,population_size,contagion_distance,critical_limit,amp_susc,amp_rec,amp_inf,response
0.04663388559173644,0.07427658822998866,100,100,118,5,0.05,7.629709573395756,19.7226271913503,17.987746938982646,0.2430796648992552
