initial_infected_perc,initial_immune_perc,length,height,population_size,contagion_distance,critical_limit,amp_susc,amp_rec,amp_inf,response
0.021581172955489572,0.09104386431667888,100,100,118,5,0.05,7.678355751670902,17.339716976971754,10.094279823248085,0.1372534148449618
