initial_infected_perc,initial_immune_perc,length,height,population_size,contagion_distance,critical_limit,amp_susc,amp_rec,amp_inf,response
0.09523258917121623,0.08610891949338093,100,100,118,5,0.05,2.839020754903514,9.692666983919427,6.177921630181233,0.29598753200381955
