initial_infected_perc,initial_immune_perc,length,height,population_size,contagion_distance,critical_limit,amp_susc,amp_rec,amp_inf,response
0.09819165291251193,0.00926496516330042,100,100,118,5,0.05,5.57871716259158,6.133315598137967,12.662682212697291,0.26808599112244846
