initial_infected_perc,initial_immune_perc,length,height,population_size,contagion_distance,critical_limit,amp_susc,amp_rec,amp_inf,response
0.009050445775723504,0.0010534271477199541,100,100,118,5,0.05,3.0358002193990896,10.718931926727244,19.02543797710184,0.13529443582244224
