initial_infected_perc,initial_immune_perc,length,height,population_size,contagion_distance,critical_limit,amp_susc,amp_rec,amp_inf,response
0.0697497543234662,0.014577743197752036,100,100,118,5,0.05,18.902519159899683,11.788991732634864,19.28860495809927,0.045968435187442036
