initial_infected_perc,initial_immune_perc,length,height,population_size,contagion_distance,critical_limit,amp_susc,amp_rec,amp_inf,response
0.023238491451491927,0.07689176134134347,100,100,118,5,0.05,5.592675336451924,16.32824924486473,11.721732585415017,0.03608193848302009
