initial_infected_perc,initial_immune_perc,length,height,population_size,contagion_distance,critical_limit,amp_susc,amp_rec,amp_inf,response
0.09382436845690934,0.061277367206086064,100,100,118,5,0.05,9.964009715293667,4.7043988020284395,3.99927483291453,0.05662600093891618
