initial_infected_perc,initial_immune_perc,length,height,population_size,contagion_distance,critical_limit,amp_susc,amp_rec,amp_inf,response
0.02761291260370452,0.09415546879676095,100,100,118,5,0.05,10.066007737503885,9.323060831840131,2.0102624665047775,0.11045770966860871
