initial_infected_perc,initial_immune_perc,length,height,population_size,contagion_distance,critical_limit,amp_susc,amp_rec,amp_inf,response
0.06766550102469565,0.04751486396481176,100,100,118,5,0.05,5.00496202978484,0.5907686675237622,19.670083177435394,0.11707712174550239
