initial_infected_perc,initial_immune_perc,length,height,population_size,contagion_distance,critical_limit,amp_susc,amp_rec,amp_inf,response
0.03422720702026349,0.003377644811671643,100,100,118,5,0.05,16.208555023394155,15.81711570316193,4.876996741845916,0.1950163715114853
