initial_infected_perc,initial_immune_perc,length,height,population_size,contagion_distance,critical_limit,amp_susc,amp_rec,amp_inf,response
0.09423030902109193,0.013344821341005132,100,100,118,5,0.05,6.332083481488981,3.5599663693990813,18.74645484235895,0.21654895437251426
