initial_infected_perc,initial_immune_perc,length,height,population_size,contagion_distance,critical_limit,amp_susc,amp_rec,amp_inf,response
0.004851646432267754,0.056678863163086735,100,100,118,5,0.05,11.755381761250622,4.15731273959818,9.62084999341968,0.2332371386810851
