initial_infected_perc,initial_immune_perc,length,height,population_size,contagion_distance,critical_limit,amp_susc,amp_rec,amp_inf,response
0.058744026564303366,0.00474885569760517,100,100,118,5,0.05,19.715015789224037,9.991340587874202,0.570560618592939,0.016872677564194905
