initial_infected_perc,initial_immune_perc,length,height,population_size,contagion_distance,critical_limit,amp_susc,amp_rec,amp_inf,response
0.02316176364505164,0.09936173886016053,100,100,118,5,0.05,12.372598976784953,11.266238027773475,4.803223250265825,0.18511756417417824
