initial_infected_perc,initial_immune_perc,length,height,population_size,contagion_distance,critical_limit,amp_susc,amp_rec,amp_inf,response
0.059450639944148655,0.05416203889521614,100,100,118,5,0.05,4.923092853290174,19.895493622361546,18.498027852427303,0.11939095062940533
