initial_infected_perc,initial_immune_perc,length,height,population_size,contagion_distance,critical_limit,amp_susc,amp_rec,amp_inf,response
0.003010916800060515,0.06941376006464739,100,100,118,5,0.05,19.779308102865752,16.073537695551053,19.30661160771613,0.06726317658546899
