initial_infected_perc,initial_immune_perc,length,height,population_size,contagion_distance,critical_limit,amp_susc,amp_rec,amp_inf,response
0.0566763210956997,0.014559584958495787,100,100,118,5,0.05,18.855278709655366,10.68577069834825,7.40787244245964,0.21309519153202386
