initial_infected_perc,initial_immune_perc,length,height,population_size,contagion_distance,critical_limit,amp_susc,amp_rec,amp_inf,response
0.07206481000482048,0.0011852127033548988,100,100,118,5,0.05,16.669741188430596,14.462002537402105,4.719255611001396,0.17625442930637797
