initial_infected_perc,initial_immune_perc,length,height,population_size,contagion_distance,critical_limit,amp_susc,amp_rec,amp_inf,response
0.0378598540412771,0.05675020766561776,100,100,118,5,0.05,18.751705147585522,14.189980485766098,2.6094221409049,0.15122991373068506
