initial_infected_perc,initial_immune_perc,length,height,population_size,contagion_distance,critical_limit,amp_susc,amp_rec,amp_inf,response
0.07406007068874389,0.07729309655768772,100,100,118,5,0.05,4.5239609232359985,10.421362726745901,16.79201286905187,0.08777312953527432
