initial_infected_perc,initial_immune_perc,length,height,population_size,contagion_distance,critical_limit,amp_susc,amp_rec,amp_inf,response
0.010846210835192705,0.06938413165772812,100,100,118,5,0.05,4.371048169408624,2.917630650814018,2.9799648149885827,0.14470345897814244
