initial_infected_perc,initial_immune_perc,length,height,population_size,contagion_distance,critical_limit,amp_susc,amp_rec,amp_inf,response
0.01719226038939341,0.07741577823202776,100,100,118,5,0.05,18.21410839818369,17.238801448344333,13.42357811112695,0.2330938445022057
