initial_infected_perc,initial_immune_perc,length,height,population_size,contagion_distance,critical_limit,amp_susc,amp_rec,amp_inf,response
0.034539063966413756,0.03944906392584542,100,100,118,5,0.05,0.3427931730613021,11.672932049541853,13.114341433371958,0.1778457180893162
