initial_infected_perc,initial_immune_perc,length,height,population_size,contagion_distance,critical_limit,amp_susc,amp_rec,amp_inf,response
0.01677000547674339,0.05518737365129603,100,100,118,5,0.05,2.425063372422671,0.07318912260825483,12.084699524278461,0.037925790295836426
