initial_infected_perc,initial_immune_perc,length,height,population_size,contagion_distance,critical_limit,amp_susc,amp_rec,amp_inf,response
0.031186371966983664,0.014354476817619755,100,100,118,5,0.05,10.677826299862039,19.174005194576278,2.309328348290147,0.18004698892472504
