initial_infected_perc,initial_immune_perc,length,height,population_size,contagion_distance,critical_limit,amp_susc,amp_rec,amp_inf,response
0.020837274101368066,0.0005591353668893739,100,100,118,5,0.05,9.487234504239728,12.472115232566727,7.007106614174445,0.03810624377249133
