initial_infected_perc,initial_immune_perc,length,height,population_size,contagion_distance,critical_limit,amp_susc,amp_rec,amp_inf,response
0.0870589199963554,0.037967227380149474,100,100,118,5,0.05,19.481647350548293,12.198037950409562,5.05246901621851,0.2024409927969821
