initial_infected_perc,initial_immune_perc,length,height,population_size,contagion_distance,critical_limit,amp_susc,amp_rec,amp_inf,response
0.09597736484181714,0.07933551968395527,100,100,118,5,0.05,4.1616771001166,8.415501935429644,4.847514764080138,0.24184952175488206
