initial_infected_perc,initial_immune_perc,length,height,population_size,contagion_distance,critical_limit,amp_susc,amp_rec,amp_inf,response
0.06572598875437465,0.01630857073132035,100,100,118,5,0.05,12.738455987604471,6.509218110078169,1.6417001118270336,0.07679183497328412
