initial_infected_perc,initial_immune_perc,length,height,population_size,contagion_distance,critical_limit,amp_susc,amp_rec,amp_inf,response
0.037176524536999676,0.03262904730911227,100,100,118,5,0.05,13.239839038437582,1.3978932708154135,0.9521411854343453,0.21764896528848787
