initial_infected_perc,initial_immune_perc,length,height,population_size,contagion_distance,critical_limit,amp_susc,amp_rec,amp_inf,response
0.0733832633282186,0.04694633440865335,100,100,118,5,0.05,15.639131397841082,0.7027360755291356,3.215235571248516,0.14847052268786656
