initial_infected_perc,initial_immune_perc,length,height,population_size,contagion_distance,critical_limit,amp_susc,amp_rec,amp_inf,response
0.08438391796620325,0.003906374826137838,100,100,118,5,0.05,7.104461775232935,4.675046220265826,15.669237342688724,0.1321955462227901
