initial_infected_perc,initial_immune_perc,length,height,population_size,contagion_distance,critical_limit,amp_susc,amp_rec,amp_inf,response
0.0688534518247637,0.09706373912489642,100,100,118,5,0.05,9.473368183701416,4.922380280397947,12.899144822204958,0.09498828093860064
