initial_infected_perc,initial_immune_perc,length,height,population_size,contagion_distance,critical_limit,amp_susc,amp_rec,amp_inf,response
0.0024010392522850754,0.02948290346866711,100,100,118,5,0.05,9.120005102061254,17.570759580507328,12.277278052063188,0.21397600596273472
