initial_infected_perc,initial_immune_perc,length,height,population_size,contagion_distance,critical_limit,amp_susc,amp_rec,amp_inf,response
0.022026502508299864,0.09397705328510345,100,100,118,5,0.05,0.8958225614878201,12.694782799086791,6.217998777761347,0.10650463377727964
