initial_infected_perc,initial_immune_perc,length,height,population_size,contagion_distance,critical_limit,amp_susc,amp_rec,amp_inf,response
0.00019319143255864813,0.025723318774546533,100,100,118,5,0.05,12.46363511973364,16.129677432018404,18.990004269827704,0.00554888535441369
