initial_infected_perc,initial_immune_perc,length,height,population_size,contagion_distance,critical_limit,amp_susc,amp_rec,amp_inf,response
0.034503814831510805,0.032417689633386725,100,100,118,5,0.05,13.320693990201523,1.8902424307252752,4.145323755206178,0.02060015122777903
