initial_infected_perc,initial_immune_perc,length,height,population_size,contagion_distance,critical_limit,amp_susc,amp_rec,amp_inf,response
0.037367744706732174,0.09301926287279035,100,100,118,5,0.05,6.640658481702186,15.89384573766061,9.577819198019446,0.07148787088526566
