initial_infected_perc,initial_immune_perc,length,height,population_size,contagion_distance,critical_limit,amp_susc,amp_rec,amp_inf,response
0.06056199902539683,0.03208869947008417,100,100,118,5,0.05,6.097163356669261,14.543617238533443,4.062423262852414,0.058777729094408544
