initial_infected_perc,initial_immune_perc,length,height,population_size,contagion_distance,critical_limit,amp_susc,amp_rec,amp_inf,response
0.0910898712326398,0.011778086983890313,100,100,118,5,0.05,2.91962529756695,12.812085788387666,12.066955241458473,0.12909638850101327
