initial_infected_perc,initial_immune_perc,length,height,population_size,contagion_distance,critical_limit,amp_susc,amp_rec,amp_inf,response
0.09282351143995365,0.07034978788738865,100,100,118,5,0.05,16.909978967472174,8.899801439209519,14.641749748790545,0.02688682128067684
