initial_infected_perc,initial_immune_perc,length,height,population_size,contagion_distance,critical_limit,amp_susc,amp_rec,amp_inf,response
0.0014143078735709747,0.039544754962430345,100,100,118,5,0.05,11.878217373404379,10.206640196630852,11.699710973448143,0.17947893139713827
