initial_infected_perc,initial_immune_perc,length,height,population_size,contagion_distance,critical_limit,amp_susc,amp_rec,amp_inf,response
0.07906999621011632,0.089106580557354,100,100,118,5,0.05,6.220721953786561,13.155790041360074,4.224765721477974,0.1960941465177071
