initial_infected_perc,initial_immune_perc,length,height,population_size,contagion_distance,critical_limit,amp_susc,amp_rec,amp_inf,response
0.007342752275922893,0.02208461776779689,100,100,118,5,0.05,15.703100126755965,3.374940770925725,9.47171403824999,0.079945738998715
