initial_infected_perc,initial_immune_perc,length,height,population_size,contagion_distance,critical_limit,amp_susc,amp_rec,amp_inf,response
0.06683583423161903,0.031218417255312436,100,100,118,5,0.05,15.854233292679895,10.140571892154195,18.27663037782363,0.04258997696745893
