initial_infected_perc,initial_immune_perc,length,height,population_size,contagion_distance,critical_limit,amp_susc,amp_rec,amp_inf,response
0.07410461855299329,0.07658817129161899,100,100,118,5,0.05,18.371401324359706,5.282324898468853,18.05803100220032,0.19291523100392646
