initial_infected_perc,initial_immune_perc,length,height,population_size,contagion_distance,critical_limit,amp_susc,amp_rec,amp_inf,response
0.05414966091516479,0.08481703835728359,100,100,118,5,0.05,13.134738449767266,17.486892268583844,7.160180660577719,0.15775670040101297
