initial_infected_perc,initial_immune_perc,length,height,population_size,contagion_distance,critical_limit,amp_susc,amp_rec,amp_inf,response
0.021893039798718362,0.04587978630807496,100,100,118,5,0.05,17.02965905155094,19.111762067182607,15.548607691215066,0.28522388885392125
