initial_infected_perc,initial_immune_perc,length,height,population_size,contagion_distance,critical_limit,amp_susc,amp_rec,amp_inf,response
0.010164612691947628,0.07285199926632333,100,100,118,5,0.05,10.133985202441139,12.059890268080164,0.49831577305126773,0.13452935144635061
