initial_infected_perc,initial_immune_perc,length,height,population_size,contagion_distance,critical_limit,amp_susc,amp_rec,amp_inf,response
0.04645687376404232,0.046626666547390075,100,100,118,5,0.05,4.761656188675687,18.61731259619917,14.134124722038749,0.08844066052425781
