initial_infected_perc,initial_immune_perc,length,height,population_size,contagion_distance,critical_limit,amp_susc,amp_rec,amp_inf,response
0.0718026785551062,0.030807623638585337,100,100,118,5,0.05,11.483679668006069,5.098555366950075,9.702889115563076,0.17989844263005147
