initial_infected_perc,initial_immune_perc,length,height,population_size,contagion_distance,critical_limit,amp_susc,amp_rec,amp_inf,response
0.0981396140344587,0.05711879380097379,100,100,118,5,0.05,14.548262482599556,9.48281737416471,1.4528503548980676,0.24011204395477376
