initial_infected_perc,initial_immune_perc,length,height,population_size,contagion_distance,critical_limit,amp_susc,amp_rec,amp_inf,response
0.07506366817829141,0.015297678715540254,100,100,118,5,0.05,13.43153874367436,6.257659291536943,17.144580443525996,0.2495897341188704
