initial_infected_perc,initial_immune_perc,length,height,population_size,contagion_distance,critical_limit,amp_susc,amp_rec,amp_inf,response
0.044692969351671066,0.039939448747838315,100,100,118,5,0.05,1.4238820388019957,5.336165926622003,11.566555916438615,0.24755265238783558
