initial_infected_perc,initial_immune_perc,length,height,population_size,contagion_distance,critical_limit,amp_susc,amp_rec,amp_inf,response
0.08985658643569777,0.018720770460906155,100,100,118,5,0.05,19.789897935083054,5.097057003425629,17.564736124772132,0.033215471727467694
