initial_infected_perc,initial_immune_perc,length,height,population_size,contagion_distance,critical_limit,amp_susc,amp_rec,amp_inf,response
0.06000464133579839,0.0054508107437191144,100,100,118,5,0.05,13.099963369475997,0.8837220245306665,1.1898770445328366,0.2304840162894137
