initial_infected_perc,initial_immune_perc,length,height,population_size,contagion_distance,critical_limit,amp_susc,amp_rec,amp_inf,response
0.05418819733732686,0.02159158109234878,100,100,118,5,0.05,12.791392691734401,1.4690683904859414,3.7082690927444983,0.20774268686925978
