initial_infected_perc,initial_immune_perc,length,height,population_size,contagion_distance,critical_limit,amp_susc,amp_rec,amp_inf,response
0.09274968723095052,0.06509162370303719,100,100,118,5,0.05,0.12329613802819939,16.56723661639853,16.230109224116482,0.21926458417119377
