initial_infected_perc,initial_immune_perc,length,height,population_size,contagion_distance,critical_limit,amp_susc,amp_rec,amp_inf,response
0.039686569246373565,0.02165734647146437,100,100,118,5,0.05,19.47813470302935,17.461307566453705,2.366452179877312,0.14897444669477633
