initial_infected_perc,initial_immune_perc,length,height,population_size,contagion_distance,critical_limit,amp_susc,amp_rec,amp_inf,response
0.08142919908288647,0.04284151342135689,100,100,118,5,0.05,8.21746355220733,15.31544941665988,18.002907712094597,0.04560688162434714
