initial_infected_perc,initial_immune_perc,length,height,population_size,contagion_distance,critical_limit,amp_susc,amp_rec,amp_inf,response
0.008407505210928468,0.01562642123124527,100,100,118,5,0.05,0.024825841828894912,7.427585175430453,6.732202344374927,0.28910846546966185
