initial_infected_perc,initial_immune_perc,length,height,population_size,contagion_distance,critical_limit,amp_susc,amp_rec,amp_inf,response
0.08023964618305003,0.08302334460058679,100,100,118,5,0.05,2.667186336062317,5.375022814610837,6.905172340535195,0.11744612310807882
