initial_infected_perc,initial_immune_perc,length,height,population_size,contagion_distance,critical_limit,amp_susc,amp_rec,amp_inf,response
0.020772033771802503,0.04862926258653525,100,100,118,5,0.05,5.168931143718081,11.26522128893255,6.845150093517436,0.17536086892971992
