initial_infected_perc,initial_immune_perc,length,height,population_size,contagion_distance,critical_limit,amp_susc,amp_rec,amp_inf,response
0.03841245484384103,0.017418183670832012,100,100,118,5,0.05,18.447344860280012,15.836512960948351,7.058252483420196,0.255370975469916
