initial_infected_perc,initial_immune_perc,length,height,population_size,contagion_distance,critical_limit,amp_susc,amp_rec,amp_inf,response
0.08244213822226905,0.08577445299082254,100,100,118,5,0.05,0.6944011118737969,1.1605287946013831,13.654739005510725,0.13947332951883576
