initial_infected_perc,initial_immune_perc,length,height,population_size,contagion_distance,critical_limit,amp_susc,amp_rec,amp_inf,response
0.07945332950768935,0.020671923806038817,100,100,118,5,0.05,3.6985320929704857,12.873858698484923,7.780355514559036,0.14230637843154123
