initial_infected_perc,initial_immune_perc,length,height,population_size,contagion_distance,critical_limit,amp_susc,amp_rec,amp_inf,response
0.01820628045520356,0.08865457573736449,100,100,118,5,0.05,11.170355853566726,4.440957384027375,19.52016524465003,0.2136845262259894
