initial_infected_perc,initial_immune_perc,length,height,population_size,contagion_distance,critical_limit,amp_susc,amp_rec,amp_inf,response
0.06923547729360402,0.08288645491940258,100,100,118,5,0.05,4.879353341447052,11.505385017975026,7.2057972368230105,0.010582383577132136
