initial_infected_perc,initial_immune_perc,length,height,population_size,contagion_distance,critical_limit,amp_susc,amp_rec,amp_inf,response
0.04526491993726698,0.03455016465394987,100,100,118,5,0.05,5.939215372640458,12.560504877616305,16.056129272247933,0.19392017206515913
