initial_infected_perc,initial_immune_perc,length,height,population_size,contagion_distance,critical_limit,amp_susc,amp_rec,amp_inf,response
0.09618113707473344,0.08805795772372443,100,100,118,5,0.05,14.254979728237343,19.92302295508967,12.868879810032867,0.036617659945272704
