initial_infected_perc,initial_immune_perc,length,height,population_size,contagion_distance,critical_limit,amp_susc,amp_rec,amp_inf,response
0.01489620967705131,0.05063920388390156,100,100,118,5,0.05,3.47141982267529,7.764176778891338,4.298256267161635,0.019574284762285954
