initial_infected_perc,initial_immune_perc,length,height,population_size,contagion_distance,critical_limit,amp_susc,amp_rec,amp_inf,response
0.02417164800671571,0.039782034086332185,100,100,118,5,0.05,0.5950721805081582,16.9533418423897,2.5057345607149273,0.030362035314386082
