initial_infected_perc,initial_immune_perc,length,height,population_size,contagion_distance,critical_limit,amp_susc,amp_rec,amp_inf,response
0.08423229987286068,0.042892970918127896,100,100,118,5,0.05,12.399419412562683,18.66013705814607,18.485128465419322,0.22986008786523418
