initial_infected_perc,initial_immune_perc,length,height,population_size,contagion_distance,critical_limit,amp_susc,amp_rec,amp_inf,response
0.023737513320884487,0.032309376834457136,100,100,118,5,0.05,6.717304447289263,9.919817775968781,10.162013142050712,0.15890005129174764
