initial_infected_perc,initial_immune_perc,length,height,population_size,contagion_distance,critical_limit,amp_susc,amp_rec,amp_inf,response
0.028867357434018404,0.0200558556022882,100,100,118,5,0.05,1.8623325603425012,6.341512934936578,18.98801532557161,0.05238363055895779
