initial_infected_perc,initial_immune_perc,length,height,population_size,contagion_distance,critical_limit,amp_susc,amp_rec,amp_inf,response
0.05621948436359767,0.023849832658508242,100,100,118,5,0.05,6.326487822958738,19.061505254718682,6.825747759263967,0.04037862883225657
