initial_infected_perc,initial_immune_perc,length,height,population_size,contagion_distance,critical_limit,amp_susc,amp_rec,amp_inf,response
0.0021854890482042367,0.03567654191992697,100,100,118,5,0.05,7.792918390326151,6.063378363764205,8.759916700527533,0.06149206276443561
