initial_infected_perc,initial_immune_perc,length,height,population_size,contagion_distance,critical_limit,amp_susc,amp_rec,amp_inf,response
0.0061477444363810425,0.059172861891123474,100,100,118,5,0.05,9.977886787356995,4.4964368505552565,8.75483874315085,0.09275513717762131
