initial_infected_perc,initial_immune_perc,length,height,population_size,contagion_distance,critical_limit,amp_susc,amp_rec,amp_inf,response
0.0012690093207566424,0.08037298261722253,100,100,118,5,0.05,0.7142366606621664,11.27561627950524,3.495799736504721,0.15200745866016113
