initial_infected_perc,initial_immune_perc,length,height,population_size,contagion_distance,critical_limit,amp_susc,amp_rec,amp_inf,response
0.012817178582034384,0.052180454096690955,100,100,118,5,0.05,2.384368105482686,13.079343679835901,14.206886054655767,0.030576219357224155
