initial_infected_perc,initial_immune_perc,length,height,population_size,contagion_distance,critical_limit,amp_susc,amp_rec,amp_inf,response
0.021266221975142253,0.05884748608525783,100,100,118,5,0.05,9.729573454272664,8.331086263869352,2.020123100281759,0.13602161484141806
