initial_infected_perc,initial_immune_perc,length,height,population_size,contagion_distance,critical_limit,amp_susc,amp_rec,amp_inf,response
0.0626094625272231,0.08674718970664813,100,100,118,5,0.05,2.5749597100950727,3.276442161741895,2.4589370084121964,0.19106793902176739
