initial_infected_perc,initial_immune_perc,length,height,population_size,contagion_distance,critical_limit,amp_susc,amp_rec,amp_inf,response
0.09744026444335774,0.09623463967946777,100,100,118,5,0.05,16.176742308202126,14.338917163126364,0.468998069485258,0.19958442813927146
