initial_infected_perc,initial_immune_perc,length,height,population_size,contagion_distance,critical_limit,amp_susc,amp_rec,amp_inf,response
0.09273768585560253,0.03773841854494834,100,100,118,5,0.05,4.71865220433616,8.451187682616673,6.285520791780268,0.20657718513809728
