initial_infected_perc,initial_immune_perc,length,height,population_size,contagion_distance,critical_limit,amp_susc,amp_rec,amp_inf,response
0.08349809220983907,0.0497022941062728,100,100,118,5,0.05,10.945345164454366,3.4979019232619857,9.559286112086806,0.03745243045402887
