initial_infected_perc,initial_immune_perc,length,height,population_size,contagion_distance,critical_limit,amp_susc,amp_rec,amp_inf,response
0.08855490352344723,0.0074797695780383314,100,100,118,5,0.05,4.921397529268963,3.619996819505702,6.859596778334587,0.20933236539944466
