initial_infected_perc,initial_immune_perc,length,height,population_size,contagion_distance,critical_limit,amp_susc,amp_rec,amp_inf,response
0.02730731498386756,0.06769384167135566,100,100,118,5,0.05,6.731563663208777,13.912415451114551,10.708680221399385,0.18558243878753414
