initial_infected_perc,initial_immune_perc,length,height,population_size,contagion_distance,critical_limit,amp_susc,amp_rec,amp_inf,response
0.06768849663335273,0.04634828802364693,100,100,118,5,0.05,7.487360138089649,7.662724792866815,1.3480146977344498,0.2405805606569313
