initial_infected_perc,initial_immune_perc,length,height,population_size,contagion_distance,critical_limit,amp_susc,amp_rec,amp_inf,response
0.08232615358704926,0.033926510300544055,100,100,118,5,0.05,18.710080810332354,16.57015534782374,0.5669875045116801,0.28945407388421784
