initial_infected_perc,initial_immune_perc,length,height,population_size,contagion_distance,critical_limit,amp_susc,amp_rec,amp_inf,response
0.04246461117011616,0.0716466612801333,100,100,118,5,0.05,8.077178952619697,3.3041789245125885,4.176719247127513,0.025711449841133348
