initial_infected_perc,initial_immune_perc,length,height,population_size,contagion_distance,critical_limit,amp_susc,amp_rec,amp_inf,response
0.018644932946225348,0.08858726322668273,100,100,118,5,0.05,1.9151305395705753,11.537432870647347,9.445153673924885,0.2389596563379778
