initial_infected_perc,initial_immune_perc,length,height,population_size,contagion_distance,critical_limit,amp_susc,amp_rec,amp_inf,response
0.057614396099924275,0.05947630124152711,100,100,118,5,0.05,14.271558782156713,6.1443498121351485,18.360269862749732,0.09622420053442135
