initial_infected_perc,initial_immune_perc,length,height,population_size,contagion_distance,critical_limit,amp_susc,amp_rec,amp_inf,response
0.09297293493279714,0.0121565071848614,100,100,118,5,0.05,2.012369997794552,16.901393443227015,14.68891548189414,0.07771569122701007
