initial_infected_perc,initial_immune_perc,length,height,population_size,contagion_distance,critical_limit,amp_susc,amp_rec,amp_inf,response
0.044423015603759844,0.010852006456971465,100,100,118,5,0.05,18.15937898990857,13.931347321175291,8.273533392056434,0.060536822379044494
