initial_infected_perc,initial_immune_perc,length,height,population_size,contagion_distance,critical_limit,amp_susc,amp_rec,amp_inf,response
0.017530293521302778,0.04715614858711305,100,100,118,5,0.05,18.216969040565893,16.268797856504065,4.87295613231985,0.2531574647476896
