initial_infected_perc,initial_immune_perc,length,height,population_size,contagion_distance,critical_limit,amp_susc,amp_rec,amp_inf,response
0.05117649574269352,0.06039461640566125,100,100,118,5,0.05,9.176545474172146,19.82400522982431,4.625912926086897,0.21069185929074108
