initial_infected_perc,initial_immune_perc,length,height,population_size,contagion_distance,critical_limit,amp_susc,amp_rec,amp_inf,response
0.07153311264840992,0.03918200367392666,100,100,118,5,0.05,17.06302633831688,18.885591909221695,14.339825910195998,0.23924440995698804
