initial_infected_perc,initial_immune_perc,length,height,population_size,contagion_distance,critical_limit,amp_susc,amp_rec,amp_inf,response
0.08791831143603213,0.05747395532825544,100,100,118,5,0.05,0.49669194463590305,13.899607125188506,17.67113070224011,0.07343696660757888
