initial_infected_perc,initial_immune_perc,length,height,population_size,contagion_distance,critical_limit,amp_susc,amp_rec,amp_inf,response
0.09710826599679787,0.07902661522433257,100,100,118,5,0.05,10.297780336633803,4.883037258833946,18.62039324515844,0.19139578258096063
