initial_infected_perc,initial_immune_perc,length,height,population_size,contagion_distance,critical_limit,amp_susc,amp_rec,amp_inf,response
0.06453944565032599,0.01699638244516911,100,100,118,5,0.05,8.784304431506886,2.5110081988582422,10.631153970282165,0.18310675450380434
