initial_infected_perc,initial_immune_perc,length,height,population_size,contagion_distance,critical_limit,amp_susc,amp_rec,amp_inf,response
0.008195900795124555,0.07975610280281566,100,100,118,5,0.05,17.082621132064094,18.423249551595553,9.90124001940365,0.23036158145525037
