initial_infected_perc,initial_immune_perc,length,height,population_size,contagion_distance,critical_limit,amp_susc,amp_rec,amp_inf,response
0.09805848330639343,0.047915626832092696,100,100,118,5,0.05,14.18608386440103,18.647009057988214,1.420785746475648,0.23956515087027952
