initial_infected_perc,initial_immune_perc,length,height,population_size,contagion_distance,critical_limit,amp_susc,amp_rec,amp_inf,response
0.04218910058669753,0.059256129895457435,100,100,118,5,0.05,3.0347943849096293,10.977214675018867,18.948539818799382,0.0047845143062974155
