initial_infected_perc,initial_immune_perc,length,height,population_size,contagion_distance,critical_limit,amp_susc,amp_rec,amp_inf,response
0.026130961959579146,0.09768087796025146,100,100,118,5,0.05,3.8661457937543475,5.396173554197194,10.287254306487783,0.24731060082901177
