initial_infected_perc,initial_immune_perc,length,height,population_size,contagion_distance,critical_limit,amp_susc,amp_rec,amp_inf,response
0.06854316994705673,0.025055163429391014,100,100,118,5,0.05,6.226488915249049,8.446720600990691,16.684857283849404,0.08660599681212842
