initial_infected_perc,initial_immune_perc,length,height,population_size,contagion_distance,critical_limit,amp_susc,amp_rec,amp_inf,response
0.051701727480299164,0.007546827399609624,100,100,118,5,0.05,17.645956572863923,16.50853590205953,18.51287738557785,0.2975746313059847
