initial_infected_perc,initial_immune_perc,length,height,population_size,contagion_distance,critical_limit,amp_susc,amp_rec,amp_inf,response
0.060788010086003645,0.0783931408221299,100,100,118,5,0.05,19.680495729401898,6.786170575254817,15.909357350878668,0.20994927906227323
