initial_infected_perc,initial_immune_perc,length,height,population_size,contagion_distance,critical_limit,amp_susc,amp_rec,amp_inf,response
0.09284276826937726,0.08479874942394022,100,100,118,5,0.05,5.105844985877834,8.501997322538335,15.847478219384548,0.036086492928669375
