initial_infected_perc,initial_immune_perc,length,height,population_size,contagion_distance,critical_limit,amp_susc,amp_rec,amp_inf,response
0.09620085256622384,0.07063142901810897,100,100,118,5,0.05,10.478735613900005,18.017157704054185,6.363306969609567,0.23586375437326654
