initial_infected_perc,initial_immune_perc,length,height,population_size,contagion_distance,critical_limit,amp_susc,amp_rec,amp_inf,response
0.09078059912515671,0.0973611122583426,100,100,118,5,0.05,19.260981674293628,7.059064312583631,0.5307319212646955,0.049189786580250805
