initial_infected_perc,initial_immune_perc,length,height,population_size,contagion_distance,critical_limit,amp_susc,amp_rec,amp_inf,response
0.03844109456287599,0.03271794109714684,100,100,118,5,0.05,7.9998436135490465,4.118981131182871,15.943248603605396,0.17134972416898328
