initial_infected_perc,initial_immune_perc,length,height,population_size,contagion_distance,critical_limit,amp_susc,amp_rec,amp_inf,response
0.0659553124290184,0.024926748657052057,100,100,118,5,0.05,16.4766758201097,10.53829296794049,10.002419436405336,0.010308743381690721
