initial_infected_perc,initial_immune_perc,length,height,population_size,contagion_distance,critical_limit,amp_susc,amp_rec,amp_inf,response
0.02190962063477625,0.05573409377553597,100,100,118,5,0.05,16.742080107612107,13.497709838040228,17.134702256172297,0.03595113125564509
