initial_infected_perc,initial_immune_perc,length,height,population_size,contagion_distance,critical_limit,amp_susc,amp_rec,amp_inf,response
0.028653611314927975,0.013221100267112873,100,100,118,5,0.05,6.071867990007553,17.503310047170114,9.867891517283924,0.23742555948784996
