initial_infected_perc,initial_immune_perc,length,height,population_size,contagion_distance,critical_limit,amp_susc,amp_rec,amp_inf,response
0.04952876631938527,0.05457314498644661,100,100,118,5,0.05,10.811454036976658,7.30177518180848,6.5641344669809865,0.1018786511150583
