initial_infected_perc,initial_immune_perc,length,height,population_size,contagion_distance,critical_limit,amp_susc,amp_rec,amp_inf,response
0.01718533963174065,0.05078266066650178,100,100,118,5,0.05,15.350909654618176,13.953683311225086,17.230681093937516,0.1979780563449077
