initial_infected_perc,initial_immune_perc,length,height,population_size,contagion_distance,critical_limit,amp_susc,amp_rec,amp_inf,response
0.09254332084882338,0.09183044819014301,100,100,118,5,0.05,6.910856803983709,7.206425440209017,4.156099161055121,0.14092192884506446
