initial_infected_perc,initial_immune_perc,length,height,population_size,contagion_distance,critical_limit,amp_susc,amp_rec,amp_inf,response
0.030380103690651264,0.08418556495021037,100,100,118,5,0.05,18.290742218696757,15.64180088702188,0.24628565776935618,0.028437258566508982
