initial_infected_perc,initial_immune_perc,length,height,population_size,contagion_distance,critical_limit,amp_susc,amp_rec,amp_inf,response
0.008198358711620713,0.06475156573217104,100,100,118,5,0.05,15.673531197309476,4.962233147991785,7.961106410631746,0.26493730860574805
