initial_infected_perc,initial_immune_perc,length,height,population_size,contagion_distance,critical_limit,amp_susc,amp_rec,amp_inf,response
0.003343253166004434,0.03843225064492354,100,100,118,5,0.05,11.63333969128612,2.5965761310109103,12.120290243285535,0.28750830995492005
