initial_infected_perc,initial_immune_perc,length,height,population_size,contagion_distance,critical_limit,amp_susc,amp_rec,amp_inf,response
0.017277133157400093,0.002978800612809518,100,100,118,5,0.05,6.38348388691655,16.064170329116084,0.4592450192841846,0.27359123187237205
