initial_infected_perc,initial_immune_perc,length,height,population_size,contagion_distance,critical_limit,amp_susc,amp_rec,amp_inf,response
0.01530861383243335,0.023520756671125232,100,100,118,5,0.05,12.698831057454534,19.54032361220639,5.544427940317429,0.055769361211469415
