initial_infected_perc,initial_immune_perc,length,height,population_size,contagion_distance,critical_limit,amp_susc,amp_rec,amp_inf,response
0.09487426414203196,0.06435368337147243,100,100,118,5,0.05,16.48278761915071,18.83507739980445,4.847170072795349,0.17742265595934603
