initial_infected_perc,initial_immune_perc,length,height,population_size,contagion_distance,critical_limit,amp_susc,amp_rec,amp_inf,response
0.09622594527266569,0.042658431799892885,100,100,118,5,0.05,13.207910155216485,19.152389640769883,11.641383595636114,0.15149252252946327
