initial_infected_perc,initial_immune_perc,length,height,population_size,contagion_distance,critical_limit,amp_susc,amp_rec,amp_inf,response
0.0191387362749504,0.0746023908350558,100,100,118,5,0.05,8.475024218955955,0.5862050081663495,3.806920890725265,0.29619209757014897
