initial_infected_perc,initial_immune_perc,length,height,population_size,contagion_distance,critical_limit,amp_susc,amp_rec,amp_inf,response
0.09250880051318289,0.07017597765209299,100,100,118,5,0.05,1.753752001221267,0.6417010040291027,15.510504941939228,0.1420001828214251
