initial_infected_perc,initial_immune_perc,length,height,population_size,contagion_distance,critical_limit,amp_susc,amp_rec,amp_inf,response
0.09649278377449894,0.019839942554270365,100,100,118,5,0.05,4.571327657472075,11.870915358522689,0.15199425396948296,0.21093675548952245
