initial_infected_perc,initial_immune_perc,length,height,population_size,contagion_distance,critical_limit,amp_susc,amp_rec,amp_inf,response
0.04691811301629611,0.05889285319926402,100,100,118,5,0.05,17.413847845776086,7.8065823373042065,5.876187296589053,0.13903428943410293
