initial_infected_perc,initial_immune_perc,length,height,population_size,contagion_distance,critical_limit,amp_susc,amp_rec,amp_inf,response
0.09093438603308758,0.07020625798974672,100,100,118,5,0.05,8.7524528651479,0.35404664122451024,11.872336086909796,0.08725357767479576
