initial_infected_perc,initial_immune_perc,length,height,population_size,contagion_distance,critical_limit,amp_susc,amp_rec,amp_inf,response
0.05979015269959964,0.09416170108513093,100,100,118,5,0.05,1.5146077984319817,2.6764411091851503,16.712763846284886,0.002472875956386966
