initial_infected_perc,initial_immune_perc,length,height,population_size,contagion_distance,critical_limit,amp_susc,amp_rec,amp_inf,response
0.016444699975055734,0.039419754276101275,100,100,118,5,0.05,15.519094081414542,4.137217235206063,9.359603507014642,0.06044421967743031
