initial_infected_perc,initial_immune_perc,length,height,population_size,contagion_distance,critical_limit,amp_susc,amp_rec,amp_inf,response
0.04280035800375516,0.0361225432302179,100,100,118,5,0.05,18.00552032285218,6.470726301779526,1.1593913988134164,0.05264134463195564
