initial_infected_perc,initial_immune_perc,length,height,population_size,contagion_distance,critical_limit,amp_susc,amp_rec,amp_inf,response
0.04692107520865586,0.08674843981442454,100,100,118,5,0.05,19.817111950126534,11.347230627643462,12.597537836934459,0.06516664457155526
