initial_infected_perc,initial_immune_perc,length,height,population_size,contagion_distance,critical_limit,amp_susc,amp_rec,amp_inf,response
0.07170592950432696,0.034551210582276,100,100,118,5,0.05,8.672400433292179,0.361010630080707,1.9581207421386893,0.06854594279874794
