initial_infected_perc,initial_immune_perc,length,height,population_size,contagion_distance,critical_limit,amp_susc,amp_rec,amp_inf,response
0.08223643483546521,0.04116552496881509,100,100,118,5,0.05,18.037901966837712,14.583118989518889,16.64971511809889,0.05124923523098603
