initial_infected_perc,initial_immune_perc,length,height,population_size,contagion_distance,critical_limit,amp_susc,amp_rec,amp_inf,response
0.010430960955540525,0.09073141891872019,100,100,118,5,0.05,2.520102670337512,18.674062355583015,7.072440728974287,0.07890696121260975
