initial_infected_perc,initial_immune_perc,length,height,population_size,contagion_distance,critical_limit,amp_susc,amp_rec,amp_inf,response
0.04163080963311562,0.06066868848532125,100,100,118,5,0.05,15.05523998158412,6.083216941419463,2.8580531509218354,0.16561081326399812
