initial_infected_perc,initial_immune_perc,length,height,population_size,contagion_distance,critical_limit,amp_susc,amp_rec,amp_inf,response
0.015972461554882546,0.09917143739070104,100,100,118,5,0.05,2.8801321763011023,1.1578633405500671,5.907302095996016,0.07233407284974959
