initial_infected_perc,initial_immune_perc,length,height,population_size,contagion_distance,critical_limit,amp_susc,amp_rec,amp_inf,response
0.03829155173641709,0.030098699011724097,100,100,118,5,0.05,9.487244327142125,19.636954005180375,19.55594252247971,0.12996673460157487
