initial_infected_perc,initial_immune_perc,length,height,population_size,contagion_distance,critical_limit,amp_susc,amp_rec,amp_inf,response
0.07696457362920285,0.003588687163090698,100,100,118,5,0.05,1.921858687252287,10.1204664526895,11.920358563040539,0.21074421709783714
