initial_infected_perc,initial_immune_perc,length,height,population_size,contagion_distance,critical_limit,amp_susc,amp_rec,amp_inf,response
0.03964923324843145,0.08732289087637396,100,100,118,5,0.05,3.1292420322846293,15.832226739214438,19.407594570805237,0.15231071690924294
