initial_infected_perc,initial_immune_perc,length,height,population_size,contagion_distance,critical_limit,amp_susc,amp_rec,amp_inf,response
0.03037614804245539,0.027148538617445362,100,100,118,5,0.05,3.4561502405910183,14.441134768254894,16.3713189841592,0.031032121379410582
