initial_infected_perc,initial_immune_perc,length,height,population_size,contagion_distance,critical_limit,amp_susc,amp_rec,amp_inf,response
0.027720027424338378,0.03675963485823465,100,100,118,5,0.05,13.84826483074777,2.8963232056959254,3.0997861146392536,0.219951685883599
