initial_infected_perc,initial_immune_perc,length,height,population_size,contagion_distance,critical_limit,amp_susc,amp_rec,amp_inf,response
0.01046035094032377,0.0033609411914249047,100,100,118,5,0.05,14.396942765745058,7.718346987309683,6.018370441386132,0.08811104289677182
