initial_infected_perc,initial_immune_perc,length,height,population_size,contagion_distance,critical_limit,amp_susc,amp_rec,amp_inf,response
0.04302787525983043,0.021719065657401018,100,100,118,5,0.05,18.239551502045707,1.7080787308166534,2.634226420569563,0.2777739535866252
