initial_infected_perc,initial_immune_perc,length,height,population_size,contagion_distance,critical_limit,amp_susc,amp_rec,amp_inf,response
0.08908013395333855,0.056510400405801256,100,100,118,5,0.05,16.999905782883832,2.6278024699270897,3.465905820426469,0.08356787900936007
