initial_infected_perc,initial_immune_perc,length,height,population_size,contagion_distance,critical_limit,amp_susc,amp_rec,amp_inf,response
0.07380503895796156,0.016393997201549593,100,100,118,5,0.05,12.041096712031036,1.7434866267651605,8.872588151324019,0.26632853118568806
