initial_infected_perc,initial_immune_perc,length,height,population_size,contagion_distance,critical_limit,amp_susc,amp_rec,amp_inf,response
0.09679232520828669,0.03575672145233216,100,100,118,5,0.05,2.8453919961476326,4.857385738600031,19.30536084886915,0.07409127371817932
