initial_infected_perc,initial_immune_perc,length,height,population_size,contagion_distance,critical_limit,amp_susc,amp_rec,amp_inf,response
0.09649362250749727,0.06135764991568804,100,100,118,5,0.05,12.241633723061945,14.290387335034128,15.081500093652467,0.045433691925247044
