initial_infected_perc,initial_immune_perc,length,height,population_size,contagion_distance,critical_limit,amp_susc,amp_rec,amp_inf,response
0.03794546627883882,0.0655275996476978,100,100,118,5,0.05,0.9847382759725676,19.03728115828788,15.977110432570967,0.2963425055569547
