initial_infected_perc,initial_immune_perc,length,height,population_size,contagion_distance,critical_limit,amp_susc,amp_rec,amp_inf,response
0.07018665998033953,0.033467722848983916,100,100,118,5,0.05,1.2729341971398922,12.541004753814821,9.952683933502469,0.19084448925925557
