initial_infected_perc,initial_immune_perc,length,height,population_size,contagion_distance,critical_limit,amp_susc,amp_rec,amp_inf,response
0.09421281908000492,0.045598071602623094,100,100,118,5,0.05,8.936836317575745,11.328672834095721,9.910489447243867,0.1024909234265834
