initial_infected_perc,initial_immune_perc,length,height,population_size,contagion_distance,critical_limit,amp_susc,amp_rec,amp_inf,response
0.08786693031993835,0.012357783531312616,100,100,118,5,0.05,9.241295046881476,12.841155442134758,1.2757229714661178,0.2999209097213307
