initial_infected_perc,initial_immune_perc,length,height,population_size,contagion_distance,critical_limit,amp_susc,amp_rec,amp_inf,response
0.06927189109896299,0.08342973445730449,100,100,118,5,0.05,7.648174875378324,6.8980308421353564,12.734811476156867,0.06619855832367445
