initial_infected_perc,initial_immune_perc,length,height,population_size,contagion_distance,critical_limit,amp_susc,amp_rec,amp_inf,response
0.04261396746459381,0.026115163525867815,100,100,118,5,0.05,11.84492878621591,0.20061437658898562,9.341997085181442,0.24104425545715624
