initial_infected_perc,initial_immune_perc,length,height,population_size,contagion_distance,critical_limit,amp_susc,amp_rec,amp_inf,response
0.026946171148629107,0.008712967021747365,100,100,118,5,0.05,6.034662700947175,9.966595938166702,11.625684137803576,0.21790034269945652
