initial_infected_perc,initial_immune_perc,length,height,population_size,contagion_distance,critical_limit,amp_susc,amp_rec,amp_inf,response
0.008500223560825904,0.041518103013324884,100,100,118,5,0.05,16.275764385728483,19.35751102859437,9.678718123841977,0.28273848363063575
