initial_infected_perc,initial_immune_perc,length,height,population_size,contagion_distance,critical_limit,amp_susc,amp_rec,amp_inf,response
0.09708457451120417,0.07166989879951935,100,100,118,5,0.05,14.278398094909603,1.4557712535220402,4.6383426554370555,0.2665150172157177
