initial_infected_perc,initial_immune_perc,length,height,population_size,contagion_distance,critical_limit,amp_susc,amp_rec,amp_inf,response
0.08463635371071308,0.06431563292583851,100,100,118,5,0.05,0.40165622094820774,19.410304787363152,9.127462632270726,0.23052603321782714
