initial_infected_perc,initial_immune_perc,length,height,population_size,contagion_distance,critical_limit,amp_susc,amp_rec,amp_inf,response
0.09453283893118913,0.0807038947764952,100,100,118,5,0.05,15.944619565528209,7.78451057465154,4.533362224334521,0.02789967329569648
