initial_infected_perc,initial_immune_perc,length,height,population_size,contagion_distance,critical_limit,amp_susc,amp_rec,amp_inf,response
0.08105736570273847,0.0884121371653378,100,100,118,5,0.05,2.196407664950475,17.26870770282954,14.952186122739707,0.009654670312145452
