initial_infected_perc,initial_immune_perc,length,height,population_size,contagion_distance,critical_limit,amp_susc,amp_rec,amp_inf,response
0.08861073429850778,0.07155005292489901,100,100,118,5,0.05,2.9118115725904614,1.808171195601207,8.065349513222849,0.09383102555422697
