initial_infected_perc,initial_immune_perc,length,height,population_size,contagion_distance,critical_limit,amp_susc,amp_rec,amp_inf,response
0.09106454205109277,0.01190752548285088,100,100,118,5,0.05,4.904000072853867,7.513015890772159,19.262094710596536,0.09022921800048218
