initial_infected_perc,initial_immune_perc,length,height,population_size,contagion_distance,critical_limit,amp_susc,amp_rec,amp_inf,response
0.06933501837004265,0.00879422230233171,100,100,118,5,0.05,7.406285240060044,17.74797072704137,0.08430748067118188,0.15557953678566439
