initial_infected_perc,initial_immune_perc,length,height,population_size,contagion_distance,critical_limit,amp_susc,amp_rec,amp_inf,response
0.09461057435646025,0.011549301427801485,100,100,118,5,0.05,8.23480766655733,14.403620138983879,0.41198418539330817,0.014321619835529063
