initial_infected_perc,initial_immune_perc,length,height,population_size,contagion_distance,critical_limit,amp_susc,amp_rec,amp_inf,response
0.048909495982898676,0.09152112963328933,100,100,118,5,0.05,13.2482492032265,3.048648019554807,3.0631676594772395,0.24289100712922645
