initial_infected_perc,initial_immune_perc,length,height,population_size,contagion_distance,critical_limit,amp_susc,amp_rec,amp_inf,response
0.09463592094589901,0.06807620638694743,100,100,118,5,0.05,10.910216870264149,0.4764961528454603,17.883402359592996,0.21706222153943247
