initial_infected_perc,initial_immune_perc,length,height,population_size,contagion_distance,critical_limit,amp_susc,amp_rec,amp_inf,response
0.05720223745686742,0.017892091426144986,100,100,118,5,0.05,4.1529209561693925,13.667997907293595,2.3036029649163403,0.2508782986411146
