initial_infected_perc,initial_immune_perc,length,height,population_size,contagion_distance,critical_limit,amp_susc,amp_rec,amp_inf,response
0.09874837981332275,0.023850356223621284,100,100,118,5,0.05,17.44145083526567,1.4078365658700154,17.289636042600094,0.0927988788690708
