initial_infected_perc,initial_immune_perc,length,height,population_size,contagion_distance,critical_limit,amp_susc,amp_rec,amp_inf,response
0.007939223090038295,0.012387143109096332,100,100,118,5,0.05,14.663300426775592,7.297136355746703,9.174686851899683,0.04922976818889656
