initial_infected_perc,initial_immune_perc,length,height,population_size,contagion_distance,critical_limit,amp_susc,amp_rec,amp_inf,response
0.019318645918796496,0.08574297864513893,100,100,118,5,0.05,11.140667393641195,4.770309851126577,17.530591603656653,0.2930901677700656
