initial_infected_perc,initial_immune_perc,length,height,population_size,contagion_distance,critical_limit,amp_susc,amp_rec,amp_inf,response
0.026677981889588753,0.015338447916589004,100,100,118,5,0.05,16.44167019425122,17.704710027667137,5.798094772238982,0.28387512946048615
