initial_infected_perc,initial_immune_perc,length,height,population_size,contagion_distance,critical_limit,amp_susc,amp_rec,amp_inf,response
0.03575356228601162,0.026194621587254843,100,100,118,5,0.05,7.7169805586352,11.316213173481914,4.029755670400965,0.24703208253027978
