initial_infected_perc,initial_immune_perc,length,height,population_size,contagion_distance,critical_limit,amp_susc,amp_rec,amp_inf,response
0.07752054237407963,0.08199052375142458,100,100,118,5,0.05,0.1124198123938025,19.377752922858704,4.021074749894209,0.2925521483438204
