initial_infected_perc,initial_immune_perc,length,height,population_size,contagion_distance,critical_limit,amp_susc,amp_rec,amp_inf,response
0.0709128032851992,0.08630942504475182,100,100,118,5,0.05,4.242971339871646,16.026178878189896,8.892559261155512,0.010860250699290697
