initial_infected_perc,initial_immune_perc,length,height,population_size,contagion_distance,critical_limit,amp_susc,amp_rec,amp_inf,response
0.08399998468494813,0.05094224831965362,100,100,118,5,0.05,4.107640264750638,18.24291843567966,4.7495084457250165,5.757140414667239e-05
