initial_infected_perc,initial_immune_perc,length,height,population_size,contagion_distance,critical_limit,amp_susc,amp_rec,amp_inf,response
0.028370658874795597,0.07698794630087753,100,100,118,5,0.05,14.104173817699223,7.532229375137495,19.230538270032763,0.13151367885937687
