initial_infected_perc,initial_immune_perc,length,height,population_size,contagion_distance,critical_limit,amp_susc,amp_rec,amp_inf,response
0.005515031545292404,0.005696208999498376,100,100,118,5,0.05,2.2235583847298512,15.929464686707211,6.623996590172876,0.2879631671119349
