initial_infected_perc,initial_immune_perc,length,height,population_size,contagion_distance,critical_limit,amp_susc,amp_rec,amp_inf,response
0.04179125734241115,0.09239880822680831,100,100,118,5,0.05,3.9436666317030156,9.39257698772759,18.33804819553928,0.2977938306973348
