initial_infected_perc,initial_immune_perc,length,height,population_size,contagion_distance,critical_limit,amp_susc,amp_rec,amp_inf,response
0.0362904330504869,0.07099667666688274,100,100,118,5,0.05,6.46670368201296,4.018052987465593,19.674236707099368,0.10206015326321956
