initial_infected_perc,initial_immune_perc,length,height,population_size,contagion_distance,critical_limit,amp_susc,amp_rec,amp_inf,response
0.024192205563875115,0.05972647849100601,100,100,118,5,0.05,2.2077753179670623,6.1973663232489535,4.374270180132269,0.2717079737364222
