initial_infected_perc,initial_immune_perc,length,height,population_size,contagion_distance,critical_limit,amp_susc,amp_rec,amp_inf,response
0.04863331815916038,0.06982291761027651,100,100,118,5,0.05,6.4643016730074665,16.169286287651946,5.73274554063,0.09708500155035564
