initial_infected_perc,initial_immune_perc,length,height,population_size,contagion_distance,critical_limit,amp_susc,amp_rec,amp_inf,response
0.026170134075778107,0.04419963628343444,100,100,118,5,0.05,17.464192068175986,14.023942994311241,4.641252864712737,0.1934973434998881
