initial_infected_perc,initial_immune_perc,length,height,population_size,contagion_distance,critical_limit,amp_susc,amp_rec,amp_inf,response
0.028313695939050233,0.0585681890314792,100,100,118,5,0.05,4.956193442342514,19.08054576852607,6.672867693459928,0.2241509348670828
