initial_infected_perc,initial_immune_perc,length,height,population_size,contagion_distance,critical_limit,amp_susc,amp_rec,amp_inf,response
0.0019354540391778308,0.09233286467698731,100,100,118,5,0.05,17.275231888484324,14.508349542695074,1.6647512934977948,0.13048652799155788
