initial_infected_perc,initial_immune_perc,length,height,population_size,contagion_distance,critical_limit,amp_susc,amp_rec,amp_inf,response
0.06102307430747991,0.029587814566349693,100,100,118,5,0.05,13.14841904328606,15.071775187270337,7.373052822004038,0.08013476275115469
