initial_infected_perc,initial_immune_perc,length,height,population_size,contagion_distance,critical_limit,amp_susc,amp_rec,amp_inf,response
0.04513159200185251,0.008346604301210914,100,100,118,5,0.05,19.991396933274206,8.408038373839066,4.2632102865826615,0.22571294075685008
