initial_infected_perc,initial_immune_perc,length,height,population_size,contagion_distance,critical_limit,amp_susc,amp_rec,amp_inf,response
0.09578030635455814,0.007868540395070567,100,100,118,5,0.05,3.837088669597295,16.497663340369694,19.4739256347749,0.08385850526525777
