initial_infected_perc,initial_immune_perc,length,height,population_size,contagion_distance,critical_limit,amp_susc,amp_rec,amp_inf,response
0.05548707540975437,0.08041772170653938,100,100,118,5,0.05,9.4520115931926,3.0091386806704,12.806344603239834,0.26857485107605683
