initial_infected_perc,initial_immune_perc,length,height,population_size,contagion_distance,critical_limit,amp_susc,amp_rec,amp_inf,response
0.006130782429366622,0.097801994434316,100,100,118,5,0.05,0.24568028519513785,13.588411580846332,6.585892670610118,0.18932406077530597
