initial_infected_perc,initial_immune_perc,length,height,population_size,contagion_distance,critical_limit,amp_susc,amp_rec,amp_inf,response
0.002432420033037919,0.014336527243126285,100,100,118,5,0.05,7.574080020077513,18.807847699649678,11.434651976071365,0.1181019840730099
