initial_infected_perc,initial_immune_perc,length,height,population_size,contagion_distance,critical_limit,amp_susc,amp_rec,amp_inf,response
0.034099527319742876,0.08893820085905621,100,100,118,5,0.05,8.382355409644344,12.396008087529975,4.527719124155148,0.13827864437896295
