initial_infected_perc,initial_immune_perc,length,height,population_size,contagion_distance,critical_limit,amp_susc,amp_rec,amp_inf,response
0.06962369358816954,0.09535987268137408,100,100,118,5,0.05,0.5062452232822245,16.241531447325322,0.6352325370959155,0.28079555139177126
