initial_infected_perc,initial_immune_perc,length,height,population_size,contagion_distance,critical_limit,amp_susc,amp_rec,amp_inf,response
0.03147218076921259,0.00933997252068156,100,100,118,5,0.05,3.619023155728436,6.43703344907586,1.4256686371249327,0.2425484726209518
