initial_infected_perc,initial_immune_perc,length,height,population_size,contagion_distance,critical_limit,amp_susc,amp_rec,amp_inf,response
0.09802033416669313,0.05525649700407986,100,100,118,5,0.05,6.506738938487137,6.372524964501407,7.163917951343775,0.09775153075160004
