initial_infected_perc,initial_immune_perc,length,height,population_size,contagion_distance,critical_limit,amp_susc,amp_rec,amp_inf,response
0.07342486784834576,0.09815632599694674,100,100,118,5,0.05,2.1704916069864733,7.568964415963495,4.384424484559513,0.13833521748982364
