initial_infected_perc,initial_immune_perc,length,height,population_size,contagion_distance,critical_limit,amp_susc,amp_rec,amp_inf,response
0.0746372099724656,0.05740569171794962,100,100,118,5,0.05,2.15797632727063,5.976337048266771,13.713706028432775,0.14464183534167394
