initial_infected_perc,initial_immune_perc,length,height,population_size,contagion_distance,critical_limit,amp_susc,amp_rec,amp_inf,response
0.06605962891331037,0.06172912912649178,100,100,118,5,0.05,8.69394582311142,4.164223103831198,16.142077063330223,0.2671808183866306
