initial_infected_perc,initial_immune_perc,length,height,population_size,contagion_distance,critical_limit,amp_susc,amp_rec,amp_inf,response
0.012810997647434342,0.004657054813736384,100,100,118,5,0.05,12.909978706001073,9.706923531107364,12.479306234682346,0.19475599596311177
