initial_infected_perc,initial_immune_perc,length,height,population_size,contagion_distance,critical_limit,amp_susc,amp_rec,amp_inf,response
0.04052848677997062,0.01652611986393988,100,100,118,5,0.05,2.4367510624943733,11.680696365283982,12.97419566303773,0.2972661320590348
