initial_infected_perc,initial_immune_perc,length,height,population_size,contagion_distance,critical_limit,amp_susc,amp_rec,amp_inf,response
0.03395899389105322,0.03771772641820004,100,100,118,5,0.05,18.43648275562759,8.586854905489501,4.241888629908175,0.2538480231382155
