initial_infected_perc,initial_immune_perc,length,height,population_size,contagion_distance,critical_limit,amp_susc,amp_rec,amp_inf,response
0.0006781448377052968,0.0018689789209533792,100,100,118,5,0.05,2.3431774998918087,2.022425545848172,18.415118927249324,0.053107896123896214
