initial_infected_perc,initial_immune_perc,length,height,population_size,contagion_distance,critical_limit,amp_susc,amp_rec,amp_inf,response
0.09425597774777668,0.07214271751318989,100,100,118,5,0.05,9.072085923856012,0.7986693228530317,2.89643574248561,0.10026765167896012
