initial_infected_perc,initial_immune_perc,length,height,population_size,contagion_distance,critical_limit,amp_susc,amp_rec,amp_inf,response
0.042447690565019326,0.0941786360699356,100,100,118,5,0.05,10.594369401152075,6.803408043656132,18.184162597781587,0.08815593228589483
