initial_infected_perc,initial_immune_perc,length,height,population_size,contagion_distance,critical_limit,amp_susc,amp_rec,amp_inf,response
0.007365996353957416,0.07896015233797776,100,100,118,5,0.05,12.572888941574591,7.242392651380967,1.6799763329562656,0.10998227881960543
