initial_infected_perc,initial_immune_perc,length,height,population_size,contagion_distance,critical_limit,amp_susc,amp_rec,amp_inf,response
0.06082452482019013,0.0077096123133994394,100,100,118,5,0.05,0.6609745001656187,18.714793367994183,15.429851060533563,0.22552488923993974
