initial_infected_perc,initial_immune_perc,length,height,population_size,contagion_distance,critical_limit,amp_susc,amp_rec,amp_inf,response
0.08501693320939144,0.01477743247641562,100,100,118,5,0.05,7.3087026151512084,17.329542467930448,3.7900797262869967,0.22270059453385885
