initial_infected_perc,initial_immune_perc,length,height,population_size,contagion_distance,critical_limit,amp_susc,amp_rec,amp_inf,response
0.036730415557997345,0.017708778669480507,100,100,118,5,0.05,8.23819508657178,0.8051904908833429,10.048326138712145,0.10899222304937224
