initial_infected_perc,initial_immune_perc,length,height,population_size,contagion_distance,critical_limit,amp_susc,amp_rec,amp_inf,response
0.06008279084490742,0.08612989184169467,100,100,118,5,0.05,7.332279333962221,13.124250334586684,17.621014330357983,0.23210187747230432
