initial_infected_perc,initial_immune_perc,length,height,population_size,contagion_distance,critical_limit,amp_susc,amp_rec,amp_inf,response
0.049180946727085374,0.02614692329011068,100,100,118,5,0.05,14.864108710340771,12.28571151508282,7.808404311834806,0.26286873661033805
