initial_infected_perc,initial_immune_perc,length,height,population_size,contagion_distance,critical_limit,amp_susc,amp_rec,amp_inf,response
0.08153634850780882,0.00888788535768712,100,100,118,5,0.05,4.210714596307781,7.961824398417372,15.758993473582922,0.11044402527703145
