initial_infected_perc,initial_immune_perc,length,height,population_size,contagion_distance,critical_limit,amp_susc,amp_rec,amp_inf,response
0.0673622509194766,0.06568170577203734,100,100,118,5,0.05,9.205264413089038,5.0107308772720955,11.11494506749278,0.16207695433570812
