initial_infected_perc,initial_immune_perc,length,height,population_size,contagion_distance,critical_limit,amp_susc,amp_rec,amp_inf,response
0.020956769292743396,0.05415512483083319,100,100,118,5,0.05,16.24169219518873,11.453237725295175,2.6797867522386176,0.1343913912815067
