initial_infected_perc,initial_immune_perc,length,height,population_size,contagion_distance,critical_limit,amp_susc,amp_rec,amp_inf,response
0.06590787129075822,0.037478153703131255,100,100,118,5,0.05,11.837539570784832,2.7970573179556335,18.102373910614556,0.2382370494401316
