initial_infected_perc,initial_immune_perc,length,height,population_size,contagion_distance,critical_limit,amp_susc,amp_rec,amp_inf,response
0.01119087508535911,0.01619300690879738,100,100,118,5,0.05,7.051501845917074,12.888430059121474,12.334888201071678,0.09806178804000648
