initial_infected_perc,initial_immune_perc,length,height,population_size,contagion_distance,critical_limit,amp_susc,amp_rec,amp_inf,response
0.07314315982038842,0.054803354940784414,100,100,118,5,0.05,15.67770403944394,16.370011354954492,15.851765761204181,0.023497347655085443
