initial_infected_perc,initial_immune_perc,length,height,population_size,contagion_distance,critical_limit,amp_susc,amp_rec,amp_inf,response
0.024636690676680284,0.019273399956290318,100,100,118,5,0.05,15.42105618104954,8.771833067086911,15.65244526554016,0.19976284675534753
