initial_infected_perc,initial_immune_perc,length,height,population_size,contagion_distance,critical_limit,amp_susc,amp_rec,amp_inf,response
0.09858313958198707,0.0006457845635695292,100,100,118,5,0.05,3.3036285698359746,14.242275374819133,9.30298670103598,0.09048402077279101
