initial_infected_perc,initial_immune_perc,length,height,population_size,contagion_distance,critical_limit,amp_susc,amp_rec,amp_inf,response
0.030953628824376245,0.08552625253056989,100,100,118,5,0.05,16.36725874062674,16.6213512205024,17.588279296433114,0.27589183542603973
