initial_infected_perc,initial_immune_perc,length,height,population_size,contagion_distance,critical_limit,amp_susc,amp_rec,amp_inf,response
0.06556689618958458,0.04176561593399591,100,100,118,5,0.05,4.759617812593904,11.734323334564534,5.097712625916149,0.045623256721845105
