initial_infected_perc,initial_immune_perc,length,height,population_size,contagion_distance,critical_limit,amp_susc,amp_rec,amp_inf,response
0.0036930194356886714,0.03309733084807313,100,100,118,5,0.05,1.3789168570874533,19.74285548771406,12.090432694439123,0.07553363263108415
