initial_infected_perc,initial_immune_perc,length,height,population_size,contagion_distance,critical_limit,amp_susc,amp_rec,amp_inf,response
0.040224586170784504,0.05195349346018751,100,100,118,5,0.05,8.008448123622385,0.26635967889375056,4.043184666661812,0.09784625276556304
