initial_infected_perc,initial_immune_perc,length,height,population_size,contagion_distance,critical_limit,amp_susc,amp_rec,amp_inf,response
0.026667878439488247,0.07666881391002563,100,100,118,5,0.05,0.5414714825282374,8.307174509574683,10.006487894657596,0.17049944727160216
