initial_infected_perc,initial_immune_perc,length,height,population_size,contagion_distance,critical_limit,amp_susc,amp_rec,amp_inf,response
0.018065116750090895,0.028358079370984723,100,100,118,5,0.05,3.763092706910225,0.7118545561035727,18.31522730728398,0.11190899096750977
