initial_infected_perc,initial_immune_perc,length,height,population_size,contagion_distance,critical_limit,amp_susc,amp_rec,amp_inf,response
0.026357698159216347,0.0990970816741461,100,100,118,5,0.05,6.040153959852539,7.425914984358868,0.3052557192390104,0.2900047143655306
