initial_infected_perc,initial_immune_perc,length,height,population_size,contagion_distance,critical_limit,amp_susc,amp_rec,amp_inf,response
0.03169461504631815,0.08715392394263584,100,100,118,5,0.05,17.511825178543074,13.704613440030379,0.2920507585234744,0.2610207532273422
