initial_infected_perc,initial_immune_perc,length,height,population_size,contagion_distance,critical_limit,amp_susc,amp_rec,amp_inf,response
0.07208904769036718,0.07994197761302742,100,100,118,5,0.05,12.440517497438513,10.482773226775208,17.41569709799342,0.09061184744080532
