initial_infected_perc,initial_immune_perc,length,height,population_size,contagion_distance,critical_limit,amp_susc,amp_rec,amp_inf,response
0.04183657348217046,0.006911127433980424,100,100,118,5,0.05,17.71086322268213,2.9460284363659683,0.4834275727072934,0.00987170887436536
