initial_infected_perc,initial_immune_perc,length,height,population_size,contagion_distance,critical_limit,amp_susc,amp_rec,amp_inf,response
0.011359192537947338,0.08165501751580484,100,100,118,5,0.05,2.2250931387340134,11.870882555167363,4.80302253790555,0.1534066612374467
