initial_infected_perc,initial_immune_perc,length,height,population_size,contagion_distance,critical_limit,amp_susc,amp_rec,amp_inf,response
0.03908524596704116,0.05348544765006159,100,100,118,5,0.05,2.356403108636107,19.050395809452358,6.113866515748532,0.2657382719025707
