initial_infected_perc,initial_immune_perc,length,height,population_size,contagion_distance,critical_limit,amp_susc,amp_rec,amp_inf,response
0.04673753401499947,0.023985885539134846,100,100,118,5,0.05,10.122597090922355,7.887661408500186,1.4431656550118177,0.1488695309870789
