initial_infected_perc,initial_immune_perc,length,height,population_size,contagion_distance,critical_limit,amp_susc,amp_rec,amp_inf,response
0.09984200884966228,0.050041922165469155,100,100,118,5,0.05,12.332311631137875,16.99003465205107,7.090920116370032,0.11909174091719034
