initial_infected_perc,initial_immune_perc,length,height,population_size,contagion_distance,critical_limit,amp_susc,amp_rec,amp_inf,response
0.0669985186036216,0.08184331834023971,100,100,118,5,0.05,7.667686323117449,5.285997034332759,14.27083282528108,0.008044372106917852
