initial_infected_perc,initial_immune_perc,length,height,population_size,contagion_distance,critical_limit,amp_susc,amp_rec,amp_inf,response
0.03341813255450887,0.09908827674734011,100,100,118,5,0.05,15.517100182643153,1.2850206838247002,1.2851258023401435,0.2599333274672601
