initial_infected_perc,initial_immune_perc,length,height,population_size,contagion_distance,critical_limit,amp_susc,amp_rec,amp_inf,response
0.016886688139579466,0.0036915311334061677,100,100,118,5,0.05,0.1672414282178547,16.41398392588657,7.112991251852366,0.16366411436365394
