initial_infected_perc,initial_immune_perc,length,height,population_size,contagion_distance,critical_limit,amp_susc,amp_rec,amp_inf,response
0.061775574719980034,0.03557936834633379,100,100,118,5,0.05,11.416410019649854,15.424228602510382,8.293643419861613,0.1684145773181394
