initial_infected_perc,initial_immune_perc,length,height,population_size,contagion_distance,critical_limit,amp_susc,amp_rec,amp_inf,response
0.07374226212612034,0.041225769281767646,100,100,118,5,0.05,3.1213717681002295,5.1188774840750995,11.431106292884706,0.2513350017155526
