initial_infected_perc,initial_immune_perc,length,height,population_size,contagion_distance,critical_limit,amp_susc,amp_rec,amp_inf,response
0.09297393973088744,0.0686709476743184,100,100,118,5,0.05,15.172214750945143,0.1741372530411578,1.1984711099694079,0.04328267783903644
