initial_infected_perc,initial_immune_perc,length,height,population_size,contagion_distance,critical_limit,amp_susc,amp_rec,amp_inf,response
0.02833635974005543,0.002960005717705605,100,100,118,5,0.05,14.920420468150486,3.765131935955317,11.278574112970734,0.2088557380605295
