initial_infected_perc,initial_immune_perc,length,height,population_size,contagion_distance,critical_limit,amp_susc,amp_rec,amp_inf,response
0.021868909243414437,0.07930346442665179,100,100,118,5,0.05,16.91367978736952,12.54990635353684,13.716976528626182,0.1265936877261649
