initial_infected_perc,initial_immune_perc,length,height,population_size,contagion_distance,critical_limit,amp_susc,amp_rec,amp_inf,response
0.08720445603443333,0.0806524174930655,100,100,118,5,0.05,0.7703885626938778,2.5701649341435417,3.6947996434411334,0.1219485466000408
