initial_infected_perc,initial_immune_perc,length,height,population_size,contagion_distance,critical_limit,amp_susc,amp_rec,amp_inf,response
0.03716766725022831,0.03745641528150755,100,100,118,5,0.05,19.20731927862406,12.340622830794034,6.092643465895979,0.20310170533898303
