initial_infected_perc,initial_immune_perc,length,height,population_size,contagion_distance,critical_limit,amp_susc,amp_rec,amp_inf,response
0.05947150421697578,0.0024913251908838642,100,100,118,5,0.05,17.79180408049754,1.1020258896734392,12.983346305219555,0.15334998351111898
