initial_infected_perc,initial_immune_perc,length,height,population_size,contagion_distance,critical_limit,amp_susc,amp_rec,amp_inf,response
0.07387949735851675,0.04629804148216731,100,100,118,5,0.05,3.4063976756492464,11.991003258889137,14.053501191707007,0.10668468665769927
