initial_infected_perc,initial_immune_perc,length,height,population_size,contagion_distance,critical_limit,amp_susc,amp_rec,amp_inf,response
0.07431201209234894,0.04752987208389481,100,100,118,5,0.05,11.808833904198684,2.3001606733927615,4.1148239389080725,0.22691784725673264
