initial_infected_perc,initial_immune_perc,length,height,population_size,contagion_distance,critical_limit,amp_susc,amp_rec,amp_inf,response
0.029447632077014865,0.07610213963706088,100,100,118,5,0.05,3.8325933385280186,15.741841373353525,8.963104088626297,0.23170162649676931
