initial_infected_perc,initial_immune_perc,length,height,population_size,contagion_distance,critical_limit,amp_susc,amp_rec,amp_inf,response
0.0369998462532823,0.058957835499438865,100,100,118,5,0.05,19.969029045300243,14.458094111578475,0.39346006892537533,0.231234816871906
