initial_infected_perc,initial_immune_perc,length,height,population_size,contagion_distance,critical_limit,amp_susc,amp_rec,amp_inf,response
0.03170591817564181,0.01775922891820154,100,100,118,5,0.05,0.9967942519847384,15.31019968132069,1.7935897379418164,0.018600137279965644
