initial_infected_perc,initial_immune_perc,length,height,population_size,contagion_distance,critical_limit,amp_susc,amp_rec,amp_inf,response
0.04833778378174113,0.061057261430138114,100,100,118,5,0.05,18.884615307156498,15.885721185033754,16.581000823016595,0.1970433317745113
