initial_infected_perc,initial_immune_perc,length,height,population_size,contagion_distance,critical_limit,amp_susc,amp_rec,amp_inf,response
0.07712960922926815,0.05374781860537234,100,100,118,5,0.05,15.153745139638966,5.187752728067081,14.651633986504034,0.0989791025180871
