initial_infected_perc,initial_immune_perc,length,height,population_size,contagion_distance,critical_limit,amp_susc,amp_rec,amp_inf,response
0.09763750394990661,0.03704667884270341,100,100,118,5,0.05,11.696569303283798,4.998438488049626,11.42346416329322,0.16094395924781868
