initial_infected_perc,initial_immune_perc,length,height,population_size,contagion_distance,critical_limit,amp_susc,amp_rec,amp_inf,response
0.02961249157074347,0.08259815173833841,100,100,118,5,0.05,13.423283914130245,16.94022001737193,17.496826701665476,0.1954373939551942
