initial_infected_perc,initial_immune_perc,length,height,population_size,contagion_distance,critical_limit,amp_susc,amp_rec,amp_inf,response
0.062307619184099196,0.01903392414970726,100,100,118,5,0.05,8.338700471697791,14.649750068737719,19.126084627804175,0.2318605216573729
