initial_infected_perc,initial_immune_perc,length,height,population_size,contagion_distance,critical_limit,amp_susc,amp_rec,amp_inf,response
0.019032563972938878,0.032723204820629674,100,100,118,5,0.05,6.878000710251186,9.639802267160588,0.5097385208713079,0.050171356354767
