initial_infected_perc,initial_immune_perc,length,height,population_size,contagion_distance,critical_limit,amp_susc,amp_rec,amp_inf,response
0.06855822718941944,0.07949238109439612,100,100,118,5,0.05,17.98655686090656,5.795705864845926,13.86034591891928,0.13030205505859008
