initial_infected_perc,initial_immune_perc,length,height,population_size,contagion_distance,critical_limit,amp_susc,amp_rec,amp_inf,response
0.038956880396024664,0.08319816961789554,100,100,118,5,0.05,0.40972823737956743,19.407425120937177,3.596401112362373,0.22791078844992774
