initial_infected_perc,initial_immune_perc,length,height,population_size,contagion_distance,critical_limit,amp_susc,amp_rec,amp_inf,response
0.052868369379405006,0.02440281827277041,100,100,118,5,0.05,10.513293242442538,4.220741679096287,14.509347596932528,0.03103298620401308
