initial_infected_perc,initial_immune_perc,length,height,population_size,contagion_distance,critical_limit,amp_susc,amp_rec,amp_inf,response
0.07765222879444722,0.011182085716936364,100,100,118,5,0.05,14.086610898351887,1.171656467333515,5.325533641307969,0.29731281017986305
