initial_infected_perc,initial_immune_perc,length,height,population_size,contagion_distance,critical_limit,amp_susc,amp_rec,amp_inf,response
0.04673472399259964,0.0522588506549888,100,100,118,5,0.05,14.840613884590566,11.087663833210426,2.6330959179276814,0.09753337318295377
