initial_infected_perc,initial_immune_perc,length,height,population_size,contagion_distance,critical_limit,amp_susc,amp_rec,amp_inf,response
0.061428295716338656,0.03871672981490906,100,100,118,5,0.05,6.562411739351466,10.344359359908367,3.7609229824241086,0.08396773765653372
