initial_infected_perc,initial_immune_perc,length,height,population_size,contagion_distance,critical_limit,amp_susc,amp_rec,amp_inf,response
0.008135280360236974,0.06315403147594303,100,100,118,5,0.05,0.6802146655115004,3.496495034586491,17.513731667943752,0.044798419160055045
