initial_infected_perc,initial_immune_perc,length,height,population_size,contagion_distance,critical_limit,amp_susc,amp_rec,amp_inf,response
0.002254042587626326,0.0437575157653457,100,100,118,5,0.05,12.942819982571631,4.754748496439927,14.45510661687588,0.16796120385726662
