initial_infected_perc,initial_immune_perc,length,height,population_size,contagion_distance,critical_limit,amp_susc,amp_rec,amp_inf,response
0.008508191621501305,0.02591922273622954,100,100,118,5,0.05,2.0405534356497235,19.03540934315555,8.642896181333475,0.12357215980252723
