initial_infected_perc,initial_immune_perc,length,height,population_size,contagion_distance,critical_limit,amp_susc,amp_rec,amp_inf,response
0.07331524763901423,0.06796940925476108,100,100,118,5,0.05,16.97860536775352,6.338921002245916,5.994790454700512,0.04385961462234251
