initial_infected_perc,initial_immune_perc,length,height,population_size,contagion_distance,critical_limit,amp_susc,amp_rec,amp_inf,response
0.0451766187365125,0.04802705124747622,100,100,118,5,0.05,13.48232475240086,5.176129453963814,4.347659967654074,0.07397741418252467
