initial_infected_perc,initial_immune_perc,length,height,population_size,contagion_distance,critical_limit,amp_susc,amp_rec,amp_inf,response
0.014395507068090186,0.08487638479826047,100,100,118,5,0.05,15.022906316992731,6.842349845299518,15.701708232946405,0.006463584596105431
