initial_infected_perc,initial_immune_perc,length,height,population_size,contagion_distance,critical_limit,amp_susc,amp_rec,amp_inf,response
0.00855858100638206,0.0023501825685738665,100,100,118,5,0.05,7.51158865909884,6.563388225619226,5.419547487721688,0.16327499468030673
