initial_infected_perc,initial_immune_perc,length,height,population_size,contagion_distance,critical_limit,amp_susc,amp_rec,amp_inf,response
0.09617320432341786,0.033273166279779935,100,100,118,5,0.05,15.848076725333705,4.2801471973685405,3.1068910854499476,0.17531278433609582
