initial_infected_perc,initial_immune_perc,length,height,population_size,contagion_distance,critical_limit,amp_susc,amp_rec,amp_inf,response
0.09265027740671854,0.08687594203581933,100,100,118,5,0.05,12.917401566820013,7.976354606769711,17.338163391846834,0.04692715343496757
