initial_infected_perc,initial_immune_perc,length,height,population_size,contagion_distance,critical_limit,amp_susc,amp_rec,amp_inf,response
0.05632164737573171,0.06410546808191427,100,100,118,5,0.05,19.631507650182684,0.20063199612842642,13.198215496408274,0.2967453227961009
