initial_infected_perc,initial_immune_perc,length,height,population_size,contagion_distance,critical_limit,amp_susc,amp_rec,amp_inf,response
0.00791196138571364,0.040471860006475395,100,100,118,5,0.05,3.809489659190781,11.960002992679652,2.690440498658564,0.04809813803060033
