initial_infected_perc,initial_immune_perc,length,height,population_size,contagion_distance,critical_limit,amp_susc,amp_rec,amp_inf,response
0.06434838770803762,0.014878145320612069,100,100,118,5,0.05,9.52370529732416,3.341423144744482,8.789544321080161,0.22220049235371164
