initial_infected_perc,initial_immune_perc,length,height,population_size,contagion_distance,critical_limit,amp_susc,amp_rec,amp_inf,response
0.0679594117222395,0.01974904569852655,100,100,118,5,0.05,15.272888444129203,0.4477260150907858,6.883990215824916,0.2694861557755439
