initial_infected_perc,initial_immune_perc,length,height,population_size,contagion_distance,critical_limit,amp_susc,amp_rec,amp_inf,response
0.03541284598307808,0.010153151251199522,100,100,118,5,0.05,7.468074735188395,2.5990337278506237,14.79483019502596,0.2818192123957899
