initial_infected_perc,initial_immune_perc,length,height,population_size,contagion_distance,critical_limit,amp_susc,amp_rec,amp_inf,response
0.0687188137408888,0.05972330358262689,100,100,118,5,0.05,10.087027000288224,8.476236831366561,1.5129125886325867,0.2712443107093016
