initial_infected_perc,initial_immune_perc,length,height,population_size,contagion_distance,critical_limit,amp_susc,amp_rec,amp_inf,response
0.09941343463851281,0.07854573608889796,100,100,118,5,0.05,6.7445647350303295,9.824964604365238,14.825908572993434,0.2797042836168069
