initial_infected_perc,initial_immune_perc,length,height,population_size,contagion_distance,critical_limit,amp_susc,amp_rec,amp_inf,response
0.03242021980122111,0.05973465051848115,100,100,118,5,0.05,14.574722273783319,14.275790913643123,17.484314161561173,0.02575119637644837
