initial_infected_perc,initial_immune_perc,length,height,population_size,contagion_distance,critical_limit,amp_susc,amp_rec,amp_inf,response
0.022459632706602974,0.06507782567532372,100,100,118,5,0.05,18.378463574037035,16.772299979186812,7.115612373423119,0.08739301897302883
