initial_infected_perc,initial_immune_perc,length,height,population_size,contagion_distance,critical_limit,amp_susc,amp_rec,amp_inf,response
0.06957768334017576,0.024144427343372556,100,100,118,5,0.05,4.016705383437538,8.886958720999026,11.701840284944822,0.23393890717863436
