initial_infected_perc,initial_immune_perc,length,height,population_size,contagion_distance,critical_limit,amp_susc,amp_rec,amp_inf,response
0.07109117194610655,0.04637878396611145,100,100,118,5,0.05,12.015789035464952,16.028275993211135,10.087172441482078,0.0030398882175758477
