initial_infected_perc,initial_immune_perc,length,height,population_size,contagion_distance,critical_limit,amp_susc,amp_rec,amp_inf,response
0.05705200588080045,0.011973185424888245,100,100,118,5,0.05,3.5524995565240203,11.914186003622959,9.6859866944905,0.18461891940692599
