initial_infected_perc,initial_immune_perc,length,height,population_size,contagion_distance,critical_limit,amp_susc,amp_rec,amp_inf,response
0.07430441749147865,0.006099981102882158,100,100,118,5,0.05,13.605671044756672,4.240931063194755,11.074917234446682,0.2319793822920924
