initial_infected_perc,initial_immune_perc,length,height,population_size,contagion_distance,critical_limit,amp_susc,amp_rec,amp_inf,response
0.06216222679479716,0.060809650775475205,100,100,118,5,0.05,19.77981992293467,16.90811765632166,9.202395231987587,0.11943545573635359
