initial_infected_perc,initial_immune_perc,length,height,population_size,contagion_distance,critical_limit,amp_susc,amp_rec,amp_inf,response
0.05184266416329433,0.09658876128800306,100,100,118,5,0.05,18.82972957022286,15.562555724149847,12.8430097604136,0.11877790072130093
