initial_infected_perc,initial_immune_perc,length,height,population_size,contagion_distance,critical_limit,amp_susc,amp_rec,amp_inf,response
0.09003986238191702,0.004824241137637054,100,100,118,5,0.05,2.857108160433197,18.618028196776528,18.25697656551131,0.21938966445101674
