initial_infected_perc,initial_immune_perc,length,height,population_size,contagion_distance,critical_limit,amp_susc,amp_rec,amp_inf,response
0.03812811281306186,0.0974764954328315,100,100,118,5,0.05,17.40011243694756,4.784888360613806,11.271014216042907,0.14191820266989333
