initial_infected_perc,initial_immune_perc,length,height,population_size,contagion_distance,critical_limit,amp_susc,amp_rec,amp_inf,response
0.004482618762469659,0.053638118920130776,100,100,118,5,0.05,13.79758554273832,6.39288999114987,14.024921208356309,0.29033435325616896
