initial_infected_perc,initial_immune_perc,length,height,population_size,contagion_distance,critical_limit,amp_susc,amp_rec,amp_inf,response
0.09959317157968726,0.026219133609772904,100,100,118,5,0.05,17.620142484059876,2.0687812419917595,6.160555675232797,0.2538512247675179
