initial_infected_perc,initial_immune_perc,length,height,population_size,contagion_distance,critical_limit,amp_susc,amp_rec,amp_inf,response
0.035142779716662485,0.08625682825406777,100,100,118,5,0.05,0.5055272663748234,14.918945130088828,14.088134581250868,0.14827632574287813
