initial_infected_perc,initial_immune_perc,length,height,population_size,contagion_distance,critical_limit,amp_susc,amp_rec,amp_inf,response
0.03695282337908014,0.027582733643588056,100,100,118,5,0.05,17.849775754615806,14.99503054498539,11.20591668350399,0.02619052379122917
