initial_infected_perc,initial_immune_perc,length,height,population_size,contagion_distance,critical_limit,amp_susc,amp_rec,amp_inf,response
0.05459712857488213,0.09700584168704565,100,100,118,5,0.05,16.29310373593456,4.443481943664869,8.027185576442848,0.28038428146435435
