initial_infected_perc,initial_immune_perc,length,height,population_size,contagion_distance,critical_limit,amp_susc,amp_rec,amp_inf,response
0.014302574656569434,0.05580678321051744,100,100,118,5,0.05,11.045307917607293,17.55537175762543,9.905750447966026,0.09888940690307375
