initial_infected_perc,initial_immune_perc,length,height,population_size,contagion_distance,critical_limit,amp_susc,amp_rec,amp_inf,response
0.05784749214575217,0.0749811951436954,100,100,118,5,0.05,15.20496130818721,7.921947170624415,16.67590235388325,0.15954134898695274
