initial_infected_perc,initial_immune_perc,length,height,population_size,contagion_distance,critical_limit,amp_susc,amp_rec,amp_inf,response
0.03234203938466889,0.08845894674269682,100,100,118,5,0.05,8.24454229734593,15.523467894484392,2.278125939842759,0.17880826163298807
