initial_infected_perc,initial_immune_perc,length,height,population_size,contagion_distance,critical_limit,amp_susc,amp_rec,amp_inf,response
0.09001252312386375,0.07653192939165013,100,100,118,5,0.05,5.667618820308746,1.9790974728681698,3.7153218370676555,0.25864575112018784
