initial_infected_perc,initial_immune_perc,length,height,population_size,contagion_distance,critical_limit,amp_susc,amp_rec,amp_inf,response
0.035662170579685314,0.06926476719160164,100,100,118,5,0.05,11.98771924640158,8.498224584340953,9.957262148263847,0.047866248359082195
