initial_infected_perc,initial_immune_perc,length,height,population_size,contagion_distance,critical_limit,amp_susc,amp_rec,amp_inf,response
0.06331646652949995,0.009869601538226025,100,100,118,5,0.05,13.000820182586857,2.895828428999585,19.224085653053585,0.08973473283160856
