initial_infected_perc,initial_immune_perc,length,height,population_size,contagion_distance,critical_limit,amp_susc,amp_rec,amp_inf,response
0.06631255916493621,0.0752827482995203,100,100,118,5,0.05,19.056725214024816,12.116200116654294,19.12281057038395,0.29403023264337563
