initial_infected_perc,initial_immune_perc,length,height,population_size,contagion_distance,critical_limit,amp_susc,amp_rec,amp_inf,response
0.06955911528258057,0.012085867759151981,100,100,118,5,0.05,4.163045664544662,10.395553316768357,1.422944661333414,0.09856462541608595
