initial_infected_perc,initial_immune_perc,length,height,population_size,contagion_distance,critical_limit,amp_susc,amp_rec,amp_inf,response
0.07020990915229054,0.038329082933327346,100,100,118,5,0.05,11.557634530709835,0.2816812609655073,13.670318924792708,0.021756553882779018
