initial_infected_perc,initial_immune_perc,length,height,population_size,contagion_distance,critical_limit,amp_susc,amp_rec,amp_inf,response
0.011947522022874336,0.06052543806189517,100,100,118,5,0.05,7.87013129186088,19.93413870951535,4.598029860375563,0.27017979645819534
