initial_infected_perc,initial_immune_perc,length,height,population_size,contagion_distance,critical_limit,amp_susc,amp_rec,amp_inf,response
0.012243002918113689,0.018161024629289323,100,100,118,5,0.05,17.043628254812205,12.662115381225632,13.958689360999568,0.20433351925681772
