initial_infected_perc,initial_immune_perc,length,height,population_size,contagion_distance,critical_limit,amp_susc,amp_rec,amp_inf,response
0.029672015735371805,0.09441544249303344,100,100,118,5,0.05,18.11287353485189,6.068074841756415,11.193691293390895,0.18940848533834634
