initial_infected_perc,initial_immune_perc,length,height,population_size,contagion_distance,critical_limit,amp_susc,amp_rec,amp_inf,response
0.036593632098245565,0.07540757476672366,100,100,118,5,0.05,0.09818838175460698,17.778444183732987,6.428446349110044,0.1767739915116289
