initial_infected_perc,initial_immune_perc,length,height,population_size,contagion_distance,critical_limit,amp_susc,amp_rec,amp_inf,response
0.05602159799319578,0.03900394356534492,100,100,118,5,0.05,2.2012059554590335,8.513016328267238,6.2775620823418326,0.01724018528846071
