initial_infected_perc,initial_immune_perc,length,height,population_size,contagion_distance,critical_limit,amp_susc,amp_rec,amp_inf,response
0.048960796641359106,0.06104083946088205,100,100,118,5,0.05,2.1701977425851404,16.96067303397084,2.660707054412774,0.18661060913107605
