initial_infected_perc,initial_immune_perc,length,height,population_size,contagion_distance,critical_limit,amp_susc,amp_rec,amp_inf,response
0.029142478253732708,0.07146691545526078,100,100,118,5,0.05,18.43379388239382,12.823785320084614,6.590517266132085,0.09748993510824215
