initial_infected_perc,initial_immune_perc,length,height,population_size,contagion_distance,critical_limit,amp_susc,amp_rec,amp_inf,response
0.04694480513320947,0.016104632005723242,100,100,118,5,0.05,8.126928497653527,3.666501408612526,9.302717402830789,0.12673123902652558
