initial_infected_perc,initial_immune_perc,length,height,population_size,contagion_distance,critical_limit,amp_susc,amp_rec,amp_inf,response
0.04338861148352899,0.0833985900511077,100,100,118,5,0.05,11.870493665341632,4.798109954003977,13.589444048521088,0.1556906500317272
