initial_infected_perc,initial_immune_perc,length,height,population_size,contagion_distance,critical_limit,amp_susc,amp_rec,amp_inf,response
0.0834235779563381,0.049053380303490435,100,100,118,5,0.05,15.996351061087786,7.304333906803151,12.936112491374463,0.12622015025921413
