initial_infected_perc,initial_immune_perc,length,height,population_size,contagion_distance,critical_limit,amp_susc,amp_rec,amp_inf,response
0.025119601172999308,0.054009324384561165,100,100,118,5,0.05,1.0916812224958883,8.053423193993243,9.258647114035167,0.20272774587653097
