initial_infected_perc,initial_immune_perc,length,height,population_size,contagion_distance,critical_limit,amp_susc,amp_rec,amp_inf,response
0.0648529168902346,0.03799110800015559,100,100,118,5,0.05,1.225980034482388,8.13709550763049,10.01532348380276,0.12028907416772172
