initial_infected_perc,initial_immune_perc,length,height,population_size,contagion_distance,critical_limit,amp_susc,amp_rec,amp_inf,response
0.028347912302629154,0.01327603576318609,100,100,118,5,0.05,5.843411735760036,0.6304702113763216,10.529003450398577,0.18529473334590013
