initial_infected_perc,initial_immune_perc,length,height,population_size,contagion_distance,critical_limit,amp_susc,amp_rec,amp_inf,response
0.04584919229393687,0.07029263106108662,100,100,118,5,0.05,18.081306880309278,6.142228026586429,0.2761700140215484,0.21541952956052926
