initial_infected_perc,initial_immune_perc,length,height,population_size,contagion_distance,critical_limit,amp_susc,amp_rec,amp_inf,response
0.052979307190947456,0.05720322846545093,100,100,118,5,0.05,9.785958925144627,18.130077260752827,9.49844614499958,0.06280258096055809
