initial_infected_perc,initial_immune_perc,length,height,population_size,contagion_distance,critical_limit,amp_susc,amp_rec,amp_inf,response
0.009188309665111206,0.0002246791420986938,100,100,118,5,0.05,18.92658509774104,18.60850095499873,14.84873012994758,0.12917195587921135
