initial_infected_perc,initial_immune_perc,length,height,population_size,contagion_distance,critical_limit,amp_susc,amp_rec,amp_inf,response
0.049476512553362176,0.058522009723273406,100,100,118,5,0.05,0.4490420221001834,5.44551178702688,5.554201487061361,0.06301204930163297
