initial_infected_perc,initial_immune_perc,length,height,population_size,contagion_distance,critical_limit,amp_susc,amp_rec,amp_inf,response
0.005174939542895452,0.05924998617311694,100,100,118,5,0.05,14.187561486035014,3.602969411451895,13.57898841836516,0.2959977618787867
