initial_infected_perc,initial_immune_perc,length,height,population_size,contagion_distance,critical_limit,amp_susc,amp_rec,amp_inf,response
0.04453984324431222,0.02334462615545211,100,100,118,5,0.05,15.177900795647828,6.388851107602449,2.1029081290498963,0.21236440789891017
