initial_infected_perc,initial_immune_perc,length,height,population_size,contagion_distance,critical_limit,amp_susc,amp_rec,amp_inf,response
0.013422175212887733,0.0007511745866277564,100,100,118,5,0.05,9.254854788856186,18.04197556312095,2.4905072548815865,0.08287712386323189
