initial_infected_perc,initial_immune_perc,length,height,population_size,contagion_distance,critical_limit,amp_susc,amp_rec,amp_inf,response
0.04292932169294215,0.04673464103312928,100,100,118,5,0.05,4.548427551500598,16.9880694516621,4.058415431678686,0.19659487288544766
