initial_infected_perc,initial_immune_perc,length,height,population_size,contagion_distance,critical_limit,amp_susc,amp_rec,amp_inf,response
0.04066229945487804,0.09320663325488406,100,100,118,5,0.05,2.472228912573604,7.8445692779006615,6.577588286278811,0.03757087090394482
