initial_infected_perc,initial_immune_perc,length,height,population_size,contagion_distance,critical_limit,amp_susc,amp_rec,amp_inf,response
0.020331655553170694,0.09162879528665113,100,100,118,5,0.05,16.410550665673604,6.129640101218814,18.66950283452502,0.18790349860251304
