initial_infected_perc,initial_immune_perc,length,height,population_size,contagion_distance,critical_limit,amp_susc,amp_rec,amp_inf,response
0.08147877113119714,0.07312662942969328,100,100,118,5,0.05,19.88301533448644,17.05707188407059,11.108690314880016,0.004422944160596065
