initial_infected_perc,initial_immune_perc,length,height,population_size,contagion_distance,critical_limit,amp_susc,amp_rec,amp_inf,response
0.07874287838511959,0.03278717851074825,100,100,118,5,0.05,16.24168163952682,3.9400529714398136,3.815025013739093,0.18850540662896578
