initial_infected_perc,initial_immune_perc,length,height,population_size,contagion_distance,critical_limit,amp_susc,amp_rec,amp_inf,response
0.014231750214018436,0.07048715310121001,100,100,118,5,0.05,18.71902070559187,16.96418568006174,7.592469461764644,0.0544011158100815
