initial_infected_perc,initial_immune_perc,length,height,population_size,contagion_distance,critical_limit,amp_susc,amp_rec,amp_inf,response
0.07868194510600533,0.045005227686857,100,100,118,5,0.05,4.920997237178568,13.450406970817564,7.299674848333677,0.05351449285347969
