initial_infected_perc,initial_immune_perc,length,height,population_size,contagion_distance,critical_limit,amp_susc,amp_rec,amp_inf,response
0.07353312021948814,0.0569957915132363,100,100,118,5,0.05,5.52597357118011,14.62192029129656,18.594400332449396,0.22963585327172464
