initial_infected_perc,initial_immune_perc,length,height,population_size,contagion_distance,critical_limit,amp_susc,amp_rec,amp_inf,response
0.06672378629669934,0.08059066624061778,100,100,118,5,0.05,9.676853967670827,11.736775265060288,9.000670266238817,0.2576841668577817
