initial_infected_perc,initial_immune_perc,length,height,population_size,contagion_distance,critical_limit,amp_susc,amp_rec,amp_inf,response
0.09001001057022004,0.07570906167739479,100,100,118,5,0.05,14.694889785925797,5.046834602882204,16.04187684801907,0.09002305182434794
