initial_infected_perc,initial_immune_perc,length,height,population_size,contagion_distance,critical_limit,amp_susc,amp_rec,amp_inf,response
0.09890917384823461,0.021496257728225922,100,100,118,5,0.05,11.54272524508913,13.621035431623646,9.24677143529751,0.2407311543152898
