initial_infected_perc,initial_immune_perc,length,height,population_size,contagion_distance,critical_limit,amp_susc,amp_rec,amp_inf,response
0.08984526342532634,0.04409183904586514,100,100,118,5,0.05,4.588012787335359,3.3636528501153085,18.17496778390013,0.12866231792620433
