initial_infected_perc,initial_immune_perc,length,height,population_size,contagion_distance,critical_limit,amp_susc,amp_rec,amp_inf,response
0.04475141414369943,0.05996854336264641,100,100,118,5,0.05,19.093691157977794,17.390417862010104,0.5015356792310199,0.06225961972257925
