initial_infected_perc,initial_immune_perc,length,height,population_size,contagion_distance,critical_limit,amp_susc,amp_rec,amp_inf,response
0.06259767780240356,0.08063439375999074,100,100,118,5,0.05,0.49152603652259597,11.597640291914503,18.31090366178301,0.00034998535122959806
