initial_infected_perc,initial_immune_perc,length,height,population_size,contagion_distance,critical_limit,amp_susc,amp_rec,amp_inf,response
0.02471162646425913,0.06523571705081123,100,100,118,5,0.05,7.0718043783494045,15.71578372328167,18.04882973900093,0.01916882122516491
