initial_infected_perc,initial_immune_perc,length,height,population_size,contagion_distance,critical_limit,amp_susc,amp_rec,amp_inf,response
0.08709191361325924,0.09830820701603048,100,100,118,5,0.05,18.103041634593374,17.243724601887017,17.632812558924464,0.18428581930617682
