initial_infected_perc,initial_immune_perc,length,height,population_size,contagion_distance,critical_limit,amp_susc,amp_rec,amp_inf,response
0.09527074191778628,0.07912968391824793,100,100,118,5,0.05,9.825239601754522,9.383847883128995,19.806099107988928,0.06763764704310356
