initial_infected_perc,initial_immune_perc,length,height,population_size,contagion_distance,critical_limit,amp_susc,amp_rec,amp_inf,response
0.0030183231696237047,0.01568087447088572,100,100,118,5,0.05,2.352502494347226,9.799491281334117,19.75474864216398,0.1879606383987332
