initial_infected_perc,initial_immune_perc,length,height,population_size,contagion_distance,critical_limit,amp_susc,amp_rec,amp_inf,response
0.07330307734010036,0.060045182471769744,100,100,118,5,0.05,11.559209431024705,7.7424067955384235,13.286131480536579,0.1523316236603961
