initial_infected_perc,initial_immune_perc,length,height,population_size,contagion_distance,critical_limit,amp_susc,amp_rec,amp_inf,response
0.043960762700105495,0.003904781630860821,100,100,118,5,0.05,13.594917749177755,5.718118420036884,17.612576594971465,0.13593125593512526
