initial_infected_perc,initial_immune_perc,length,height,population_size,contagion_distance,critical_limit,amp_susc,amp_rec,amp_inf,response
0.0663428278521929,0.010505408422700792,100,100,118,5,0.05,3.407154385989797,17.1626758260589,9.888961247085215,0.060586440652584145
