initial_infected_perc,initial_immune_perc,length,height,population_size,contagion_distance,critical_limit,amp_susc,amp_rec,amp_inf,response
0.07482613490218497,0.027850893542182856,100,100,118,5,0.05,8.100725173560857,12.085551526101355,11.496293918954661,0.03493726698616001
