initial_infected_perc,initial_immune_perc,length,height,population_size,contagion_distance,critical_limit,amp_susc,amp_rec,amp_inf,response
0.08667932484998088,0.03971550159356605,100,100,118,5,0.05,12.693655673262434,13.986155118976303,18.423880224355774,0.06650486764015208
