initial_infected_perc,initial_immune_perc,length,height,population_size,contagion_distance,critical_limit,amp_susc,amp_rec,amp_inf,response
0.037127521514462726,0.049646549892182236,100,100,118,5,0.05,0.5390961764934232,9.591355268516724,3.629374048508498,0.02742160334898396
