initial_infected_perc,initial_immune_perc,length,height,population_size,contagion_distance,critical_limit,amp_susc,amp_rec,amp_inf,response
0.0971073416878127,0.009863455256917364,100,100,118,5,0.05,10.533350381432403,16.184827719985414,14.088713141276001,0.2889741110322619
