initial_infected_perc,initial_immune_perc,length,height,population_size,contagion_distance,critical_limit,amp_susc,amp_rec,amp_inf,response
0.054018546748016996,0.03230294538229456,100,100,118,5,0.05,16.192444346343173,14.34578184518703,1.7151499610972287,0.17625928905384505
