initial_infected_perc,initial_immune_perc,length,height,population_size,contagion_distance,critical_limit,amp_susc,amp_rec,amp_inf,response
0.04734805947480254,0.017700590015512562,100,100,118,5,0.05,7.132045098742439,1.970462216354838,7.98459456333523,0.15025583141930407
