initial_infected_perc,initial_immune_perc,length,height,population_size,contagion_distance,critical_limit,amp_susc,amp_rec,amp_inf,response
0.06874587270240894,0.019511346974343226,100,100,118,5,0.05,9.474117780796547,0.8415246429568657,16.110448034480104,0.14967798078729602
