initial_infected_perc,initial_immune_perc,length,height,population_size,contagion_distance,critical_limit,amp_susc,amp_rec,amp_inf,response
0.0070771435875790715,0.09495199631353507,100,100,118,5,0.05,12.347837763464655,17.423434935076596,19.075075564037856,0.17195777336700088
