initial_infected_perc,initial_immune_perc,length,height,population_size,contagion_distance,critical_limit,amp_susc,amp_rec,amp_inf,response
0.057846301937746314,0.0940855424542236,100,100,118,5,0.05,4.583170995818402,13.170501311967824,0.23975891553874584,0.17010937214112068
