initial_infected_perc,initial_immune_perc,length,height,population_size,contagion_distance,critical_limit,amp_susc,amp_rec,amp_inf,response
0.01122471050020718,0.02256046915324127,100,100,118,5,0.05,18.55470138926665,2.1582043000667084,19.7461464443695,0.015228418419864165
