initial_infected_perc,initial_immune_perc,length,height,population_size,contagion_distance,critical_limit,amp_susc,amp_rec,amp_inf,response
0.06490013728935545,0.07855123850590387,100,100,118,5,0.05,16.176842790496536,9.908366691073471,16.199403899786507,0.2107515286134295
