initial_infected_perc,initial_immune_perc,length,height,population_size,contagion_distance,critical_limit,amp_susc,amp_rec,amp_inf,response
0.044397543753691975,0.0972042345286922,100,100,118,5,0.05,17.85070988649193,4.454947278156629,4.8313980918682065,0.02847109507766621
