initial_infected_perc,initial_immune_perc,length,height,population_size,contagion_distance,critical_limit,amp_susc,amp_rec,amp_inf,response
0.010020336818364584,0.08017560847591068,100,100,118,5,0.05,4.32685286215867,1.725433541575403,15.04418648297676,0.17353103912878576
