initial_infected_perc,initial_immune_perc,length,height,population_size,contagion_distance,critical_limit,amp_susc,amp_rec,amp_inf,response
0.045740977524399595,0.08833872416157898,100,100,118,5,0.05,4.590170436451075,19.024607473572267,8.7506596838113,0.114835234463605
