initial_infected_perc,initial_immune_perc,length,height,population_size,contagion_distance,critical_limit,amp_susc,amp_rec,amp_inf,response
0.04841589042774935,0.09908519116867977,100,100,118,5,0.05,0.22041249170119404,6.021767216745131,17.52491768019016,0.03751579460628227
