initial_infected_perc,initial_immune_perc,length,height,population_size,contagion_distance,critical_limit,amp_susc,amp_rec,amp_inf,response
0.033937188759081895,0.09043858183772689,100,100,118,5,0.05,14.087551217395408,10.027350672609114,12.833817030979976,0.032946906875363814
