initial_infected_perc,initial_immune_perc,length,height,population_size,contagion_distance,critical_limit,amp_susc,amp_rec,amp_inf,response
0.04090748456008414,0.0918235574747051,100,100,118,5,0.05,10.79659027126211,0.8961856308985672,6.2856171223359585,0.06169283155719841
