initial_infected_perc,initial_immune_perc,length,height,population_size,contagion_distance,critical_limit,amp_susc,amp_rec,amp_inf,response
0.04171128892995577,0.04512372129981554,100,100,118,5,0.05,19.610131591477213,11.96421520454096,19.52206298929362,0.031425991284068
