initial_infected_perc,initial_immune_perc,length,height,population_size,contagion_distance,critical_limit,amp_susc,amp_rec,amp_inf,response
0.030627228903500194,0.041292365853067364,100,100,118,5,0.05,10.04780934278438,19.38765712991235,13.09175160650381,0.2919317870449513
