initial_infected_perc,initial_immune_perc,length,height,population_size,contagion_distance,critical_limit,amp_susc,amp_rec,amp_inf,response
0.022276572871333136,0.08691612177680473,100,100,118,5,0.05,16.44627911431625,19.20905622950116,11.43744889109726,0.2775457189301589
