initial_infected_perc,initial_immune_perc,length,height,population_size,contagion_distance,critical_limit,amp_susc,amp_rec,amp_inf,response
0.09634548589063419,0.07388838170750917,100,100,118,5,0.05,9.637489830947937,4.496689177361817,11.640920204017412,0.2672729822581501
