initial_infected_perc,initial_immune_perc,length,height,population_size,contagion_distance,critical_limit,amp_susc,amp_rec,amp_inf,response
0.031698031820100225,0.06615210441696351,100,100,118,5,0.05,7.644038876848822,14.077318924942894,17.53694477739258,0.06144683399591729
