initial_infected_perc,initial_immune_perc,length,height,population_size,contagion_distance,critical_limit,amp_susc,amp_rec,amp_inf,response
0.05448263941490925,0.011346838071502675,100,100,118,5,0.05,10.248530591082066,12.814944560036668,4.992326740431197,0.03273842032571744
