initial_infected_perc,initial_immune_perc,length,height,population_size,contagion_distance,critical_limit,amp_susc,amp_rec,amp_inf,response
0.014230433011970633,0.05125148932507484,100,100,118,5,0.05,8.68907656012661,15.23367400679535,9.447234964661757,0.15585628290153689
