initial_infected_perc,initial_immune_perc,length,height,population_size,contagion_distance,critical_limit,amp_susc,amp_rec,amp_inf,response
0.04635098918242232,0.013190982513193129,100,100,118,5,0.05,14.52209779554572,14.679353449663585,3.6133109566022004,0.04133441382560222
