initial_infected_perc,initial_immune_perc,length,height,population_size,contagion_distance,critical_limit,amp_susc,amp_rec,amp_inf,response
0.0767601915886007,0.08740332296196374,100,100,118,5,0.05,7.083520984795029,9.110280622199767,17.572130075715638,0.10435896868554946
