initial_infected_perc,initial_immune_perc,length,height,population_size,contagion_distance,critical_limit,amp_susc,amp_rec,amp_inf,response
0.09772799537721008,0.057186957620810136,100,100,118,5,0.05,19.03109565159523,17.934830456998633,11.001482193632883,0.17821445047268467
