initial_infected_perc,initial_immune_perc,length,height,population_size,contagion_distance,critical_limit,amp_susc,amp_rec,amp_inf,response
0.010637008597910648,0.09013389340964179,100,100,118,5,0.05,3.4860367901048783,7.649950512265537,12.673200043507272,0.1544556010053951
