initial_infected_perc,initial_immune_perc,length,height,population_size,contagion_distance,critical_limit,amp_susc,amp_rec,amp_inf,response
0.041076733052524905,0.04395479855152193,100,100,118,5,0.05,1.0596661869860458,1.0670638425535595,19.72891346699988,0.10773155007112205
