initial_infected_perc,initial_immune_perc,length,height,population_size,contagion_distance,critical_limit,amp_susc,amp_rec,amp_inf,response
0.015436944350150129,0.024003422680208875,100,100,118,5,0.05,15.506615431510806,15.776227017239941,9.152926865022694,0.04641770380758551
