initial_infected_perc,initial_immune_perc,length,height,population_size,contagion_distance,critical_limit,amp_susc,amp_rec,amp_inf,response
0.00819753408246733,0.07718313627279377,100,100,118,5,0.05,5.156075556841295,14.75293195670712,8.471357680372167,0.05476136242463587
