initial_infected_perc,initial_immune_perc,length,height,population_size,contagion_distance,critical_limit,amp_susc,amp_rec,amp_inf,response
0.0027979465931166404,0.05378763426057466,100,100,118,5,0.05,7.085533452129457,2.458046551091282,8.262556345879455,0.030926700715152498
