initial_infected_perc,initial_immune_perc,length,height,population_size,contagion_distance,critical_limit,amp_susc,amp_rec,amp_inf,response
0.016539491625983893,0.04047861614311157,100,100,118,5,0.05,17.97023155843914,3.4841953970050277,17.268953219494982,0.29020279408578825
