initial_infected_perc,initial_immune_perc,length,height,population_size,contagion_distance,critical_limit,amp_susc,amp_rec,amp_inf,response
0.05755368237970983,0.015463307812164108,100,100,118,5,0.05,0.8665982593954036,6.602036108921143,3.6115840361020246,0.09127343561887147
