initial_infected_perc,initial_immune_perc,length,height,population_size,contagion_distance,critical_limit,amp_susc,amp_rec,amp_inf,response
0.006283657689721722,0.006816240187023326,100,100,118,5,0.05,0.7365471919885969,2.3555375140209867,10.767691169462665,0.2432829869080044
