initial_infected_perc,initial_immune_perc,length,height,population_size,contagion_distance,critical_limit,amp_susc,amp_rec,amp_inf,response
0.061940965908620596,0.05466252269950325,100,100,118,5,0.05,14.887266396497212,14.328413938295403,18.368171020458995,0.053369444985308975
