initial_infected_perc,initial_immune_perc,length,height,population_size,contagion_distance,critical_limit,amp_susc,amp_rec,amp_inf,response
0.09670675348879057,0.0932489012715475,100,100,118,5,0.05,14.510742443812678,14.064477875978126,17.601042191817843,0.012524736814468718
