initial_infected_perc,initial_immune_perc,length,height,population_size,contagion_distance,critical_limit,amp_susc,amp_rec,amp_inf,response
0.023121194972905226,0.03776412141968946,100,100,118,5,0.05,16.527354465164322,3.573204207394125,12.226182834764035,0.2420934663816614
