initial_infected_perc,initial_immune_perc,length,height,population_size,contagion_distance,critical_limit,amp_susc,amp_rec,amp_inf,response
0.03717909709876032,0.0926575343154146,100,100,118,5,0.05,17.618566216263723,0.31131739601081954,12.77395605998224,0.22216540135476656
