initial_infected_perc,initial_immune_perc,length,height,population_size,contagion_distance,critical_limit,amp_susc,amp_rec,amp_inf,response
0.014767064885942482,0.06784329372386493,100,100,118,5,0.05,16.391026867608097,7.567636847352103,2.9707326109710386,0.0748726771856677
