initial_infected_perc,initial_immune_perc,length,height,population_size,contagion_distance,critical_limit,amp_susc,amp_rec,amp_inf,response
0.057518116942332845,0.008184083291067113,100,100,118,5,0.05,11.29811850886657,4.579731170205457,2.1247961895531864,0.26510106923543447
