initial_infected_perc,initial_immune_perc,length,height,population_size,contagion_distance,critical_limit,amp_susc,amp_rec,amp_inf,response
0.05561012235910384,0.08384470233511164,100,100,118,5,0.05,18.699243870627573,8.071233206827822,15.268482398566546,0.2899125117676917
