initial_infected_perc,initial_immune_perc,length,height,population_size,contagion_distance,critical_limit,amp_susc,amp_rec,amp_inf,response
0.06601782637128312,0.07335898623188249,100,100,118,5,0.05,8.818317400466146,16.634285982680293,2.75047758690818,0.15707933235852287
