initial_infected_perc,initial_immune_perc,length,height,population_size,contagion_distance,critical_limit,amp_susc,amp_rec,amp_inf,response
0.031089038771076206,0.03237314213018642,100,100,118,5,0.05,17.67600619229231,9.49568925992769,5.557644649896023,0.10559103910848291
