initial_infected_perc,initial_immune_perc,length,height,population_size,contagion_distance,critical_limit,amp_susc,amp_rec,amp_inf,response
0.09804224328012513,0.017564989820823784,100,100,118,5,0.05,17.84450255849052,14.967741148590797,12.664389725766892,0.19328989718745695
