initial_infected_perc,initial_immune_perc,length,height,population_size,contagion_distance,critical_limit,amp_susc,amp_rec,amp_inf,response
0.08722168001812045,0.06773053905771782,100,100,118,5,0.05,15.79154591807976,8.44700216512611,1.3870655603958792,0.2808547952656807
