initial_infected_perc,initial_immune_perc,length,height,population_size,contagion_distance,critical_limit,amp_susc,amp_rec,amp_inf,response
0.014841060227291182,0.09841207279133515,100,100,118,5,0.05,1.3033889957833322,16.372222756355768,17.53585879908327,0.17461004851317388
