initial_infected_perc,initial_immune_perc,length,height,population_size,contagion_distance,critical_limit,amp_susc,amp_rec,amp_inf,response
0.020108977572478162,0.01814964203927578,100,100,118,5,0.05,19.99782230681692,3.6517455335094984,6.130202505826656,0.05014562243904495
