initial_infected_perc,initial_immune_perc,length,height,population_size,contagion_distance,critical_limit,amp_susc,amp_rec,amp_inf,response
0.04726870229113461,0.041100707922570014,100,100,118,5,0.05,13.1851035527892,8.528046787119575,16.064195519592545,0.1898769754059914
