initial_infected_perc,initial_immune_perc,length,height,population_size,contagion_distance,critical_limit,amp_susc,amp_rec,amp_inf,response
0.013694056987579306,0.014829027911783144,100,100,118,5,0.05,3.364786690138424,1.508333777344184,16.740754585404026,0.28881755416928645
