initial_infected_perc,initial_immune_perc,length,height,population_size,contagion_distance,critical_limit,amp_susc,amp_rec,amp_inf,response
0.040542338598533706,0.030323079725983283,100,100,118,5,0.05,4.92540778184047,7.282101644374734,7.1012001599591095,0.09631883187195009
