initial_infected_perc,initial_immune_perc,length,height,population_size,contagion_distance,critical_limit,amp_susc,amp_rec,amp_inf,response
0.016875557148377452,0.07438515313345212,100,100,118,5,0.05,3.5556358138235633,16.57382772394624,18.8799800044612,0.2672552547378422
