initial_infected_perc,initial_immune_perc,length,height,population_size,contagion_distance,critical_limit,amp_susc,amp_rec,amp_inf,response
0.08182074841115174,0.08578860351711082,100,100,118,5,0.05,10.517144355933638,15.883648417278234,13.608028807874836,0.280870934684289
