initial_infected_perc,initial_immune_perc,length,height,population_size,contagion_distance,critical_limit,amp_susc,amp_rec,amp_inf,response
0.04769454307279308,0.03455971791844133,100,100,118,5,0.05,3.009004233061716,15.8817631231833,0.9325878842192603,0.11276468631445949
