initial_infected_perc,initial_immune_perc,length,height,population_size,contagion_distance,critical_limit,amp_susc,amp_rec,amp_inf,response
0.0617093870760179,0.05671058770066313,100,100,118,5,0.05,2.4288924754468777,4.164568105168054,9.493381099444543,0.26852064467032766
