initial_infected_perc,initial_immune_perc,length,height,population_size,contagion_distance,critical_limit,amp_susc,amp_rec,amp_inf,response
0.04199843629123659,0.07845708379361857,100,100,118,5,0.05,16.166674752521903,5.7404393930765485,2.8017514024827905,0.24124740251259383
