initial_infected_perc,initial_immune_perc,length,height,population_size,contagion_distance,critical_limit,amp_susc,amp_rec,amp_inf,response
0.043998939508283534,0.05311860946914426,100,100,118,5,0.05,2.059258981953782,19.97097084989485,12.31368879449683,0.058920874266040035
