initial_infected_perc,initial_immune_perc,length,height,population_size,contagion_distance,critical_limit,amp_susc,amp_rec,amp_inf,response
0.011333902623971982,0.09292813429038947,100,100,118,5,0.05,3.180629896496987,4.170719361151615,2.94384552002948,0.07854010037568171
