initial_infected_perc,initial_immune_perc,length,height,population_size,contagion_distance,critical_limit,amp_susc,amp_rec,amp_inf,response
0.04007638610489433,0.035851299204785636,100,100,118,5,0.05,19.407140044143926,16.202859583363736,6.415264119155695,0.050224287305211376
