initial_infected_perc,initial_immune_perc,length,height,population_size,contagion_distance,critical_limit,amp_susc,amp_rec,amp_inf,response
0.09000408876364291,0.05211964681367076,100,100,118,5,0.05,12.628110656708598,15.84188885414964,12.431901495341224,0.1463836301429567
