initial_infected_perc,initial_immune_perc,length,height,population_size,contagion_distance,critical_limit,amp_susc,amp_rec,amp_inf,response
0.037819203766957965,0.06699184543562099,100,100,118,5,0.05,15.023607391035934,4.3191907929797395,13.099254074476187,0.1800439136797964
