initial_infected_perc,initial_immune_perc,length,height,population_size,contagion_distance,critical_limit,amp_susc,amp_rec,amp_inf,response
0.09110816831388358,0.08121542063507499,100,100,118,5,0.05,10.402288729462503,2.1440790574845647,6.008288082465054,0.19607610476365775
