initial_infected_perc,initial_immune_perc,length,height,population_size,contagion_distance,critical_limit,amp_susc,amp_rec,amp_inf,response
0.05454360442297125,0.008217762270013019,100,100,118,5,0.05,8.802220395299837,3.5851798876530427,0.5324246402995603,0.27250262243825635
