initial_infected_perc,initial_immune_perc,length,height,population_size,contagion_distance,critical_limit,amp_susc,amp_rec,amp_inf,response
0.05268828289296526,0.019420373367175073,100,100,118,5,0.05,2.1049893754575177,4.351735849660193,4.88523124547738,0.21591990001545522
