initial_infected_perc,initial_immune_perc,length,height,population_size,contagion_distance,critical_limit,amp_susc,amp_rec,amp_inf,response
0.08356654787002835,0.0057777615631873225,100,100,118,5,0.05,18.392671015831404,0.8499290380119673,17.580753656051467,0.021056197437149513
