initial_infected_perc,initial_immune_perc,length,height,population_size,contagion_distance,critical_limit,amp_susc,amp_rec,amp_inf,response
0.030157123206620718,0.03241195709271082,100,100,118,5,0.05,2.9910737312632762,14.684108952443793,17.556435037859796,0.2310845703862373
