initial_infected_perc,initial_immune_perc,length,height,population_size,contagion_distance,critical_limit,amp_susc,amp_rec,amp_inf,response
0.09561251497593964,0.01840454767242967,100,100,118,5,0.05,0.0675337425106548,6.543618539088714,8.057257203856231,0.14102841765541682
