initial_infected_perc,initial_immune_perc,length,height,population_size,contagion_distance,critical_limit,amp_susc,amp_rec,amp_inf,response
0.022049659793913236,0.05312835951625673,100,100,118,5,0.05,13.203828364589699,11.413599795325988,5.090718401276839,0.10098701937799782
