initial_infected_perc,initial_immune_perc,length,height,population_size,contagion_distance,critical_limit,amp_susc,amp_rec,amp_inf,response
0.020231932546329857,0.00399005281652789,100,100,118,5,0.05,19.13068313769815,0.7090461261701209,12.143673585013438,0.02421538439027714
