initial_infected_perc,initial_immune_perc,length,height,population_size,contagion_distance,critical_limit,amp_susc,amp_rec,amp_inf,response
0.03244060361451273,0.0201645456981141,100,100,118,5,0.05,0.7998003918288887,7.215679185236576,10.695095344062118,0.0956697124637582
