initial_infected_perc,initial_immune_perc,length,height,population_size,contagion_distance,critical_limit,amp_susc,amp_rec,amp_inf,response
0.07051210431379322,0.05224162730855175,100,100,118,5,0.05,18.926917666115557,15.216160276973174,7.836101113931592,0.22196015913120898
