initial_infected_perc,initial_immune_perc,length,height,population_size,contagion_distance,critical_limit,amp_susc,amp_rec,amp_inf,response
0.03927473708528606,0.04736562771598704,100,100,118,5,0.05,14.821143599438233,8.39455427298125,5.307819522382009,0.23891399256889276
