initial_infected_perc,initial_immune_perc,length,height,population_size,contagion_distance,critical_limit,amp_susc,amp_rec,amp_inf,response
0.030643653390840388,0.079914390012849,100,100,118,5,0.05,11.906743891265702,18.911273941657228,13.39731610497517,0.22184202961666372
