initial_infected_perc,initial_immune_perc,length,height,population_size,contagion_distance,critical_limit,amp_susc,amp_rec,amp_inf,response
0.00788594767984765,0.05798214550730697,100,100,118,5,0.05,2.3628705935588634,15.365508953335281,0.27778240791155095,0.08581030875151432
