initial_infected_perc,initial_immune_perc,length,height,population_size,contagion_distance,critical_limit,amp_susc,amp_rec,amp_inf,response
0.0898456668274009,0.0032696948614816647,100,100,118,5,0.05,15.413461684656166,15.582848457283022,6.251742646700061,0.003431217247385343
