initial_infected_perc,initial_immune_perc,length,height,population_size,contagion_distance,critical_limit,amp_susc,amp_rec,amp_inf,response
0.05489745281899194,0.04297408938465113,100,100,118,5,0.05,12.835739205047677,3.0939237902060346,11.665385034742712,0.1369910079648121
