initial_infected_perc,initial_immune_perc,length,height,population_size,contagion_distance,critical_limit,amp_susc,amp_rec,amp_inf,response
0.04246624433188215,0.07729231937424874,100,100,118,5,0.05,7.018252681539949,2.129337520679826,3.237911226088437,0.21321245001819353
