initial_infected_perc,initial_immune_perc,length,height,population_size,contagion_distance,critical_limit,amp_susc,amp_rec,amp_inf,response
0.08686288592306092,0.049823391806201024,100,100,118,5,0.05,19.160600963821654,9.214085095133663,8.482911839778112,0.026363043003857722
