initial_infected_perc,initial_immune_perc,length,height,population_size,contagion_distance,critical_limit,amp_susc,amp_rec,amp_inf,response
0.08730621354777778,0.017490096083435724,100,100,118,5,0.05,1.7397897243453797,15.266294123925086,19.431012259266286,0.12794734719176645
