initial_infected_perc,initial_immune_perc,length,height,population_size,contagion_distance,critical_limit,amp_susc,amp_rec,amp_inf,response
0.04494817266246718,0.09691795339076467,100,100,118,5,0.05,19.631424109442722,1.9474078348809032,9.163444626222596,0.15513639173449684
