initial_infected_perc,initial_immune_perc,length,height,population_size,contagion_distance,critical_limit,amp_susc,amp_rec,amp_inf,response
0.01022644529764738,0.055559648750427564,100,100,118,5,0.05,13.08036241382447,5.657366727650654,18.935146533584252,0.28790415283232335
