initial_infected_perc,initial_immune_perc,length,height,population_size,contagion_distance,critical_limit,amp_susc,amp_rec,amp_inf,response
0.06243609312730313,0.024365920494343142,100,100,118,5,0.05,11.47411188053229,12.37796482994196,0.5339241165160558,0.27633533657556636
