initial_infected_perc,initial_immune_perc,length,height,population_size,contagion_distance,critical_limit,amp_susc,amp_rec,amp_inf,response
0.07467298070866388,0.021849751925019978,100,100,118,5,0.05,0.8943177259858026,8.79264849584259,15.093602913097579,0.11917818665782474
