initial_infected_perc,initial_immune_perc,length,height,population_size,contagion_distance,critical_limit,amp_susc,amp_rec,amp_inf,response
0.0882460363407916,0.06628154867809365,100,100,118,5,0.05,1.9022093301894194,11.689884905119065,9.649175340917278,0.13009816923000853
