initial_infected_perc,initial_immune_perc,length,height,population_size,contagion_distance,critical_limit,amp_susc,amp_rec,amp_inf,response
0.0706054961328047,0.09425156830029793,100,100,118,5,0.05,18.072216835879836,7.1571720701409,2.3219944285695293,0.20878974362490327
