initial_infected_perc,initial_immune_perc,length,height,population_size,contagion_distance,critical_limit,amp_susc,amp_rec,amp_inf,response
0.007008149501953532,0.07070001283246233,100,100,118,5,0.05,13.606181695638302,3.6628158880482276,10.979557707622165,0.08802972386948298
