initial_infected_perc,initial_immune_perc,length,height,population_size,contagion_distance,critical_limit,amp_susc,amp_rec,amp_inf,response
0.07399122337930093,0.014463874974261704,100,100,118,5,0.05,19.047575811011125,17.261821597653,10.992501826588192,0.05065884431300231
