initial_infected_perc,initial_immune_perc,length,height,population_size,contagion_distance,critical_limit,amp_susc,amp_rec,amp_inf,response
0.013945720507034121,0.03964957365651817,100,100,118,5,0.05,3.7681970162982403,6.831378272703907,4.917739498946765,0.07291572263793401
