initial_infected_perc,initial_immune_perc,length,height,population_size,contagion_distance,critical_limit,amp_susc,amp_rec,amp_inf,response
0.024484236602167888,0.02657975918837531,100,100,118,5,0.05,14.021624696627256,16.970493744429444,1.592468784741674,0.29471249471289274
