initial_infected_perc,initial_immune_perc,length,height,population_size,contagion_distance,critical_limit,amp_susc,amp_rec,amp_inf,response
0.0852348796134368,0.05990160186364272,100,100,118,5,0.05,12.972397253334272,19.154656848980306,10.635282951482143,0.07424279583630282
