initial_infected_perc,initial_immune_perc,length,height,population_size,contagion_distance,critical_limit,amp_susc,amp_rec,amp_inf,response
0.03109563260680459,0.014326439857536866,100,100,118,5,0.05,0.08157607782455667,16.993220899069247,10.633460565884391,0.11542251535705728
