initial_infected_perc,initial_immune_perc,length,height,population_size,contagion_distance,critical_limit,amp_susc,amp_rec,amp_inf,response
0.0146888169538405,0.04286070476980783,100,100,118,5,0.05,0.18354713545954304,17.48147875353142,12.492056530694214,0.16737256030163086
