initial_infected_perc,initial_immune_perc,length,height,population_size,contagion_distance,critical_limit,amp_susc,amp_rec,amp_inf,response
0.0390741582667855,0.09608518899636834,100,100,118,5,0.05,8.122993355695412,19.656370990475708,14.303272738809875,0.18522814940992915
