initial_infected_perc,initial_immune_perc,length,height,population_size,contagion_distance,critical_limit,amp_susc,amp_rec,amp_inf,response
0.051191786633599135,0.02628196475356087,100,100,118,5,0.05,6.282862397051899,3.986501961704836,19.115090816907042,0.017712713462138163
