initial_infected_perc,initial_immune_perc,length,height,population_size,contagion_distance,critical_limit,amp_susc,amp_rec,amp_inf,response
0.052078952571013276,0.05228237366704135,100,100,118,5,0.05,19.25966951748897,5.08411800283884,5.125407505057651,0.226102612813977
