initial_infected_perc,initial_immune_perc,length,height,population_size,contagion_distance,critical_limit,amp_susc,amp_rec,amp_inf,response
0.08716112569699608,0.0035181518202873855,100,100,118,5,0.05,6.647439023169877,17.03680928507035,17.487391309248718,0.18917838348356902
