initial_infected_perc,initial_immune_perc,length,height,population_size,contagion_distance,critical_limit,amp_susc,amp_rec,amp_inf,response
0.08910834939537976,0.057660349625135034,100,100,118,5,0.05,19.018606154010683,5.43455121149856,1.5956897758509725,0.05695131044679656
