initial_infected_perc,initial_immune_perc,length,height,population_size,contagion_distance,critical_limit,amp_susc,amp_rec,amp_inf,response
0.08349686593676525,0.08867310166553391,100,100,118,5,0.05,19.222948255326866,4.294864442873571,7.96422193164301,0.24894945192801637
