initial_infected_perc,initial_immune_perc,length,height,population_size,contagion_distance,critical_limit,amp_susc,amp_rec,amp_inf,response
0.0009532491168618208,0.023296723791970755,100,100,118,5,0.05,18.610195066156706,10.768361634777111,6.489777836568962,0.17951033818574655
