initial_infected_perc,initial_immune_perc,length,height,population_size,contagion_distance,critical_limit,amp_susc,amp_rec,amp_inf,response
0.013488018129070757,0.0025864970860567937,100,100,118,5,0.05,16.831737882424775,2.2244947269627136,16.228651515676702,0.06938392115140415
