initial_infected_perc,initial_immune_perc,length,height,population_size,contagion_distance,critical_limit,amp_susc,amp_rec,amp_inf,response
0.01209204881378011,0.09114928957721874,100,100,118,5,0.05,16.22606734637108,5.417061937999163,19.695262019919543,0.1361970027475952
