initial_infected_perc,initial_immune_perc,length,height,population_size,contagion_distance,critical_limit,amp_susc,amp_rec,amp_inf,response
0.08556763765135095,0.07098660005812907,100,100,118,5,0.05,0.4237255328264222,5.804321954962979,0.2619225799786218,0.0929833562502143
