initial_infected_perc,initial_immune_perc,length,height,population_size,contagion_distance,critical_limit,amp_susc,amp_rec,amp_inf,response
0.029716421181735942,0.018944283938175068,100,100,118,5,0.05,17.749631869178497,2.537297712863087,8.06262304587259,0.06918136313578818
