initial_infected_perc,initial_immune_perc,length,height,population_size,contagion_distance,critical_limit,amp_susc,amp_rec,amp_inf,response
0.09756340143801055,0.09489257578966509,100,100,118,5,0.05,4.094629490067079,8.81939124732407,9.477562051641858,0.21593578848927814
