initial_infected_perc,initial_immune_perc,length,height,population_size,contagion_distance,critical_limit,amp_susc,amp_rec,amp_inf,response
0.03786153969025067,0.09845223708132993,100,100,118,5,0.05,15.525217038695807,18.306975698921583,16.33629609863659,0.15354505346661507
