initial_infected_perc,initial_immune_perc,length,height,population_size,contagion_distance,critical_limit,amp_susc,amp_rec,amp_inf,response
0.09332839762319964,0.021593861732278764,100,100,118,5,0.05,16.298129768989938,16.004675883239145,4.100682599577503,0.005574631658336315
