initial_infected_perc,initial_immune_perc,length,height,population_size,contagion_distance,critical_limit,amp_susc,amp_rec,amp_inf,response
0.05733703396953848,0.053073571996821216,100,100,118,5,0.05,17.31618634614938,18.05046516854185,16.103557474705035,0.03102671149618845
