initial_infected_perc,initial_immune_perc,length,height,population_size,contagion_distance,critical_limit,amp_susc,amp_rec,amp_inf,response
0.07132765253480276,0.04607205297795072,100,100,118,5,0.05,7.514876048049146,18.972089227451953,16.538148569532172,0.10296375173903818
