initial_infected_perc,initial_immune_perc,length,height,population_size,contagion_distance,critical_limit,amp_susc,amp_rec,amp_inf,response
0.09231118923812108,0.016956010191441252,100,100,118,5,0.05,2.6193090810566777,4.08788440740439,16.07717683744761,0.2966619615686066
