initial_infected_perc,initial_immune_perc,length,height,population_size,contagion_distance,critical_limit,amp_susc,amp_rec,amp_inf,response
0.023773781806126916,0.08882686116741739,100,100,118,5,0.05,8.566888894804867,14.438556439498502,0.4286596026276146,0.06034346435429911
