initial_infected_perc,initial_immune_perc,length,height,population_size,contagion_distance,critical_limit,amp_susc,amp_rec,amp_inf,response
0.07066691025796802,0.06862683070160033,100,100,118,5,0.05,16.326990047366145,9.308417938864721,5.96938612119934,0.27737692588646706
