initial_infected_perc,initial_immune_perc,length,height,population_size,contagion_distance,critical_limit,amp_susc,amp_rec,amp_inf,response
0.07623797178663681,0.09457724751146553,100,100,118,5,0.05,4.364580900414503,2.3892658095497077,15.09169671828759,0.09983899344049738
