initial_infected_perc,initial_immune_perc,length,height,population_size,contagion_distance,critical_limit,amp_susc,amp_rec,amp_inf,response
0.06669991243806533,0.046093179093627146,100,100,118,5,0.05,15.299919281233906,5.138003516211233,3.521665854030258,0.0212648633165895
