initial_infected_perc,initial_immune_perc,length,height,population_size,contagion_distance,critical_limit,amp_susc,amp_rec,amp_inf,response
0.07912991736542546,0.04576889757327577,100,100,118,5,0.05,14.628836105013342,16.16621062518844,5.975674254956569,0.29077728901156663
