initial_infected_perc,initial_immune_perc,length,height,population_size,contagion_distance,critical_limit,amp_susc,amp_rec,amp_inf,response
0.03805269851282531,0.07616064570836953,100,100,118,5,0.05,17.130160596498254,4.42591141031148,0.6981522190279454,0.23332595907113174
