initial_infected_perc,initial_immune_perc,length,height,population_size,contagion_distance,critical_limit,amp_susc,amp_rec,amp_inf,response
0.04818973062882157,0.05943697303627382,100,100,118,5,0.05,12.381299934832038,12.182370901247603,18.39667543670991,0.11004697660876586
