initial_infected_perc,initial_immune_perc,length,height,population_size,contagion_distance,critical_limit,amp_susc,amp_rec,amp_inf,response
0.009291986588617197,0.01821862666352029,100,100,118,5,0.05,6.988569773691021,5.7184283028116045,5.9655034681745605,0.2349878425739793
