initial_infected_perc,initial_immune_perc,length,height,population_size,contagion_distance,critical_limit,amp_susc,amp_rec,amp_inf,response
0.07605342613151073,0.042460981834692574,100,100,118,5,0.05,6.766590869339051,17.782810061631416,4.188224426305127,0.22613915024022274
