initial_infected_perc,initial_immune_perc,length,height,population_size,contagion_distance,critical_limit,amp_susc,amp_rec,amp_inf,response
0.042707338012915534,0.07283307018634742,100,100,118,5,0.05,6.747462502688293,17.635306906319116,18.13935409779736,0.24879836699944582
