initial_infected_perc,initial_immune_perc,length,height,population_size,contagion_distance,critical_limit,amp_susc,amp_rec,amp_inf,response
0.0877263632062329,0.07099205275228054,100,100,118,5,0.05,13.963397188356764,19.826589579088306,13.489805887754665,0.12386818173288797
