initial_infected_perc,initial_immune_perc,length,height,population_size,contagion_distance,critical_limit,amp_susc,amp_rec,amp_inf,response
0.08992273457260708,0.06412134904217036,100,100,118,5,0.05,13.930430279621369,15.672728813453036,14.088832556536433,0.2704364997554949
