initial_infected_perc,initial_immune_perc,length,height,population_size,contagion_distance,critical_limit,amp_susc,amp_rec,amp_inf,response
0.057231755515432116,0.09005374955375153,100,100,118,5,0.05,19.162940577011813,6.184009274685474,4.601887283258819,0.026769153266093925
