initial_infected_perc,initial_immune_perc,length,height,population_size,contagion_distance,critical_limit,amp_susc,amp_rec,amp_inf,response
0.023206068575228913,0.04720774321810255,100,100,118,5,0.05,0.4278891141076069,7.496697318548769,6.987642810502281,0.023557062636107618
