initial_infected_perc,initial_immune_perc,length,height,population_size,contagion_distance,critical_limit,amp_susc,amp_rec,amp_inf,response
0.013872869128954392,0.07211078742025966,100,100,118,5,0.05,19.418513313873994,15.938636053448194,3.1980197759726914,0.24773803346880144
