initial_infected_perc,initial_immune_perc,length,height,population_size,contagion_distance,critical_limit,amp_susc,amp_rec,amp_inf,response
0.02324210823707029,0.020028070200936533,100,100,118,5,0.05,12.71372384115406,2.391793871017762,6.237986226088379,0.1178336998195537
