initial_infected_perc,initial_immune_perc,length,height,population_size,contagion_distance,critical_limit,amp_susc,amp_rec,amp_inf,response
0.06992027453829018,0.09532731480798307,100,100,118,5,0.05,8.802320044646937,3.193297727896658,3.4369396361842575,0.1267532667070364
