initial_infected_perc,initial_immune_perc,length,height,population_size,contagion_distance,critical_limit,amp_susc,amp_rec,amp_inf,response
0.02923913774554058,0.03463008253351837,100,100,118,5,0.05,4.595770041981866,18.035621782076046,12.171987048761697,0.09987572252244513
