initial_infected_perc,initial_immune_perc,length,height,population_size,contagion_distance,critical_limit,amp_susc,amp_rec,amp_inf,response
0.0515427607045118,0.04796255203730331,100,100,118,5,0.05,17.39237545534831,13.733557621435192,0.11791107773426734,0.19289940339160588
