initial_infected_perc,initial_immune_perc,length,height,population_size,contagion_distance,critical_limit,amp_susc,amp_rec,amp_inf,response
0.09556328733087065,0.041467598370731024,100,100,118,5,0.05,14.846309732996712,10.694697979227335,0.7966126438750343,0.1319020960374873
