initial_infected_perc,initial_immune_perc,length,height,population_size,contagion_distance,critical_limit,amp_susc,amp_rec,amp_inf,response
0.037824921502200765,0.06666217131314774,100,100,118,5,0.05,6.452663487029266,19.81264008271204,17.760995041867275,0.1282406904892592
