initial_infected_perc,initial_immune_perc,length,height,population_size,contagion_distance,critical_limit,amp_susc,amp_rec,amp_inf,response
0.07517833388362334,0.08810093972727312,100,100,118,5,0.05,2.458989023535605,19.53921584113459,17.272549274063856,0.27430209686592477
