initial_infected_perc,initial_immune_perc,length,height,population_size,contagion_distance,critical_limit,amp_susc,amp_rec,amp_inf,response
0.05599924817510682,0.0914511540590219,100,100,118,5,0.05,18.81684432284919,18.17379074223161,19.80239614756498,0.1343837940348574
