initial_infected_perc,initial_immune_perc,length,height,population_size,contagion_distance,critical_limit,amp_susc,amp_rec,amp_inf,response
0.008983468159013552,0.05993775179775083,100,100,118,5,0.05,15.24763780974883,10.735877644229788,0.1752184210632901,0.051079359108851814
