initial_infected_perc,initial_immune_perc,length,height,population_size,contagion_distance,critical_limit,amp_susc,amp_rec,amp_inf,response
0.08372367930280677,0.015556617349781188,100,100,118,5,0.05,9.173396551192816,0.2627387042740148,14.178042347506356,0.25817335121870444
