initial_infected_perc,initial_immune_perc,length,height,population_size,contagion_distance,critical_limit,amp_susc,amp_rec,amp_inf,response
0.020997908909267296,0.06319008105830363,100,100,118,5,0.05,17.682818532830492,17.616707826204255,19.49523076416567,0.1750063897507731
