initial_infected_perc,initial_immune_perc,length,height,population_size,contagion_distance,critical_limit,amp_susc,amp_rec,amp_inf,response
0.061699327565372365,0.044053793472202465,100,100,118,5,0.05,9.56239042989896,4.47853806348963,2.814215165489198,0.06186790491143718
