initial_infected_perc,initial_immune_perc,length,height,population_size,contagion_distance,critical_limit,amp_susc,amp_rec,amp_inf,response
0.00663688470197974,0.019135603338586427,100,100,118,5,0.05,7.958966422675092,6.437826286720927,16.24150253865747,0.28983262674808696
