initial_infected_perc,initial_immune_perc,length,height,population_size,contagion_distance,critical_limit,amp_susc,amp_rec,amp_inf,response
0.031213451695955487,0.053681875060058726,100,100,118,5,0.05,12.317074281880107,2.148483616974284,1.194528271571067,0.12308754290055832
