initial_infected_perc,initial_immune_perc,length,height,population_size,contagion_distance,critical_limit,amp_susc,amp_rec,amp_inf,response
0.043167788608562734,0.002839272586914377,100,100,118,5,0.05,0.015487876879733964,13.823834676708158,15.57843061410052,0.1314789745040779
