initial_infected_perc,initial_immune_perc,length,height,population_size,contagion_distance,critical_limit,amp_susc,amp_rec,amp_inf,response
0.08526907842435394,0.04727125809703661,100,100,118,5,0.05,16.688232577839763,6.82431739409277,14.594484723574762,0.021949769050654832
