initial_infected_perc,initial_immune_perc,length,height,population_size,contagion_distance,critical_limit,amp_susc,amp_rec,amp_inf,response
0.015429832815580635,0.03510295509693553,100,100,118,5,0.05,18.5093186302664,19.80789203496041,15.750175161667046,0.1468695004186115
