initial_infected_perc,initial_immune_perc,length,height,population_size,contagion_distance,critical_limit,amp_susc,amp_rec,amp_inf,response
0.06563398872961539,0.042554301904023,100,100,118,5,0.05,9.747896154980243,7.8564281284324196,16.82329797413999,0.18559436493183204
