initial_infected_perc,initial_immune_perc,length,height,population_size,contagion_distance,critical_limit,amp_susc,amp_rec,amp_inf,response
0.08616212262548073,0.08934834056578643,100,100,118,5,0.05,6.1084833261653255,18.528541575716336,13.377981829256937,0.08626963642087708
