initial_infected_perc,initial_immune_perc,length,height,population_size,contagion_distance,critical_limit,amp_susc,amp_rec,amp_inf,response
0.0029576837827870687,0.07420159418970024,100,100,118,5,0.05,4.791599667995701,8.834707538988324,14.741863186864517,0.21242141274845233
