initial_infected_perc,initial_immune_perc,length,height,population_size,contagion_distance,critical_limit,amp_susc,amp_rec,amp_inf,response
0.00514922738590361,0.006528027731501962,100,100,118,5,0.05,0.27483086853524075,8.476688429226048,12.979740572313705,0.055103965803178945
