initial_infected_perc,initial_immune_perc,length,height,population_size,contagion_distance,critical_limit,amp_susc,amp_rec,amp_inf,response
0.06904626419175723,0.052568797611741463,100,100,118,5,0.05,6.246373938653029,9.45507402622268,8.667881906648985,0.1033312065225193
