initial_infected_perc,initial_immune_perc,length,height,population_size,contagion_distance,critical_limit,amp_susc,amp_rec,amp_inf,response
0.024158258136965705,0.03416640064625853,100,100,118,5,0.05,19.269391877527152,11.119523294813579,5.715205309455076,0.1270370889361682
