initial_infected_perc,initial_immune_perc,length,height,population_size,contagion_distance,critical_limit,amp_susc,amp_rec,amp_inf,response
0.004402627823473138,0.06314874246699065,100,100,118,5,0.05,15.985080766395912,3.453565088652353,11.579308085904245,0.20409473814136578
