initial_infected_perc,initial_immune_perc,length,height,population_size,contagion_distance,critical_limit,amp_susc,amp_rec,amp_inf,response
0.021673704301461927,0.06273612973928094,100,100,118,5,0.05,0.5180840240066464,4.5034735569898166,0.4924098426171808,0.021913549196927305
