initial_infected_perc,initial_immune_perc,length,height,population_size,contagion_distance,critical_limit,amp_susc,amp_rec,amp_inf,response
0.02549004846875962,0.03127009750645515,100,100,118,5,0.05,3.943819746284114,3.9613538338091048,11.723172104242183,0.01458091419027574
