initial_infected_perc,initial_immune_perc,length,height,population_size,contagion_distance,critical_limit,amp_susc,amp_rec,amp_inf,response
0.024235098053272022,0.053733075250195106,100,100,118,5,0.05,4.277116061156336,10.178515301700322,4.190377676319876,0.22172111851604223
