initial_infected_perc,initial_immune_perc,length,height,population_size,contagion_distance,critical_limit,amp_susc,amp_rec,amp_inf,response
0.08168600533803252,0.035411803205919856,100,100,118,5,0.05,7.00446901104451,0.4323069709969407,13.569130152648452,0.1053906888800656
