initial_infected_perc,initial_immune_perc,length,height,population_size,contagion_distance,critical_limit,amp_susc,amp_rec,amp_inf,response
0.05958746372330773,0.06981863310602263,100,100,118,5,0.05,0.04844366351810514,10.835040746119596,9.337785676578303,0.16479310921624438
