initial_infected_perc,initial_immune_perc,length,height,population_size,contagion_distance,critical_limit,amp_susc,amp_rec,amp_inf,response
0.09163041008282974,0.0286894313600901,100,100,118,5,0.05,16.404909008542383,8.351436504956492,12.689566493821903,0.0942486552543622
