initial_infected_perc,initial_immune_perc,length,height,population_size,contagion_distance,critical_limit,amp_susc,amp_rec,amp_inf,response
0.05793669457144893,0.05851896572593786,100,100,118,5,0.05,14.796820924842127,17.705074304868802,15.604011404943808,0.12529431574517086
