initial_infected_perc,initial_immune_perc,length,height,population_size,contagion_distance,critical_limit,amp_susc,amp_rec,amp_inf,response
0.08941929394321955,0.04680736710839492,100,100,118,5,0.05,17.55997914356197,1.7605190056112652,9.509649525859771,0.23001954416192777
