initial_infected_perc,initial_immune_perc,length,height,population_size,contagion_distance,critical_limit,amp_susc,amp_rec,amp_inf,response
0.04194980133948209,0.05895479596841007,100,100,118,5,0.05,3.006227054023014,7.218744668266382,16.52766079304523,0.03724091353700247
