initial_infected_perc,initial_immune_perc,length,height,population_size,contagion_distance,critical_limit,amp_susc,amp_rec,amp_inf,response
0.042732059137063495,0.055724075071316936,100,100,118,5,0.05,7.584002081255856,14.200018277877735,9.93033898661748,0.03704007760353478
