initial_infected_perc,initial_immune_perc,length,height,population_size,contagion_distance,critical_limit,amp_susc,amp_rec,amp_inf,response
0.0914597069147282,0.0013648834060204452,100,100,118,5,0.05,18.44392326426761,16.833121290506522,8.419018492156658,0.058236246211417105
