initial_infected_perc,initial_immune_perc,length,height,population_size,contagion_distance,critical_limit,amp_susc,amp_rec,amp_inf,response
0.06904469076007234,0.03166921539598296,100,100,118,5,0.05,6.843898930948706,10.170976970436152,19.156811039806072,0.1651512392907327
