initial_infected_perc,initial_immune_perc,length,height,population_size,contagion_distance,critical_limit,amp_susc,amp_rec,amp_inf,response
0.08498362842428832,0.07126471375182829,100,100,118,5,0.05,3.038115383071942,16.224829660755855,0.6361418113167572,0.17131426360159763
