initial_infected_perc,initial_immune_perc,length,height,population_size,contagion_distance,critical_limit,amp_susc,amp_rec,amp_inf,response
0.058251927002666105,0.09199030768082138,100,100,118,5,0.05,12.269163455803172,3.590013328891082,14.899561197421729,0.13794874780584795
