initial_infected_perc,initial_immune_perc,length,height,population_size,contagion_distance,critical_limit,amp_susc,amp_rec,amp_inf,response
0.07065829955966436,0.01710121210938298,100,100,118,5,0.05,3.4538699171467746,17.43222938113782,9.176660752594255,0.020288663694795973
