initial_infected_perc,initial_immune_perc,length,height,population_size,contagion_distance,critical_limit,amp_susc,amp_rec,amp_inf,response
0.014587724746747877,0.022757658444261676,100,100,118,5,0.05,4.8885688270997925,9.802808984125786,18.43484303781651,0.12108492551663358
