initial_infected_perc,initial_immune_perc,length,height,population_size,contagion_distance,critical_limit,amp_susc,amp_rec,amp_inf,response
0.08676273057367101,0.018096108340688487,100,100,118,5,0.05,19.857549292769264,16.543008752140796,10.99001934955571,0.220891600341694
