initial_infected_perc,initial_immune_perc,length,height,population_size,contagion_distance,critical_limit,amp_susc,amp_rec,amp_inf,response
0.014315253897317949,0.06856408093616122,100,100,118,5,0.05,17.849584284276787,10.858491552417455,12.720092826518599,0.08228202225289953
