initial_infected_perc,initial_immune_perc,length,height,population_size,contagion_distance,critical_limit,amp_susc,amp_rec,amp_inf,response
0.0871718884755855,0.08549941253639443,100,100,118,5,0.05,5.556728727706632,0.6105081822890779,19.777485662230422,0.29082599869784176
