initial_infected_perc,initial_immune_perc,length,height,population_size,contagion_distance,critical_limit,amp_susc,amp_rec,amp_inf,response
0.04646781245544223,0.09066420930072412,100,100,118,5,0.05,2.5406497597985567,5.87539635408322,15.148865725415398,0.0636279294327453
