initial_infected_perc,initial_immune_perc,length,height,population_size,contagion_distance,critical_limit,amp_susc,amp_rec,amp_inf,response
0.06288704730943019,0.020584964232991523,100,100,118,5,0.05,14.76349383480674,13.717145498276919,19.425312399021614,0.08774389070939716
