initial_infected_perc,initial_immune_perc,length,height,population_size,contagion_distance,critical_limit,amp_susc,amp_rec,amp_inf,response
0.07765152670174,0.07866928539092335,100,100,118,5,0.05,14.309951007821962,18.595586734110412,18.65452883163909,0.17556921913670542
