initial_infected_perc,initial_immune_perc,length,height,population_size,contagion_distance,critical_limit,amp_susc,amp_rec,amp_inf,response
0.09508099489966929,0.03139360606496568,100,100,118,5,0.05,7.605516227620727,18.86491526604355,12.44781046133171,0.2839449567458795
