initial_infected_perc,initial_immune_perc,length,height,population_size,contagion_distance,critical_limit,amp_susc,amp_rec,amp_inf,response
0.036063932303751205,0.02866599335017276,100,100,118,5,0.05,1.1241594539224842,17.471538551070758,12.989318060379118,0.2075637429375695
