initial_infected_perc,initial_immune_perc,length,height,population_size,contagion_distance,critical_limit,amp_susc,amp_rec,amp_inf,response
0.07803500051943872,0.04947825254973444,100,100,118,5,0.05,13.423574065945216,13.946762591819224,1.750647330980386,0.19173194703211116
