initial_infected_perc,initial_immune_perc,length,height,population_size,contagion_distance,critical_limit,amp_susc,amp_rec,amp_inf,response
0.05903317438173403,0.014721177477098824,100,100,118,5,0.05,19.711290220674837,19.458730794868266,10.56738469355212,0.0962295021117077
