initial_infected_perc,initial_immune_perc,length,height,population_size,contagion_distance,critical_limit,amp_susc,amp_rec,amp_inf,response
0.05729858653368456,0.028960240620052858,100,100,118,5,0.05,4.722610801449154,1.7537824637684962,18.775255568096018,0.03448838782768502
