initial_infected_perc,initial_immune_perc,length,height,population_size,contagion_distance,critical_limit,amp_susc,amp_rec,amp_inf,response
0.05277066888245801,0.030719441332703892,100,100,118,5,0.05,12.574421587701828,5.546687334412943,16.704167669214797,0.009152095044590969
