initial_infected_perc,initial_immune_perc,length,height,population_size,contagion_distance,critical_limit,amp_susc,amp_rec,amp_inf,response
0.08875418055280969,0.08104514246290584,100,100,118,5,0.05,8.063393265486267,13.465950443292785,13.523272330949812,0.08856620590124266
