initial_infected_perc,initial_immune_perc,length,height,population_size,contagion_distance,critical_limit,amp_susc,amp_rec,amp_inf,response
0.095017505930029,0.0636791251099074,100,100,118,5,0.05,17.613217318875048,14.482839264817919,14.603487901863563,0.01066459786409225
