initial_infected_perc,initial_immune_perc,length,height,population_size,contagion_distance,critical_limit,amp_susc,amp_rec,amp_inf,response
0.08503484517094227,0.08840736133697508,100,100,118,5,0.05,15.461581210950433,19.52835406912317,16.024820117528066,0.1061995690271806
