initial_infected_perc,initial_immune_perc,length,height,population_size,contagion_distance,critical_limit,amp_susc,amp_rec,amp_inf,response
0.06905912424581766,0.03334370030237815,100,100,118,5,0.05,4.205258780086691,16.07566304250485,19.624945316383773,0.19284490164048754
