initial_infected_perc,initial_immune_perc,length,height,population_size,contagion_distance,critical_limit,amp_susc,amp_rec,amp_inf,response
0.08630148067504612,0.05590125968362052,100,100,118,5,0.05,9.902072398436735,1.9680976858164212,15.290911182023619,0.12457075128522087
