initial_infected_perc,initial_immune_perc,length,height,population_size,contagion_distance,critical_limit,amp_susc,amp_rec,amp_inf,response
0.08407343551160756,0.011104245643429123,100,100,118,5,0.05,6.583979241064246,4.91421540817665,0.24623515288623832,0.22508184811185655
