initial_infected_perc,initial_immune_perc,length,height,population_size,contagion_distance,critical_limit,amp_susc,amp_rec,amp_inf,response
0.03332890371125504,0.021512101234012718,100,100,118,5,0.05,15.620931378844693,4.214023095405612,12.486232844466002,0.07338759591710328
