initial_infected_perc,initial_immune_perc,length,height,population_size,contagion_distance,critical_limit,amp_susc,amp_rec,amp_inf,response
0.0633826379268833,0.08157573324721981,100,100,118,5,0.05,15.244964674330436,13.7993426265877,15.307781944052701,0.05405546672502097
