initial_infected_perc,initial_immune_perc,length,height,population_size,contagion_distance,critical_limit,amp_susc,amp_rec,amp_inf,response
0.06530234847204434,0.023974139421648832,100,100,118,5,0.05,2.955500914492102,17.50554077813173,3.387083597461751,0.004515863798259822
