initial_infected_perc,initial_immune_perc,length,height,population_size,contagion_distance,critical_limit,amp_susc,amp_rec,amp_inf,response
0.05507551376081065,0.05212295887066118,100,100,118,5,0.05,1.5850987624883817,5.722691965522921,14.206264243544329,0.06380616627387857
