initial_infected_perc,initial_immune_perc,length,height,population_size,contagion_distance,critical_limit,amp_susc,amp_rec,amp_inf,response
0.013770090518072143,0.01492391773969931,100,100,118,5,0.05,4.889747357879772,16.137168412555585,10.21565404449827,0.11946560548014322
