initial_infected_perc,initial_immune_perc,length,height,population_size,contagion_distance,critical_limit,amp_susc,amp_rec,amp_inf,response
0.03665095986206878,0.036546236986897684,100,100,118,5,0.05,5.370802683027747,13.253564198930825,8.77468158875297,0.032463741681354075
