initial_infected_perc,initial_immune_perc,length,height,population_size,contagion_distance,critical_limit,amp_susc,amp_rec,amp_inf,response
0.06610489023616148,0.02845935658983836,100,100,118,5,0.05,17.378831234001154,8.13297486529721,6.955484355262183,0.04862105545402945
