initial_infected_perc,initial_immune_perc,length,height,population_size,contagion_distance,critical_limit,amp_susc,amp_rec,amp_inf,response
0.032084973789976705,0.09225133122287055,100,100,118,5,0.05,4.1019031379792565,1.0868406114119078,3.9682685094979187,0.05720797427348866
