initial_infected_perc,initial_immune_perc,length,height,population_size,contagion_distance,critical_limit,amp_susc,amp_rec,amp_inf,response
0.07814145786015352,0.07380296776735336,100,100,118,5,0.05,18.759600489655362,2.7656751995824713,3.268885395910579,0.08979577215752901
