initial_infected_perc,initial_immune_perc,length,height,population_size,contagion_distance,critical_limit,amp_susc,amp_rec,amp_inf,response
0.05542903474034299,0.040935509140281906,100,100,118,5,0.05,0.5354030123887132,15.10416699181485,18.101609232600577,0.21599849695731527
