initial_infected_perc,initial_immune_perc,length,height,population_size,contagion_distance,critical_limit,amp_susc,amp_rec,amp_inf,response
0.08002923656825145,0.028208304563982614,100,100,118,5,0.05,8.688299543501481,18.37821417849782,9.635932443963465,0.18350889431879813
