initial_infected_perc,initial_immune_perc,length,height,population_size,contagion_distance,critical_limit,amp_susc,amp_rec,amp_inf,response
0.04018807623795437,0.09241138283244853,100,100,118,5,0.05,3.9196631448966945,13.959109273960348,4.6946030995055965,0.03445164014499292
