initial_infected_perc,initial_immune_perc,length,height,population_size,contagion_distance,critical_limit,amp_susc,amp_rec,amp_inf,response
0.09033918567642714,0.09274072988084874,100,100,118,5,0.05,18.6189752646973,7.565036364486701,7.517791234317015,0.22705201277342
