initial_infected_perc,initial_immune_perc,length,height,population_size,contagion_distance,critical_limit,amp_susc,amp_rec,amp_inf,response
0.07732323595070503,0.06434514680760538,100,100,118,5,0.05,10.141189407006381,7.8842037048181695,17.94080810945924,0.12085203167299712
