initial_infected_perc,initial_immune_perc,length,height,population_size,contagion_distance,critical_limit,amp_susc,amp_rec,amp_inf,response
0.03564101209235978,0.09441030598942633,100,100,118,5,0.05,5.701628893286763,16.772775565040156,6.952652133830486,0.1917132298853233
