initial_infected_perc,initial_immune_perc,length,height,population_size,contagion_distance,critical_limit,amp_susc,amp_rec,amp_inf,response
0.05569829421271073,0.08241406853322109,100,100,118,5,0.05,12.17901727241771,19.652303406894536,18.53987831857807,0.09800582556238398
