initial_infected_perc,initial_immune_perc,length,height,population_size,contagion_distance,critical_limit,amp_susc,amp_rec,amp_inf,response
0.08188795739280409,0.049875071364121976,100,100,118,5,0.05,5.714538142362717,14.529531314823714,17.45622793363632,0.12261782036442412
