initial_infected_perc,initial_immune_perc,length,height,population_size,contagion_distance,critical_limit,amp_susc,amp_rec,amp_inf,response
0.08873135906729507,0.08912247372219997,100,100,118,5,0.05,16.695195612032318,7.308290865259837,4.541936051952282,0.25503941514718204
