initial_infected_perc,initial_immune_perc,length,height,population_size,contagion_distance,critical_limit,amp_susc,amp_rec,amp_inf,response
0.0954318060321661,0.0135303365213167,100,100,118,5,0.05,3.1724816339871964,9.257360389033026,4.091551605854482,0.26241990013767075
