initial_infected_perc,initial_immune_perc,length,height,population_size,contagion_distance,critical_limit,amp_susc,amp_rec,amp_inf,response
0.09640622464012695,0.0430463490896304,100,100,118,5,0.05,11.624492924603832,12.54014279569299,15.391191154122374,0.15098407797132
