initial_infected_perc,initial_immune_perc,length,height,population_size,contagion_distance,critical_limit,amp_susc,amp_rec,amp_inf,response
0.035685482290491476,0.04894586260993895,100,100,118,5,0.05,15.311350262008611,4.143632285081253,3.647013771747436,0.2517165354878945
