initial_infected_perc,initial_immune_perc,length,height,population_size,contagion_distance,critical_limit,amp_susc,amp_rec,amp_inf,response
0.055273836217828866,0.0702407797046458,100,100,118,5,0.05,18.16446506020416,1.8895654314294696,16.228134060521125,0.28036957164741877
