initial_infected_perc,initial_immune_perc,length,height,population_size,contagion_distance,critical_limit,amp_susc,amp_rec,amp_inf,response
0.06625254448247593,0.07647506445804801,100,100,118,5,0.05,17.419805431377846,8.252434064670126,13.735441798887916,0.13640331470827446
