initial_infected_perc,initial_immune_perc,length,height,population_size,contagion_distance,critical_limit,amp_susc,amp_rec,amp_inf,response
0.018415543883299735,0.021435107164764478,100,100,118,5,0.05,7.968988150462087,17.256459890706296,18.59226377063451,0.0671531256330609
