initial_infected_perc,initial_immune_perc,length,height,population_size,contagion_distance,critical_limit,amp_susc,amp_rec,amp_inf,response
0.07988503284571262,0.09199499194886834,100,100,118,5,0.05,0.45922245391030625,10.474617419112615,16.554596724817095,0.15124870961042877
