initial_infected_perc,initial_immune_perc,length,height,population_size,contagion_distance,critical_limit,amp_susc,amp_rec,amp_inf,response
0.0736612469576015,0.06167039186484197,100,100,118,5,0.05,15.685485589890174,14.55796283586717,7.958592977895506,0.23116335610566036
