initial_infected_perc,initial_immune_perc,length,height,population_size,contagion_distance,critical_limit,amp_susc,amp_rec,amp_inf,response
0.06105661222583334,0.021519811403939073,100,100,118,5,0.05,16.044690979678826,10.908866411687846,6.642607078412091,0.04948521556159795
