initial_infected_perc,initial_immune_perc,length,height,population_size,contagion_distance,critical_limit,amp_susc,amp_rec,amp_inf,response
0.066566550203205,0.08161142019763043,100,100,118,5,0.05,6.902454395530322,13.810245840215686,7.7721547869016465,0.08729400692419435
