initial_infected_perc,initial_immune_perc,length,height,population_size,contagion_distance,critical_limit,amp_susc,amp_rec,amp_inf,response
0.07322938083016603,0.005239775740731679,100,100,118,5,0.05,4.442245986915778,9.551624958409077,16.82756023890287,0.1482545233933831
