initial_infected_perc,initial_immune_perc,length,height,population_size,contagion_distance,critical_limit,amp_susc,amp_rec,amp_inf,response
0.046458761611784694,0.07164868158152271,100,100,118,5,0.05,2.661817575422092,12.55390045684062,18.51251312312091,0.05791916828159836
