initial_infected_perc,initial_immune_perc,length,height,population_size,contagion_distance,critical_limit,amp_susc,amp_rec,amp_inf,response
0.01379156266844116,0.03143757050846736,100,100,118,5,0.05,17.18502977514064,7.139437807767239,13.114683002227633,0.23614454008048616
