initial_infected_perc,initial_immune_perc,length,height,population_size,contagion_distance,critical_limit,amp_susc,amp_rec,amp_inf,response
0.07108958140056625,0.08445399153414673,100,100,118,5,0.05,8.613338891918033,11.825907198730956,7.066102573111017,0.00392077943740029
