initial_infected_perc,initial_immune_perc,length,height,population_size,contagion_distance,critical_limit,amp_susc,amp_rec,amp_inf,response
0.09934610555234916,0.029794044436590495,100,100,118,5,0.05,0.8264502722406553,4.243712653816514,11.583943211033878,0.26353977172240456
