initial_infected_perc,initial_immune_perc,length,height,population_size,contagion_distance,critical_limit,amp_susc,amp_rec,amp_inf,response
0.043409574280410805,0.003473440963555452,100,100,118,5,0.05,14.783323165735796,2.7293336444256044,4.789951452801473,0.26260321181574725
