initial_infected_perc,initial_immune_perc,length,height,population_size,contagion_distance,critical_limit,amp_susc,amp_rec,amp_inf,response
0.01041765162785141,0.036947456015891625,100,100,118,5,0.05,17.24249610194268,9.401283493222623,3.7619071304745066,0.14758776816545882
