initial_infected_perc,initial_immune_perc,length,height,population_size,contagion_distance,critical_limit,amp_susc,amp_rec,amp_inf,response
0.07290753964639819,0.014140961033549372,100,100,118,5,0.05,4.654804141023217,16.443883056709975,3.6491758227025572,0.04721696798774343
