initial_infected_perc,initial_immune_perc,length,height,population_size,contagion_distance,critical_limit,amp_susc,amp_rec,amp_inf,response
0.06483460143149666,0.05726379321058497,100,100,118,5,0.05,5.339731212857943,19.349605062900142,4.179391927121101,0.24991957115362107
