initial_infected_perc,initial_immune_perc,length,height,population_size,contagion_distance,critical_limit,amp_susc,amp_rec,amp_inf,response
0.027384357030067575,0.014100954016733303,100,100,118,5,0.05,8.113924135523426,7.92703173001073,9.073745729353819,0.09074823578545348
