initial_infected_perc,initial_immune_perc,length,height,population_size,contagion_distance,critical_limit,amp_susc,amp_rec,amp_inf,response
0.05045401452811468,0.070129012170475,100,100,118,5,0.05,18.752615461428043,11.447903563958752,1.8171433067531462,0.010764758040919975
