initial_infected_perc,initial_immune_perc,length,height,population_size,contagion_distance,critical_limit,amp_susc,amp_rec,amp_inf,response
0.08978539619529073,0.07055915425351274,100,100,118,5,0.05,14.018069608144547,11.259553534217408,8.123449405196457,0.03735710370737102
