initial_infected_perc,initial_immune_perc,length,height,population_size,contagion_distance,critical_limit,amp_susc,amp_rec,amp_inf,response
0.030436055586016676,0.030909644364814193,100,100,118,5,0.05,3.5021697537709606,16.118152862730433,8.671738789128103,0.2438055034169603
