initial_infected_perc,initial_immune_perc,length,height,population_size,contagion_distance,critical_limit,amp_susc,amp_rec,amp_inf,response
0.006248975950681468,0.0329460056343705,100,100,118,5,0.05,12.76315184040692,2.31107989882132,12.294708888094078,0.02098105035848291
