initial_infected_perc,initial_immune_perc,length,height,population_size,contagion_distance,critical_limit,amp_susc,amp_rec,amp_inf,response
0.09086978829986209,0.035346903899335425,100,100,118,5,0.05,4.847713500870697,18.30557111855257,13.174002196060377,0.16880420180094666
