initial_infected_perc,initial_immune_perc,length,height,population_size,contagion_distance,critical_limit,amp_susc,amp_rec,amp_inf,response
0.09417544715372052,0.04677671890306746,100,100,118,5,0.05,8.560445937650039,14.197368199645284,13.309935566883475,0.08014425301421267
