initial_infected_perc,initial_immune_perc,length,height,population_size,contagion_distance,critical_limit,amp_susc,amp_rec,amp_inf,response
0.0989846152385673,0.07109641511791698,100,100,118,5,0.05,11.439271340535896,13.798506661909975,16.126201983764755,0.17644332156104417
