initial_infected_perc,initial_immune_perc,length,height,population_size,contagion_distance,critical_limit,amp_susc,amp_rec,amp_inf,response
0.024954922789048085,0.06937012702743679,100,100,118,5,0.05,14.58361031364599,10.648690126760695,10.232451243410754,0.26092911104926714
