initial_infected_perc,initial_immune_perc,length,height,population_size,contagion_distance,critical_limit,amp_susc,amp_rec,amp_inf,response
0.07066052746509492,0.07948122322178602,100,100,118,5,0.05,15.479510866937837,7.387702766303105,14.775947543292205,0.13039139739588074
