initial_infected_perc,initial_immune_perc,length,height,population_size,contagion_distance,critical_limit,amp_susc,amp_rec,amp_inf,response
0.03278340230913165,0.0926014186687886,100,100,118,5,0.05,14.683330225846092,18.53836449534438,10.269518871815341,0.02366084853366972
