initial_infected_perc,initial_immune_perc,length,height,population_size,contagion_distance,critical_limit,amp_susc,amp_rec,amp_inf,response
0.09410920119572566,0.08954673664677003,100,100,118,5,0.05,0.08380660906864845,4.764157646300418,7.145977521585671,0.296379715283518
