initial_infected_perc,initial_immune_perc,length,height,population_size,contagion_distance,critical_limit,amp_susc,amp_rec,amp_inf,response
0.0384371583250844,0.09780751551644692,100,100,118,5,0.05,7.9462583969534,12.650438084235638,5.37564568097878,0.06779287610073383
