initial_infected_perc,initial_immune_perc,length,height,population_size,contagion_distance,critical_limit,amp_susc,amp_rec,amp_inf,response
0.09038559339574039,0.008036339314675511,100,100,118,5,0.05,10.9509040890394,17.41184745228527,3.4601481138646384,0.2020305510393531
