initial_infected_perc,initial_immune_perc,length,height,population_size,contagion_distance,critical_limit,amp_susc,amp_rec,amp_inf,response
0.028632416960333685,0.06615153290193763,100,100,118,5,0.05,6.170028282210054,11.365077380871849,18.060915187229106,0.2757696802090937
