initial_infected_perc,initial_immune_perc,length,height,population_size,contagion_distance,critical_limit,amp_susc,amp_rec,amp_inf,response
0.0811201446131634,0.06134527632052057,100,100,118,5,0.05,3.8078189957122044,19.078652507371753,15.93589684200504,0.13557313558919962
