initial_infected_perc,initial_immune_perc,length,height,population_size,contagion_distance,critical_limit,amp_susc,amp_rec,amp_inf,response
0.024359109255010804,0.04003595377277336,100,100,118,5,0.05,2.115915201205296,19.55695083182995,3.352140787470017,0.2352949068401159
