initial_infected_perc,initial_immune_perc,length,height,population_size,contagion_distance,critical_limit,amp_susc,amp_rec,amp_inf,response
0.09412173564525345,0.05848607687626565,100,100,118,5,0.05,3.0241654743746826,11.09921233496949,10.810178829339703,0.06468923158398111
