initial_infected_perc,initial_immune_perc,length,height,population_size,contagion_distance,critical_limit,amp_susc,amp_rec,amp_inf,response
0.08312919385010385,0.01899946582774761,100,100,118,5,0.05,17.49946031698333,8.940056388768724,16.35088531248167,0.2938039981700281
