initial_infected_perc,initial_immune_perc,length,height,population_size,contagion_distance,critical_limit,amp_susc,amp_rec,amp_inf,response
0.051575453148102114,0.0012486220753988753,100,100,118,5,0.05,12.360326884554517,13.027244109767786,4.085154366455854,0.2354125074225731
