initial_infected_perc,initial_immune_perc,length,height,population_size,contagion_distance,critical_limit,amp_susc,amp_rec,amp_inf,response
0.02128107585077297,0.04028303701738422,100,100,118,5,0.05,0.9949104307138135,16.683820720614982,18.927071801578826,0.07295479435969081
