initial_infected_perc,initial_immune_perc,length,height,population_size,contagion_distance,critical_limit,amp_susc,amp_rec,amp_inf,response
0.0953483194845357,0.09318560227163435,100,100,118,5,0.05,16.311034816536406,11.135566824136049,0.49936253569902833,0.19876166480908922
