initial_infected_perc,initial_immune_perc,length,height,population_size,contagion_distance,critical_limit,amp_susc,amp_rec,amp_inf,response
0.06093715553307319,0.0023612270709094775,100,100,118,5,0.05,0.3812681939930407,12.751882139646929,2.2307145876181522,0.23751687325196738
