initial_infected_perc,initial_immune_perc,length,height,population_size,contagion_distance,critical_limit,amp_susc,amp_rec,amp_inf,response
0.09462379358422708,0.06832358972735382,100,100,118,5,0.05,2.2663053795762145,17.08760027095535,16.70156656946013,0.1180157077220021
