initial_infected_perc,initial_immune_perc,length,height,population_size,contagion_distance,critical_limit,amp_susc,amp_rec,amp_inf,response
0.062248763330780776,0.05833684742114144,100,100,118,5,0.05,14.195701919522786,3.989769723783052,15.809364101109287,0.21728518671295546
