initial_infected_perc,initial_immune_perc,length,height,population_size,contagion_distance,critical_limit,amp_susc,amp_rec,amp_inf,response
0.049126364273495975,0.013723029004726606,100,100,118,5,0.05,2.5119546644000157,16.351621620974377,17.180467210476703,0.016257819638530034
