initial_infected_perc,initial_immune_perc,length,height,population_size,contagion_distance,critical_limit,amp_susc,amp_rec,amp_inf,response
0.08585160312597111,0.07549925409637909,100,100,118,5,0.05,6.599414667887322,9.369568923292167,15.619131948905821,0.29471563668596884
