initial_infected_perc,initial_immune_perc,length,height,population_size,contagion_distance,critical_limit,amp_susc,amp_rec,amp_inf,response
0.018401550106425902,0.0393417228502634,100,100,118,5,0.05,16.923652350389407,3.9771631996603096,15.791313016668227,0.1341399868670619
