initial_infected_perc,initial_immune_perc,length,height,population_size,contagion_distance,critical_limit,amp_susc,amp_rec,amp_inf,response
0.004007950455525078,0.05531714343851895,100,100,118,5,0.05,19.328799448610237,8.693543757824445,12.080318597116966,0.23067856714150303
