initial_infected_perc,initial_immune_perc,length,height,population_size,contagion_distance,critical_limit,amp_susc,amp_rec,amp_inf,response
0.09628657858480945,0.07973680052593357,100,100,118,5,0.05,11.956194759029646,5.269747925037802,11.59171017893117,0.22331314690203907
