initial_infected_perc,initial_immune_perc,length,height,population_size,contagion_distance,critical_limit,amp_susc,amp_rec,amp_inf,response
0.09118064431122262,0.057926091977106166,100,100,118,5,0.05,5.275343321808201,17.859863375110596,0.9341170346656069,0.03478484835228531
