initial_infected_perc,initial_immune_perc,length,height,population_size,contagion_distance,critical_limit,amp_susc,amp_rec,amp_inf,response
0.0878459947386246,0.06931787389943826,100,100,118,5,0.05,15.12547050369639,12.34417574974316,1.1207560719588794,0.020340200841829557
