initial_infected_perc,initial_immune_perc,length,height,population_size,contagion_distance,critical_limit,amp_susc,amp_rec,amp_inf,response
0.012747883747626532,0.05393550825361633,100,100,118,5,0.05,3.0645715435303833,9.53248612490157,19.891240701816557,0.009419627374846595
