initial_infected_perc,initial_immune_perc,length,height,population_size,contagion_distance,critical_limit,amp_susc,amp_rec,amp_inf,response
0.007574096384197582,0.04446417065274305,100,100,118,5,0.05,1.0606618017982772,18.346925834368704,3.6673680835426814,0.16706759439776012
