initial_infected_perc,initial_immune_perc,length,height,population_size,contagion_distance,critical_limit,amp_susc,amp_rec,amp_inf,response
0.020885889062191933,0.013619969023403334,100,100,118,5,0.05,3.6696193799435695,18.52016627615431,3.882254157912133,0.14892506071758535
