initial_infected_perc,initial_immune_perc,length,height,population_size,contagion_distance,critical_limit,amp_susc,amp_rec,amp_inf,response
0.03416329618333005,0.011311125273781543,100,100,118,5,0.05,1.9151430517474344,15.11725499581228,4.310087931408708,0.2131022710591068
