initial_infected_perc,initial_immune_perc,length,height,population_size,contagion_distance,critical_limit,amp_susc,amp_rec,amp_inf,response
0.018290716516993766,0.08539376145922241,100,100,118,5,0.05,11.550056350119531,18.741363763862758,13.231548396402292,0.1712019124831024
