initial_infected_perc,initial_immune_perc,length,height,population_size,contagion_distance,critical_limit,amp_susc,amp_rec,amp_inf,response
0.07910037948106947,0.020757034006735144,100,100,118,5,0.05,3.982652205680959,16.76585827271911,13.453826303652935,0.11760651206897463
