initial_infected_perc,initial_immune_perc,length,height,population_size,contagion_distance,critical_limit,amp_susc,amp_rec,amp_inf,response
0.09464481868449433,0.015646019360336938,100,100,118,5,0.05,8.828307902906928,12.020281840576102,2.86455385203928,0.08256094778364054
