initial_infected_perc,initial_immune_perc,length,height,population_size,contagion_distance,critical_limit,amp_susc,amp_rec,amp_inf,response
0.04675879493958762,0.08806827542970724,100,100,118,5,0.05,15.612966030785223,10.742014013454998,17.116300851476417,0.29025080154936084
