initial_infected_perc,initial_immune_perc,length,height,population_size,contagion_distance,critical_limit,amp_susc,amp_rec,amp_inf,response
0.018146333123417558,0.04878489172033902,100,100,118,5,0.05,1.2416721765989025,4.043472230826022,19.39277267672971,0.11220851245581494
