initial_infected_perc,initial_immune_perc,length,height,population_size,contagion_distance,critical_limit,amp_susc,amp_rec,amp_inf,response
0.06215879360191545,0.09207052327745124,100,100,118,5,0.05,12.012287142151965,7.0643298007096895,3.3225292858956657,0.10344654304544434
