initial_infected_perc,initial_immune_perc,length,height,population_size,contagion_distance,critical_limit,amp_susc,amp_rec,amp_inf,response
0.07960578499936931,0.024584705516558628,100,100,118,5,0.05,18.579449110874183,16.24043631649672,12.484905524427605,0.22906503679201712
