initial_infected_perc,initial_immune_perc,length,height,population_size,contagion_distance,critical_limit,amp_susc,amp_rec,amp_inf,response
0.0026410536958681786,0.07560046827611294,100,100,118,5,0.05,5.21989359803791,17.154451378749172,2.9289016815959723,0.048763566971877524
