initial_infected_perc,initial_immune_perc,length,height,population_size,contagion_distance,critical_limit,amp_susc,amp_rec,amp_inf,response
0.015326946866957037,0.09973486745626409,100,100,118,5,0.05,4.726558208799876,16.71241105104823,17.14305764616706,0.2480283128006523
