initial_infected_perc,initial_immune_perc,length,height,population_size,contagion_distance,critical_limit,amp_susc,amp_rec,amp_inf,response
0.02295946247354155,0.09524943891223424,100,100,118,5,0.05,2.9812649015539927,13.832535566449247,4.831910302158125,0.15778673785440614
