initial_infected_perc,initial_immune_perc,length,height,population_size,contagion_distance,critical_limit,amp_susc,amp_rec,amp_inf,response
0.09774186878115299,0.02631517261523422,100,100,118,5,0.05,16.77652811175283,17.74517021363199,2.195945948998017,0.281288700614431
