initial_infected_perc,initial_immune_perc,length,height,population_size,contagion_distance,critical_limit,amp_susc,amp_rec,amp_inf,response
0.04160317609274399,0.07071041859836867,100,100,118,5,0.05,5.050653041739985,17.328325892877537,2.7266629777809115,0.03044255212770338
