initial_infected_perc,initial_immune_perc,length,height,population_size,contagion_distance,critical_limit,amp_susc,amp_rec,amp_inf,response
0.02253491633729411,0.05574443007989047,100,100,118,5,0.05,2.3359707185289835,2.68718362457121,14.043071881951494,0.22673105173014763
