initial_infected_perc,initial_immune_perc,length,height,population_size,contagion_distance,critical_limit,amp_susc,amp_rec,amp_inf,response
0.05427979638496216,0.08203883842195048,100,100,118,5,0.05,14.151502423392282,3.730569567929891,13.018790897067625,0.18634285509495455
