initial_infected_perc,initial_immune_perc,length,height,population_size,contagion_distance,critical_limit,amp_susc,amp_rec,amp_inf,response
0.057490834041036526,0.04418971159769104,100,100,118,5,0.05,4.499808189638048,15.749972365631464,2.4425250082082317,0.19517501333442328
