initial_infected_perc,initial_immune_perc,length,height,population_size,contagion_distance,critical_limit,amp_susc,amp_rec,amp_inf,response
0.06266444352299877,0.09262756769503788,100,100,118,5,0.05,15.857251178409955,5.942695200028965,2.9884092181076882,0.23384600145391315
