initial_infected_perc,initial_immune_perc,length,height,population_size,contagion_distance,critical_limit,amp_susc,amp_rec,amp_inf,response
0.05030816962294933,0.061946967792445955,100,100,118,5,0.05,3.457556363618255,15.37236144525549,7.152959010936788,0.21200022648225741
