initial_infected_perc,initial_immune_perc,length,height,population_size,contagion_distance,critical_limit,amp_susc,amp_rec,amp_inf,response
0.008989944529218974,0.05991876647955115,100,100,118,5,0.05,10.301639181753083,8.358789085275404,1.7143200105972678,0.022975280320637302
