initial_infected_perc,initial_immune_perc,length,height,population_size,contagion_distance,critical_limit,amp_susc,amp_rec,amp_inf,response
0.0924295501634911,0.08731393317608979,100,100,118,5,0.05,17.989174954227636,16.871242524736576,12.068277016061979,0.08589454342187432
