initial_infected_perc,initial_immune_perc,length,height,population_size,contagion_distance,critical_limit,amp_susc,amp_rec,amp_inf,response
0.07486853193338426,0.034372691324026726,100,100,118,5,0.05,5.5812613684622665,3.2392044389893315,15.634739543172104,0.29554105274006237
