initial_infected_perc,initial_immune_perc,length,height,population_size,contagion_distance,critical_limit,amp_susc,amp_rec,amp_inf,response
0.09711359370636717,0.012734963329793004,100,100,118,5,0.05,2.135490183965656,17.814019564476652,16.378109544174805,0.09543452456612635
