initial_infected_perc,initial_immune_perc,length,height,population_size,contagion_distance,critical_limit,amp_susc,amp_rec,amp_inf,response
0.061490308755071936,0.06627343586222666,100,100,118,5,0.05,17.74608928581549,7.0253710917525725,7.946339873623116,0.0901710172187313
