initial_infected_perc,initial_immune_perc,length,height,population_size,contagion_distance,critical_limit,amp_susc,amp_rec,amp_inf,response
0.09683547702812312,0.010885435771810392,100,100,118,5,0.05,9.126997291344539,19.445779508635678,16.213341248435086,0.29940994537021265
