initial_infected_perc,initial_immune_perc,length,height,population_size,contagion_distance,critical_limit,amp_susc,amp_rec,amp_inf,response
0.07603330912813769,0.01804269615677,100,100,118,5,0.05,15.24955991762868,11.671791501256656,0.9703050876372954,0.2482446539039549
