initial_infected_perc,initial_immune_perc,length,height,population_size,contagion_distance,critical_limit,amp_susc,amp_rec,amp_inf,response
0.05805282684788318,0.0837031296604463,100,100,118,5,0.05,7.868825294843045,6.377533309481942,18.233242563716182,0.08098651593785298
