initial_infected_perc,initial_immune_perc,length,height,population_size,contagion_distance,critical_limit,amp_susc,amp_rec,amp_inf,response
0.03940129774563142,0.033249660000924865,100,100,118,5,0.05,11.53211537833813,9.078166606546214,8.504959458402716,0.25001527823522335
