initial_infected_perc,initial_immune_perc,length,height,population_size,contagion_distance,critical_limit,amp_susc,amp_rec,amp_inf,response
0.0858789306305065,0.08520754219734716,100,100,118,5,0.05,15.242788979766713,4.209734933556137,4.73275995237886,0.039298842221713426
