initial_infected_perc,initial_immune_perc,length,height,population_size,contagion_distance,critical_limit,amp_susc,amp_rec,amp_inf,response
0.009297890510702667,0.00016892335479229414,100,100,118,5,0.05,2.083533170281864,5.015128558012769,18.42689046237576,0.13038177821062225
