initial_infected_perc,initial_immune_perc,length,height,population_size,contagion_distance,critical_limit,amp_susc,amp_rec,amp_inf,response
0.08601320252612299,0.040667709131151746,100,100,118,5,0.05,10.565532282118095,12.487555824257067,6.25196427097989,0.03554903879709235
