initial_infected_perc,initial_immune_perc,length,height,population_size,contagion_distance,critical_limit,amp_susc,amp_rec,amp_inf,response
0.09197829075833114,0.01011394306030533,100,100,118,5,0.05,19.01245218026806,3.20977601965051,19.660484025118595,0.03363347792123087
