initial_infected_perc,initial_immune_perc,length,height,population_size,contagion_distance,critical_limit,amp_susc,amp_rec,amp_inf,response
0.014175687198986998,0.020043015905429784,100,100,118,5,0.05,13.328811523378574,8.983011568224498,6.15227598529521,0.15516871878350905
