initial_infected_perc,initial_immune_perc,length,height,population_size,contagion_distance,critical_limit,amp_susc,amp_rec,amp_inf,response
0.018782898375506396,0.08207372240366634,100,100,118,5,0.05,2.927035652757528,4.497762820977933,12.794604224290149,0.2763719071238426
