initial_infected_perc,initial_immune_perc,length,height,population_size,contagion_distance,critical_limit,amp_susc,amp_rec,amp_inf,response
0.051311479827067345,0.06397304613512829,100,100,118,5,0.05,7.709544552261242,10.917614385013701,8.120579862865085,0.28539027276991835
