initial_infected_perc,initial_immune_perc,length,height,population_size,contagion_distance,critical_limit,amp_susc,amp_rec,amp_inf,response
0.07401612137857826,0.014076500556975813,100,100,118,5,0.05,15.091388580849223,7.149557966243554,19.919388041298017,0.13749726151115285
