initial_infected_perc,initial_immune_perc,length,height,population_size,contagion_distance,critical_limit,amp_susc,amp_rec,amp_inf,response
0.030979817459415304,0.07849882196148773,100,100,118,5,0.05,12.673355925492231,19.49383142611946,16.15302369881284,0.07613908089580969
