initial_infected_perc,initial_immune_perc,length,height,population_size,contagion_distance,critical_limit,amp_susc,amp_rec,amp_inf,response
0.09418386572038014,0.04785350990302798,100,100,118,5,0.05,16.442981037024737,6.085273416597046,11.209904104091418,0.07544389120275216
