initial_infected_perc,initial_immune_perc,length,height,population_size,contagion_distance,critical_limit,amp_susc,amp_rec,amp_inf,response
0.04004879700176356,0.0474994969696616,100,100,118,5,0.05,16.892054925560064,15.001505920086647,5.280853309886766,0.28212756983606835
