initial_infected_perc,initial_immune_perc,length,height,population_size,contagion_distance,critical_limit,amp_susc,amp_rec,amp_inf,response
0.03211151369557561,0.0710389624265497,100,100,118,5,0.05,8.355987998598717,18.994650033698985,9.84255000681421,0.07564633727178723
