initial_infected_perc,initial_immune_perc,length,height,population_size,contagion_distance,critical_limit,amp_susc,amp_rec,amp_inf,response
0.01589420722080619,0.0918275626478493,100,100,118,5,0.05,2.7799382487092883,5.241196989674282,4.077959246598382,0.07333287162829644
