initial_infected_perc,initial_immune_perc,length,height,population_size,contagion_distance,critical_limit,amp_susc,amp_rec,amp_inf,response
0.0757843333635509,0.08891213135930852,100,100,118,5,0.05,18.43019691867165,1.7411634268036358,3.959437542502342,0.2713884737678215
