initial_infected_perc,initial_immune_perc,length,height,population_size,contagion_distance,critical_limit,amp_susc,amp_rec,amp_inf,response
0.049708775875094674,0.046510390601753396,100,100,118,5,0.05,16.788817970959908,1.0328290426622977,6.468402377230595,0.1564937584349272
