initial_infected_perc,initial_immune_perc,length,height,population_size,contagion_distance,critical_limit,amp_susc,amp_rec,amp_inf,response
0.058104850851636594,0.046889517443198594,100,100,118,5,0.05,8.415934171942345,12.013965412426394,12.839969773153587,0.24653496990187307
