initial_infected_perc,initial_immune_perc,length,height,population_size,contagion_distance,critical_limit,amp_susc,amp_rec,amp_inf,response
0.025000448035337353,0.0070657517295020685,100,100,118,5,0.05,4.905982981658568,11.027177934709993,14.045911983611283,0.013708832795652747
