initial_infected_perc,initial_immune_perc,length,height,population_size,contagion_distance,critical_limit,amp_susc,amp_rec,amp_inf,response
0.0402230908806132,0.014519027205519397,100,100,118,5,0.05,0.5243684575872742,0.8510560915228726,6.233813794849605,0.28365156429335386
