initial_infected_perc,initial_immune_perc,length,height,population_size,contagion_distance,critical_limit,amp_susc,amp_rec,amp_inf,response
0.04727072000076069,0.07219914905627853,100,100,118,5,0.05,11.966916161031913,11.49722044691223,4.2782065357167625,0.2064258295999089
