initial_infected_perc,initial_immune_perc,length,height,population_size,contagion_distance,critical_limit,amp_susc,amp_rec,amp_inf,response
0.09384647054707468,0.007516642925807494,100,100,118,5,0.05,4.90657508859123,9.750583312616655,14.24232828126907,0.019815187494434394
