initial_infected_perc,initial_immune_perc,length,height,population_size,contagion_distance,critical_limit,amp_susc,amp_rec,amp_inf,response
0.04583093797094169,0.0013551104157151885,100,100,118,5,0.05,12.323614028296937,12.07460523180927,5.959010375035927,0.2756088384657427
