initial_infected_perc,initial_immune_perc,length,height,population_size,contagion_distance,critical_limit,amp_susc,amp_rec,amp_inf,response
0.08726485737608936,0.03607366334426979,100,100,118,5,0.05,13.13887974100086,9.993578424353265,5.106235092491023,0.2799671317558924
