initial_infected_perc,initial_immune_perc,length,height,population_size,contagion_distance,critical_limit,amp_susc,amp_rec,amp_inf,response
0.05819204765231382,0.060470401901070704,100,100,118,5,0.05,18.57592750723226,6.934824259653356,7.760885791455929,0.25488122255266454
