initial_infected_perc,initial_immune_perc,length,height,population_size,contagion_distance,critical_limit,amp_susc,amp_rec,amp_inf,response
0.02733142503944105,0.06603718383180888,100,100,118,5,0.05,17.28579923035036,2.8182679075232353,11.218937317855065,0.10277155588227506
