initial_infected_perc,initial_immune_perc,length,height,population_size,contagion_distance,critical_limit,amp_susc,amp_rec,amp_inf,response
0.04274682976398745,0.05984372701400825,100,100,118,5,0.05,4.344786715975697,12.723109875624319,14.628224176857582,0.15434083007823962
