initial_infected_perc,initial_immune_perc,length,height,population_size,contagion_distance,critical_limit,amp_susc,amp_rec,amp_inf,response
0.0945441972367949,0.09245499640728738,100,100,118,5,0.05,9.472134883374917,3.242477624876483,8.41401041196966,0.21476537167504306
