initial_infected_perc,initial_immune_perc,length,height,population_size,contagion_distance,critical_limit,amp_susc,amp_rec,amp_inf,response
0.08017042160067211,0.05372594797723499,100,100,118,5,0.05,12.18898106827083,5.398980604752506,10.88876655894107,0.2838120748958516
