initial_infected_perc,initial_immune_perc,length,height,population_size,contagion_distance,critical_limit,amp_susc,amp_rec,amp_inf,response
0.022427892246119952,0.09935956127265397,100,100,118,5,0.05,9.138096759584046,7.994976765031581,2.232468760725066,0.18412314411671937
