initial_infected_perc,initial_immune_perc,length,height,population_size,contagion_distance,critical_limit,amp_susc,amp_rec,amp_inf,response
0.08214212722712494,0.07939765490873184,100,100,118,5,0.05,12.987161862925454,14.489378241174176,15.286624069476737,0.05779594237903726
