initial_infected_perc,initial_immune_perc,length,height,population_size,contagion_distance,critical_limit,amp_susc,amp_rec,amp_inf,response
0.06266868414136198,0.04245821953236922,100,100,118,5,0.05,2.2031066315969294,10.063218100282088,7.7615681820481885,0.15367514175968985
