initial_infected_perc,initial_immune_perc,length,height,population_size,contagion_distance,critical_limit,amp_susc,amp_rec,amp_inf,response
0.08317017699783007,0.0582468249212903,100,100,118,5,0.05,4.9133519614028724,4.995301002560053,14.683815346819312,0.06706531216503779
