initial_infected_perc,initial_immune_perc,length,height,population_size,contagion_distance,critical_limit,amp_susc,amp_rec,amp_inf,response
0.0019597164990042605,0.06905903407123055,100,100,118,5,0.05,16.342322900408863,14.013056371377722,13.600338112341701,0.26808303480465334
