initial_infected_perc,initial_immune_perc,length,height,population_size,contagion_distance,critical_limit,amp_susc,amp_rec,amp_inf,response
0.01030926136072382,0.02863583093109852,100,100,118,5,0.05,16.170509118040098,5.804715029761979,6.261297603191087,0.06766823517280929
