initial_infected_perc,initial_immune_perc,length,height,population_size,contagion_distance,critical_limit,amp_susc,amp_rec,amp_inf,response
0.08731516722365591,0.038129950335051135,100,100,118,5,0.05,18.064226513138365,5.744136120168912,11.114771508207122,0.20414988284765273
