initial_infected_perc,initial_immune_perc,length,height,population_size,contagion_distance,critical_limit,amp_susc,amp_rec,amp_inf,response
0.047713502131440134,0.03066025806191726,100,100,118,5,0.05,10.403987388545413,2.72397441113323,19.721327307043,0.040053256345646715
