initial_infected_perc,initial_immune_perc,length,height,population_size,contagion_distance,critical_limit,amp_susc,amp_rec,amp_inf,response
0.028101176575330223,0.07952707028481087,100,100,118,5,0.05,18.537844094506323,17.033188109525003,9.211659935535128,0.18105004103067576
