initial_infected_perc,initial_immune_perc,length,height,population_size,contagion_distance,critical_limit,amp_susc,amp_rec,amp_inf,response
0.047149076962714975,0.09613752139481918,100,100,118,5,0.05,17.47923074735207,8.733430066254485,19.594264610811482,0.1426752991042934
