initial_infected_perc,initial_immune_perc,length,height,population_size,contagion_distance,critical_limit,amp_susc,amp_rec,amp_inf,response
0.06530528518208366,0.015213197397971868,100,100,118,5,0.05,10.064344707414419,13.45539559687203,4.827255786473128,0.19163508719660077
