initial_infected_perc,initial_immune_perc,length,height,population_size,contagion_distance,critical_limit,amp_susc,amp_rec,amp_inf,response
0.09882812722563578,0.0928445713373156,100,100,118,5,0.05,7.433719478167935,2.1929790415054073,18.002770113612282,0.2592379736334596
