initial_infected_perc,initial_immune_perc,length,height,population_size,contagion_distance,critical_limit,amp_susc,amp_rec,amp_inf,response
0.042254777079860334,0.04663500444095889,100,100,118,5,0.05,19.96284205413721,14.581975906173188,13.818637973121866,0.18764838314201363
