initial_infected_perc,initial_immune_perc,length,height,population_size,contagion_distance,critical_limit,amp_susc,amp_rec,amp_inf,response
0.08911315892771776,0.03810664877340417,100,100,118,5,0.05,17.15954646975461,4.7566440314487775,10.589023172949004,0.13769722243385665
