initial_infected_perc,initial_immune_perc,length,height,population_size,contagion_distance,critical_limit,amp_susc,amp_rec,amp_inf,response
0.04761799905245265,0.05093291561064404,100,100,118,5,0.05,7.942731742961982,12.010419545003867,12.777731621117505,0.2012783155114349
