initial_infected_perc,initial_immune_perc,length,height,population_size,contagion_distance,critical_limit,amp_susc,amp_rec,amp_inf,response
0.09726609474949921,0.08008947702100827,100,100,118,5,0.05,18.318823047944925,7.400217083053904,19.519950170467887,0.05853170094309072
