initial_infected_perc,initial_immune_perc,length,height,population_size,contagion_distance,critical_limit,amp_susc,amp_rec,amp_inf,response
0.03480043699984756,0.038655552277491456,100,100,118,5,0.05,16.17206789697499,9.511876675205112,6.103509205020751,0.002896660277014251
