initial_infected_perc,initial_immune_perc,length,height,population_size,contagion_distance,critical_limit,amp_susc,amp_rec,amp_inf,response
0.04856324085339028,0.022035921987691023,100,100,118,5,0.05,9.741316567601771,4.521961378082093,13.06967480055702,0.06723119395490486
