initial_infected_perc,initial_immune_perc,length,height,population_size,contagion_distance,critical_limit,amp_susc,amp_rec,amp_inf,response
0.0019980411544402556,0.02901742741042498,100,100,118,5,0.05,15.85410056213318,11.42577240003532,7.183315958820873,0.1109762348239355
