initial_infected_perc,initial_immune_perc,length,height,population_size,contagion_distance,critical_limit,amp_susc,amp_rec,amp_inf,response
0.0029205188339822778,0.024888403266407944,100,100,118,5,0.05,12.698013892127562,17.565126822416037,3.4193881428860085,0.09128946230131756
