initial_infected_perc,initial_immune_perc,length,height,population_size,contagion_distance,critical_limit,amp_susc,amp_rec,amp_inf,response
0.006908953538048657,0.06115194801649252,100,100,118,5,0.05,2.1230177995438937,18.819165233877154,2.205407781812445,0.2752084661741351
