initial_infected_perc,initial_immune_perc,length,height,population_size,contagion_distance,critical_limit,amp_susc,amp_rec,amp_inf,response
0.05618819073791086,0.08131114559045191,100,100,118,5,0.05,4.428522099756195,17.55696910071137,14.696550584393044,0.01732314523602455
