initial_infected_perc,initial_immune_perc,length,height,population_size,contagion_distance,critical_limit,amp_susc,amp_rec,amp_inf,response
0.0445060072319953,0.09517852937801863,100,100,118,5,0.05,3.6373655647938574,1.7710763748680325,14.776623067473748,0.22506944319407968
