initial_infected_perc,initial_immune_perc,length,height,population_size,contagion_distance,critical_limit,amp_susc,amp_rec,amp_inf,response
0.024958417224952734,0.008483608347494054,100,100,118,5,0.05,5.532780594833042,3.75710810467496,16.329537854863425,0.2146611362764257
