initial_infected_perc,initial_immune_perc,length,height,population_size,contagion_distance,critical_limit,amp_susc,amp_rec,amp_inf,response
0.0891109279570238,0.0451290388481039,100,100,118,5,0.05,8.99683263675485,8.62198577026437,4.8832868985054745,0.19338736176548493
