initial_infected_perc,initial_immune_perc,length,height,population_size,contagion_distance,critical_limit,amp_susc,amp_rec,amp_inf,response
0.04283705502908593,0.03983044091993158,100,100,118,5,0.05,6.32052144186551,11.609725801772306,19.806390035336847,0.27044288192742827
