initial_infected_perc,initial_immune_perc,length,height,population_size,contagion_distance,critical_limit,amp_susc,amp_rec,amp_inf,response
0.02245452579568662,0.08226671136014845,100,100,118,5,0.05,5.523563926266957,4.8683810510206715,9.640560568197639,0.031236541699784223
