initial_infected_perc,initial_immune_perc,length,height,population_size,contagion_distance,critical_limit,amp_susc,amp_rec,amp_inf,response
0.0650013514666447,0.013518186842404335,100,100,118,5,0.05,14.479290627541967,5.357897110985008,17.355899910632058,0.18791310822821414
