initial_infected_perc,initial_immune_perc,length,height,population_size,contagion_distance,critical_limit,amp_susc,amp_rec,amp_inf,response
0.04530308846148852,0.019652926947290362,100,100,118,5,0.05,2.7162029530045095,8.636010684560036,15.123227920167107,0.23555196033835257
