initial_infected_perc,initial_immune_perc,length,height,population_size,contagion_distance,critical_limit,amp_susc,amp_rec,amp_inf,response
0.06715924854658327,0.011936410322398894,100,100,118,5,0.05,19.746902908516482,11.24296507750153,3.339534982181649,0.040877470328494155
