initial_infected_perc,initial_immune_perc,length,height,population_size,contagion_distance,critical_limit,amp_susc,amp_rec,amp_inf,response
0.0880883535479239,0.08015888748493107,100,100,118,5,0.05,0.8168326266811787,1.175018898552691,17.867532675277854,0.11110431814462313
