initial_infected_perc,initial_immune_perc,length,height,population_size,contagion_distance,critical_limit,amp_susc,amp_rec,amp_inf,response
0.09246993277920651,0.05946538099093818,100,100,118,5,0.05,14.052324637621364,18.13373717429226,9.880523871200268,0.002312092086055173
