initial_infected_perc,initial_immune_perc,length,height,population_size,contagion_distance,critical_limit,amp_susc,amp_rec,amp_inf,response
0.0230354705484518,0.09236053366229352,100,100,118,5,0.05,11.491712077124856,8.912879314497268,3.6456980842727815,0.12280567436985158
