initial_infected_perc,initial_immune_perc,length,height,population_size,contagion_distance,critical_limit,amp_susc,amp_rec,amp_inf,response
0.056758032332290424,0.021841657933246907,100,100,118,5,0.05,4.540007763137743,5.255797592385079,4.400325581529914,0.1837645561998604
