initial_infected_perc,initial_immune_perc,length,height,population_size,contagion_distance,critical_limit,amp_susc,amp_rec,amp_inf,response
0.021287770722339196,0.02266777942169288,100,100,118,5,0.05,4.261348821067381,15.19958437963626,12.636458669628599,0.04111648310992314
