initial_infected_perc,initial_immune_perc,length,height,population_size,contagion_distance,critical_limit,amp_susc,amp_rec,amp_inf,response
0.00017028267915929486,0.09491428833967772,100,100,118,5,0.05,6.321202241475399,15.678851929712934,1.5183750902760407,0.01996438218545671
