initial_infected_perc,initial_immune_perc,length,height,population_size,contagion_distance,critical_limit,amp_susc,amp_rec,amp_inf,response
0.0558600751742414,0.042761100175300604,100,100,118,5,0.05,18.94555693458155,14.000034314956826,2.9946965576228024,0.29418097741210614
