initial_infected_perc,initial_immune_perc,length,height,population_size,contagion_distance,critical_limit,amp_susc,amp_rec,amp_inf,response
0.05343569731525624,0.05590394015725308,100,100,118,5,0.05,7.344279584334592,1.5682464539453678,12.417913257760386,0.1777851137982552
