initial_infected_perc,initial_immune_perc,length,height,population_size,contagion_distance,critical_limit,amp_susc,amp_rec,amp_inf,response
0.06126302482682319,0.03923240959815184,100,100,118,5,0.05,14.84094804049249,10.609496221242702,9.690219137225178,0.2723860424446196
