initial_infected_perc,initial_immune_perc,length,height,population_size,contagion_distance,critical_limit,amp_susc,amp_rec,amp_inf,response
0.013817358278411285,0.03374027080664166,100,100,118,5,0.05,9.305570032451007,17.556418360149927,10.46722692533299,0.12240116867977922
