initial_infected_perc,initial_immune_perc,length,height,population_size,contagion_distance,critical_limit,amp_susc,amp_rec,amp_inf,response
0.0740193461684513,0.014206737879741128,100,100,118,5,0.05,19.84989508379001,13.709179524776474,0.792691133962562,0.17958755456795397
