initial_infected_perc,initial_immune_perc,length,height,population_size,contagion_distance,critical_limit,amp_susc,amp_rec,amp_inf,response
0.08536824070418372,0.07404455543763888,100,100,118,5,0.05,16.041062812094694,18.802783116953133,19.85933466323294,0.17695946516019265
