initial_infected_perc,initial_immune_perc,length,height,population_size,contagion_distance,critical_limit,amp_susc,amp_rec,amp_inf,response
0.08574653941219829,0.02024421565333058,100,100,118,5,0.05,5.409612945904277,17.468026025433886,15.13882465797748,0.00858682989259324
