initial_infected_perc,initial_immune_perc,length,height,population_size,contagion_distance,critical_limit,amp_susc,amp_rec,amp_inf,response
0.0748185594654674,0.07861615016653145,100,100,118,5,0.05,0.5527347489348355,0.8085280630500402,2.9791476569809783,0.02640721907902552
