initial_infected_perc,initial_immune_perc,length,height,population_size,contagion_distance,critical_limit,amp_susc,amp_rec,amp_inf,response
0.008970732872083432,0.05895755859828808,100,100,118,5,0.05,15.375649890574314,0.5608524122579661,3.38737694215526,0.0036191459679435264
