initial_infected_perc,initial_immune_perc,length,height,population_size,contagion_distance,critical_limit,amp_susc,amp_rec,amp_inf,response
0.06613670847339302,0.03979016751091979,100,100,118,5,0.05,19.08328262693334,1.0966882282635182,18.793984185387334,0.22035762972409312
