initial_infected_perc,initial_immune_perc,length,height,population_size,contagion_distance,critical_limit,amp_susc,amp_rec,amp_inf,response
0.029270618341154877,0.0774716591565102,100,100,118,5,0.05,3.3083269796197423,16.185305720313664,18.55116544125129,0.23584069266427232
