initial_infected_perc,initial_immune_perc,length,height,population_size,contagion_distance,critical_limit,amp_susc,amp_rec,amp_inf,response
0.0802675689016818,0.06222822854910805,100,100,118,5,0.05,9.918214311121737,12.171657201200441,11.803684399797753,0.23837780587026824
