initial_infected_perc,initial_immune_perc,length,height,population_size,contagion_distance,critical_limit,amp_susc,amp_rec,amp_inf,response
0.0469322430933397,0.028861998828055437,100,100,118,5,0.05,17.024860425967287,11.16518875809791,0.5715426962966474,0.17818536664952897
