initial_infected_perc,initial_immune_perc,length,height,population_size,contagion_distance,critical_limit,amp_susc,amp_rec,amp_inf,response
0.03605575294433764,9.469344710250072e-05,100,100,118,5,0.05,18.66749670121815,3.8546466314022743,10.807522755098582,0.2782467436424557
