initial_infected_perc,initial_immune_perc,length,height,population_size,contagion_distance,critical_limit,amp_susc,amp_rec,amp_inf,response
0.010969744320698683,0.07640282485717224,100,100,118,5,0.05,12.575411444911577,9.764312341051877,16.275599584361782,0.16087854611992802
