initial_infected_perc,initial_immune_perc,length,height,population_size,contagion_distance,critical_limit,amp_susc,amp_rec,amp_inf,response
0.06555301940699097,0.09549771210922592,100,100,118,5,0.05,17.92182290866387,9.532328197692436,2.9319612899437453,0.08259356298884282
