initial_infected_perc,initial_immune_perc,length,height,population_size,contagion_distance,critical_limit,amp_susc,amp_rec,amp_inf,response
0.06113056428582569,0.09120243498640716,100,100,118,5,0.05,16.787478793839885,8.550133128055402,6.316621133933504,0.11137213217953262
