initial_infected_perc,initial_immune_perc,length,height,population_size,contagion_distance,critical_limit,amp_susc,amp_rec,amp_inf,response
0.04397511132936586,0.06299272677583961,100,100,118,5,0.05,11.1363016290052,0.9493948931498997,13.3625213520175,0.046219743541870036
