initial_infected_perc,initial_immune_perc,length,height,population_size,contagion_distance,critical_limit,amp_susc,amp_rec,amp_inf,response
0.051455071307678936,0.09593515791215866,100,100,118,5,0.05,19.172025337274153,9.93409215079418,10.387330643729399,0.2931954702241503
