initial_infected_perc,initial_immune_perc,length,height,population_size,contagion_distance,critical_limit,amp_susc,amp_rec,amp_inf,response
0.010426667399990854,0.038950209704589914,100,100,118,5,0.05,19.15524771040814,3.671662169515104,14.93033117654138,0.23023805130262118
