initial_infected_perc,initial_immune_perc,length,height,population_size,contagion_distance,critical_limit,amp_susc,amp_rec,amp_inf,response
0.03182311026722987,0.07869951449491158,100,100,118,5,0.05,0.6972008094781423,8.875469283263985,15.932696917600058,0.026432794859661022
