initial_infected_perc,initial_immune_perc,length,height,population_size,contagion_distance,critical_limit,amp_susc,amp_rec,amp_inf,response
0.0106342869176979,0.020962528070641195,100,100,118,5,0.05,18.855724634410084,4.041896824815579,17.159171872451598,0.01826412743283733
