initial_infected_perc,initial_immune_perc,length,height,population_size,contagion_distance,critical_limit,amp_susc,amp_rec,amp_inf,response
0.010490677221192202,0.08067081481187177,100,100,118,5,0.05,0.5748005768072284,6.9266446535251,2.554915061691474,0.04721538301558378
