initial_infected_perc,initial_immune_perc,length,height,population_size,contagion_distance,critical_limit,amp_susc,amp_rec,amp_inf,response
0.061337543964622966,0.05887668510444808,100,100,118,5,0.05,3.374750312093282,1.5366565455137593,4.317992563334965,0.27732119110396153
