initial_infected_perc,initial_immune_perc,length,height,population_size,contagion_distance,critical_limit,amp_susc,amp_rec,amp_inf,response
0.08134118443108,0.08638597458620573,100,100,118,5,0.05,17.351787766213153,2.741530197192583,5.130785989737343,0.2800068340900085
