initial_infected_perc,initial_immune_perc,length,height,population_size,contagion_distance,critical_limit,amp_susc,amp_rec,amp_inf,response
0.044797750097733874,0.04648761361489896,100,100,118,5,0.05,0.5603084519083645,4.513221738868129,0.8897871438555494,0.19230654234783484
