initial_infected_perc,initial_immune_perc,length,height,population_size,contagion_distance,critical_limit,amp_susc,amp_rec,amp_inf,response
0.04435136357056514,0.01551838529673596,100,100,118,5,0.05,7.854859179000513,5.0592236127439545,1.7439894009581547,0.22163781973050123
