initial_infected_perc,initial_immune_perc,length,height,population_size,contagion_distance,critical_limit,amp_susc,amp_rec,amp_inf,response
0.09124822519573723,0.04400130517464627,100,100,118,5,0.05,5.214439113975873,5.044893181461092,2.413396737015172,0.08165514893985118
