initial_infected_perc,initial_immune_perc,length,height,population_size,contagion_distance,critical_limit,amp_susc,amp_rec,amp_inf,response
0.007505040276742092,0.07998859121656737,100,100,118,5,0.05,13.91748216825919,17.70193394681168,7.3006925974277825,0.18128153761713955
