initial_infected_perc,initial_immune_perc,length,height,population_size,contagion_distance,critical_limit,amp_susc,amp_rec,amp_inf,response
0.08762477116769932,0.0196615956198148,100,100,118,5,0.05,4.579108568816659,9.858254431821194,10.158232006455743,0.16014929601207814
