initial_infected_perc,initial_immune_perc,length,height,population_size,contagion_distance,critical_limit,amp_susc,amp_rec,amp_inf,response
0.00538686948598498,0.0746205786460831,100,100,118,5,0.05,4.643054203424328,5.52051921379797,5.354180938594659,0.09072532516168641
