initial_infected_perc,initial_immune_perc,length,height,population_size,contagion_distance,critical_limit,amp_susc,amp_rec,amp_inf,response
0.08663781992882622,0.09891644360046546,100,100,118,5,0.05,19.512956707597077,13.795694317143939,4.0879300328465735,0.2864179717600191
