initial_infected_perc,initial_immune_perc,length,height,population_size,contagion_distance,critical_limit,amp_susc,amp_rec,amp_inf,response
0.08411083008242028,0.08045459014921869,100,100,118,5,0.05,10.460218576299344,2.659697673674284,0.7230783357260906,0.1372272651515181
