initial_infected_perc,initial_immune_perc,length,height,population_size,contagion_distance,critical_limit,amp_susc,amp_rec,amp_inf,response
0.08516973966900016,0.05429157613026984,100,100,118,5,0.05,11.78058371241608,6.363327231579293,4.679283633961619,0.12807810553299917
