initial_infected_perc,initial_immune_perc,length,height,population_size,contagion_distance,critical_limit,amp_susc,amp_rec,amp_inf,response
0.011732548556227407,0.011341016470559285,100,100,118,5,0.05,0.9931655358802916,19.072916761167434,8.370689482384835,0.12740681279675775
