initial_infected_perc,initial_immune_perc,length,height,population_size,contagion_distance,critical_limit,amp_susc,amp_rec,amp_inf,response
0.08109079908069025,0.09582000585716298,100,100,118,5,0.05,6.617105821061693,11.653753764423353,14.64507209169909,0.2273653512730234
