initial_infected_perc,initial_immune_perc,length,height,population_size,contagion_distance,critical_limit,amp_susc,amp_rec,amp_inf,response
0.020208470555378246,0.06643191808365448,100,100,118,5,0.05,9.539705376664946,10.633466662237165,8.691807106083498,0.09568336956332285
