initial_infected_perc,initial_immune_perc,length,height,population_size,contagion_distance,critical_limit,amp_susc,amp_rec,amp_inf,response
0.06588813550373511,0.02961099282216059,100,100,118,5,0.05,19.42630213656041,18.094888780904558,13.517700563076719,0.05686440665325626
