initial_infected_perc,initial_immune_perc,length,height,population_size,contagion_distance,critical_limit,amp_susc,amp_rec,amp_inf,response
0.05602509446147182,0.04829575402801531,100,100,118,5,0.05,5.146596247668622,15.772065740244003,10.950386842268404,0.12694832033889586
