initial_infected_perc,initial_immune_perc,length,height,population_size,contagion_distance,critical_limit,amp_susc,amp_rec,amp_inf,response
0.07986521829689094,0.046757156168892415,100,100,118,5,0.05,11.919075853707552,8.166916146866367,0.15334097217077236,0.11312978642891937
