initial_infected_perc,initial_immune_perc,length,height,population_size,contagion_distance,critical_limit,amp_susc,amp_rec,amp_inf,response
0.0625460995722089,0.011880916286581646,100,100,118,5,0.05,6.801994222450047,5.906382011448468,3.0856920752229544,0.2193228200384366
