initial_infected_perc,initial_immune_perc,length,height,population_size,contagion_distance,critical_limit,amp_susc,amp_rec,amp_inf,response
0.013806467680230573,0.06027714932670432,100,100,118,5,0.05,12.545625567422093,12.409494664384948,19.756179027325842,0.2510198081808785
