initial_infected_perc,initial_immune_perc,length,height,population_size,contagion_distance,critical_limit,amp_susc,amp_rec,amp_inf,response
0.058972288033846146,0.08530553998797753,100,100,118,5,0.05,14.598992466711305,11.208196421195531,8.908683857869189,0.010440255007623434
