initial_infected_perc,initial_immune_perc,length,height,population_size,contagion_distance,critical_limit,amp_susc,amp_rec,amp_inf,response
0.06033991807788719,0.07859383582372094,100,100,118,5,0.05,7.08028183805947,11.661604948068442,11.382284688429323,0.07498513031814598
