initial_infected_perc,initial_immune_perc,length,height,population_size,contagion_distance,critical_limit,amp_susc,amp_rec,amp_inf,response
0.016987005800629174,0.061236057580008996,100,100,118,5,0.05,19.18603377699516,9.596782066342808,11.00817305243077,0.06510483530770196
