initial_infected_perc,initial_immune_perc,length,height,population_size,contagion_distance,critical_limit,amp_susc,amp_rec,amp_inf,response
0.09566656674493466,0.05123904159459636,100,100,118,5,0.05,13.715621248240437,4.852505930479609,15.66104757847137,0.2934744840763691
