initial_infected_perc,initial_immune_perc,length,height,population_size,contagion_distance,critical_limit,amp_susc,amp_rec,amp_inf,response
0.0186171904896714,0.00979282808192422,100,100,118,5,0.05,1.8550541038867907,9.452065189250558,13.201585419865449,0.018015587664554664
