initial_infected_perc,initial_immune_perc,length,height,population_size,contagion_distance,critical_limit,amp_susc,amp_rec,amp_inf,response
0.022441225397600597,0.009659390282808811,100,100,118,5,0.05,0.9251261305878344,16.94664738633613,5.217770795199234,0.09927306750628194
