initial_infected_perc,initial_immune_perc,length,height,population_size,contagion_distance,critical_limit,amp_susc,amp_rec,amp_inf,response
0.0543667047209476,0.03407508584276482,100,100,118,5,0.05,7.2764458526974,0.6007628602950521,0.0852964471553741,0.03683234303534801
