initial_infected_perc,initial_immune_perc,length,height,population_size,contagion_distance,critical_limit,amp_susc,amp_rec,amp_inf,response
0.058205795182185265,0.017086894489187123,100,100,118,5,0.05,17.07583064853701,5.015688551858668,10.663770201268296,0.06230826621487433
