initial_infected_perc,initial_immune_perc,length,height,population_size,contagion_distance,critical_limit,amp_susc,amp_rec,amp_inf,response
0.012083538903720714,0.026944207914490627,100,100,118,5,0.05,12.252270971771122,17.709089359248352,5.13308417325149,0.01201449619196685
