initial_infected_perc,initial_immune_perc,length,height,population_size,contagion_distance,critical_limit,amp_susc,amp_rec,amp_inf,response
0.024360570072337297,0.09681849756819012,100,100,118,5,0.05,6.596990005717052,8.592196331115892,7.642252840898546,0.15370870334775819
