initial_infected_perc,initial_immune_perc,length,height,population_size,contagion_distance,critical_limit,amp_susc,amp_rec,amp_inf,response
0.0864735131349999,0.031140905858996704,100,100,118,5,0.05,2.9666641732858445,13.564228999780102,0.23059078075253092,0.2893327952586621
