initial_infected_perc,initial_immune_perc,length,height,population_size,contagion_distance,critical_limit,amp_susc,amp_rec,amp_inf,response
0.0692538192779708,0.07225960678806667,100,100,118,5,0.05,18.090447751601737,16.863111579076453,10.443504469310392,0.27142081484650665
