initial_infected_perc,initial_immune_perc,length,height,population_size,contagion_distance,critical_limit,amp_susc,amp_rec,amp_inf,response
0.06757332765125114,0.08546095422860436,100,100,118,5,0.05,14.106234004681347,3.7996708692982484,3.1774032047690315,0.24492453155860772
