initial_infected_perc,initial_immune_perc,length,height,population_size,contagion_distance,critical_limit,amp_susc,amp_rec,amp_inf,response
0.0329738315599258,0.09212235731165076,100,100,118,5,0.05,18.30851664522293,5.61501358273246,9.286944421355582,0.2683737874432797
