initial_infected_perc,initial_immune_perc,length,height,population_size,contagion_distance,critical_limit,amp_susc,amp_rec,amp_inf,response
0.09208507973595823,0.0367643344489633,100,100,118,5,0.05,8.888868261083312,7.413222744147394,2.7611340753682745,0.12430194148759599
