initial_infected_perc,initial_immune_perc,length,height,population_size,contagion_distance,critical_limit,amp_susc,amp_rec,amp_inf,response
0.0219933608956849,0.051443357582304707,100,100,118,5,0.05,14.156419643863803,16.93072869621161,5.405565483195627,0.013170688004611663
