initial_infected_perc,initial_immune_perc,length,height,population_size,contagion_distance,critical_limit,amp_susc,amp_rec,amp_inf,response
0.08806616957629193,0.055462142311906305,100,100,118,5,0.05,15.644928868374144,18.87056230317758,19.378278260562855,0.1351673659283609
