initial_infected_perc,initial_immune_perc,length,height,population_size,contagion_distance,critical_limit,amp_susc,amp_rec,amp_inf,response
0.08330211721363141,0.0500936048648478,100,100,118,5,0.05,2.604695148072753,7.510279187107853,15.6918613420266,0.17174825125695592
