initial_infected_perc,initial_immune_perc,length,height,population_size,contagion_distance,critical_limit,amp_susc,amp_rec,amp_inf,response
0.007044578914219369,0.02694175827569514,100,100,118,5,0.05,1.1230664832082238,16.582323066396654,8.539330654095005,0.09754747229941067
