initial_infected_perc,initial_immune_perc,length,height,population_size,contagion_distance,critical_limit,amp_susc,amp_rec,amp_inf,response
0.06805999273882955,0.06098566416075542,100,100,118,5,0.05,3.2617313406438986,8.902768490413708,18.220894640653068,0.20080088963433987
