initial_infected_perc,initial_immune_perc,length,height,population_size,contagion_distance,critical_limit,amp_susc,amp_rec,amp_inf,response
0.09361649217528807,0.005733414964795603,100,100,118,5,0.05,12.603369188137286,11.13738982610318,6.994741453785613,0.2533445900273262
