initial_infected_perc,initial_immune_perc,length,height,population_size,contagion_distance,critical_limit,amp_susc,amp_rec,amp_inf,response
0.02896468565619911,0.012638068946668213,100,100,118,5,0.05,11.45394905637492,8.887328122667792,4.5718825654449,0.009125340628432422
