initial_infected_perc,initial_immune_perc,length,height,population_size,contagion_distance,critical_limit,amp_susc,amp_rec,amp_inf,response
0.09366635510104096,0.039201902514310716,100,100,118,5,0.05,18.93576311629878,3.6160289976844195,6.461134015720771,0.01644397410029823
