initial_infected_perc,initial_immune_perc,length,height,population_size,contagion_distance,critical_limit,amp_susc,amp_rec,amp_inf,response
0.09305210548699125,0.08946494086075685,100,100,118,5,0.05,11.682639870243822,16.915216814473858,18.766703271087234,0.19397655343246495
