initial_infected_perc,initial_immune_perc,length,height,population_size,contagion_distance,critical_limit,amp_susc,amp_rec,amp_inf,response
0.049447147903572755,0.05042583938275907,100,100,118,5,0.05,13.392329038955653,15.23395634415843,9.552291945141109,0.11423153441979922
