initial_infected_perc,initial_immune_perc,length,height,population_size,contagion_distance,critical_limit,amp_susc,amp_rec,amp_inf,response
0.030924456691628324,0.09822773961558443,100,100,118,5,0.05,5.2269473444746195,15.070242473189177,0.11774600896950371,0.28896664578796094
