initial_infected_perc,initial_immune_perc,length,height,population_size,contagion_distance,critical_limit,amp_susc,amp_rec,amp_inf,response
0.04894925372211744,0.0056730974645453625,100,100,118,5,0.05,16.56808396937677,14.593722139385143,9.715459674536158,0.06609296796537169
