initial_infected_perc,initial_immune_perc,length,height,population_size,contagion_distance,critical_limit,amp_susc,amp_rec,amp_inf,response
0.0223436962309869,0.08797193876560594,100,100,118,5,0.05,17.36144709332035,0.5309732232241782,9.547530968533735,0.20299978056115153
