initial_infected_perc,initial_immune_perc,length,height,population_size,contagion_distance,critical_limit,amp_susc,amp_rec,amp_inf,response
0.08897604831389339,0.08177922215735384,100,100,118,5,0.05,18.95564991032556,8.371220669345405,15.757827130335079,0.07560420945816994
