initial_infected_perc,initial_immune_perc,length,height,population_size,contagion_distance,critical_limit,amp_susc,amp_rec,amp_inf,response
0.09384389875135571,0.06883787649026288,100,100,118,5,0.05,8.48560002136418,8.066007101462635,17.74587817428428,0.09125692914404882
