initial_infected_perc,initial_immune_perc,length,height,population_size,contagion_distance,critical_limit,amp_susc,amp_rec,amp_inf,response
0.004037152768829134,0.06938940794712763,100,100,118,5,0.05,10.557821623593375,12.633061197010056,11.053748482746128,0.06280918730435953
