initial_infected_perc,initial_immune_perc,length,height,population_size,contagion_distance,critical_limit,amp_susc,amp_rec,amp_inf,response
0.04252265592246804,0.08679817736548165,100,100,118,5,0.05,9.904727705303458,0.4047175801984704,4.878632736273252,0.06641449401492601
