initial_infected_perc,initial_immune_perc,length,height,population_size,contagion_distance,critical_limit,amp_susc,amp_rec,amp_inf,response
0.04378146685718792,0.00098698025700783,100,100,118,5,0.05,19.581890910279153,9.13827930114861,11.81727715121797,0.2393232488722533
