initial_infected_perc,initial_immune_perc,length,height,population_size,contagion_distance,critical_limit,amp_susc,amp_rec,amp_inf,response
0.07321345861959476,0.022507761243589965,100,100,118,5,0.05,6.396741398327075,1.4381884286097413,13.15212911253174,0.17839900075555964
