initial_infected_perc,initial_immune_perc,length,height,population_size,contagion_distance,critical_limit,amp_susc,amp_rec,amp_inf,response
0.04159284707763029,0.0322343785057956,100,100,118,5,0.05,10.752799859443236,14.580482704178577,6.17747263688006,0.036310063372689556
