initial_infected_perc,initial_immune_perc,length,height,population_size,contagion_distance,critical_limit,amp_susc,amp_rec,amp_inf,response
0.09603658045916341,0.02351925638132009,100,100,118,5,0.05,17.260361025210013,6.605373516161295,19.547021742820764,0.04867117502705319
