initial_infected_perc,initial_immune_perc,length,height,population_size,contagion_distance,critical_limit,amp_susc,amp_rec,amp_inf,response
0.052951773030033414,0.08832815122205101,100,100,118,5,0.05,1.9757544863747123,9.419061247714982,19.457383122407293,0.13841808440151526
