initial_infected_perc,initial_immune_perc,length,height,population_size,contagion_distance,critical_limit,amp_susc,amp_rec,amp_inf,response
0.08947042843165448,0.09809353534220008,100,100,118,5,0.05,2.7017606636914704,4.867629620228073,8.920193263650166,0.1158443651310983
