initial_infected_perc,initial_immune_perc,length,height,population_size,contagion_distance,critical_limit,amp_susc,amp_rec,amp_inf,response
0.03703671737954665,0.039531965691073256,100,100,118,5,0.05,2.2792987096199213,19.06234400763901,19.48909149416809,0.03988490924534038
