initial_infected_perc,initial_immune_perc,length,height,population_size,contagion_distance,critical_limit,amp_susc,amp_rec,amp_inf,response
0.027289957240884788,0.09960223923902323,100,100,118,5,0.05,4.502485337795141,2.087398004116625,1.2159495054132563,0.032622697254431406
