initial_infected_perc,initial_immune_perc,length,height,population_size,contagion_distance,critical_limit,amp_susc,amp_rec,amp_inf,response
0.07196919112604054,0.06261586663278217,100,100,118,5,0.05,14.457787358683413,18.632325511311755,15.681710168240164,0.008648499313447989
