initial_infected_perc,initial_immune_perc,length,height,population_size,contagion_distance,critical_limit,amp_susc,amp_rec,amp_inf,response
0.04872491505876919,0.06407779477379646,100,100,118,5,0.05,1.1284751797833725,3.0904083157314988,14.691297742040403,0.11054054930397368
