initial_infected_perc,initial_immune_perc,length,height,population_size,contagion_distance,critical_limit,amp_susc,amp_rec,amp_inf,response
0.0894771828210991,0.009932120500396137,100,100,118,5,0.05,11.08735275862702,11.019726583943212,2.5737463963515372,0.16241083826738864
