initial_infected_perc,initial_immune_perc,length,height,population_size,contagion_distance,critical_limit,amp_susc,amp_rec,amp_inf,response
0.0880448657002827,0.08917412690279129,100,100,118,5,0.05,16.388790647308575,16.340045691617703,13.908827473267685,0.2733086697115813
