initial_infected_perc,initial_immune_perc,length,height,population_size,contagion_distance,critical_limit,amp_susc,amp_rec,amp_inf,response
0.037697563413031626,0.046822372693484965,100,100,118,5,0.05,3.708152966525984,4.818308531676032,18.540778974117707,0.12257445050264343
