initial_infected_perc,initial_immune_perc,length,height,population_size,contagion_distance,critical_limit,amp_susc,amp_rec,amp_inf,response
0.042383258794181505,0.09509856386699016,100,100,118,5,0.05,10.819727134175528,9.272785310583922,9.078484855345412,0.054319660854239706
