initial_infected_perc,initial_immune_perc,length,height,population_size,contagion_distance,critical_limit,amp_susc,amp_rec,amp_inf,response
0.08514561997068587,0.03205135213648541,100,100,118,5,0.05,10.267713632409492,7.546351416430436,3.7189210303215603,0.09349669244110338
