initial_infected_perc,initial_immune_perc,length,height,population_size,contagion_distance,critical_limit,amp_susc,amp_rec,amp_inf,response
0.07973611621512182,0.08456205846619701,100,100,118,5,0.05,9.69277482039434,1.7157859612095616,18.715839244986455,0.1089311475771044
