initial_infected_perc,initial_immune_perc,length,height,population_size,contagion_distance,critical_limit,amp_susc,amp_rec,amp_inf,response
0.09153702572128672,0.006566462055307565,100,100,118,5,0.05,18.16661914406684,18.059530936841877,12.249946193221534,0.03607276207444355
