initial_infected_perc,initial_immune_perc,length,height,population_size,contagion_distance,critical_limit,amp_susc,amp_rec,amp_inf,response
0.010996448529547065,0.08113703094136088,100,100,118,5,0.05,19.91081303637213,5.600633338292544,10.661508815987947,0.1564863613481452
