initial_infected_perc,initial_immune_perc,length,height,population_size,contagion_distance,critical_limit,amp_susc,amp_rec,amp_inf,response
0.027052272915678223,0.03697293079542196,100,100,118,5,0.05,17.991057038008517,13.596082960755435,8.552771310723537,0.14207286961800275
