initial_infected_perc,initial_immune_perc,length,height,population_size,contagion_distance,critical_limit,amp_susc,amp_rec,amp_inf,response
0.015737300049131788,0.032301784671148304,100,100,118,5,0.05,16.30666213955748,3.7270874458651915,8.303593236520008,0.2610470137649114
