initial_infected_perc,initial_immune_perc,length,height,population_size,contagion_distance,critical_limit,amp_susc,amp_rec,amp_inf,response
0.07109248784390397,0.0017011471496338416,100,100,118,5,0.05,19.57507130276855,9.571606521195854,19.917232230773262,0.24710415602724237
