initial_infected_perc,initial_immune_perc,length,height,population_size,contagion_distance,critical_limit,amp_susc,amp_rec,amp_inf,response
0.0855791254356727,0.006360318574898083,100,100,118,5,0.05,4.743246595134019,17.29436362675144,16.117314525422444,0.20691124322541884
