initial_infected_perc,initial_immune_perc,length,height,population_size,contagion_distance,critical_limit,amp_susc,amp_rec,amp_inf,response
0.050383153467050856,0.05253337518729319,100,100,118,5,0.05,6.033855580075849,1.1069550588429933,16.278071235466104,0.27883995701751957
