initial_infected_perc,initial_immune_perc,length,height,population_size,contagion_distance,critical_limit,amp_susc,amp_rec,amp_inf,response
0.042178349023358166,0.07006795067956179,100,100,118,5,0.05,14.28298850285,2.4094852284075396,11.317840330790368,0.026092822621001453
