initial_infected_perc,initial_immune_perc,length,height,population_size,contagion_distance,critical_limit,amp_susc,amp_rec,amp_inf,response
0.06731697301059104,0.09956311491409747,100,100,118,5,0.05,19.4564895656249,13.190338028356386,6.162995485601279,0.11256410544817111
