initial_infected_perc,initial_immune_perc,length,height,population_size,contagion_distance,critical_limit,amp_susc,amp_rec,amp_inf,response
0.05562850564538039,0.0762330580402601,100,100,118,5,0.05,7.942733501622574,13.828399939458738,11.665441089128956,0.001728395460730392
