initial_infected_perc,initial_immune_perc,length,height,population_size,contagion_distance,critical_limit,amp_susc,amp_rec,amp_inf,response
0.05860879687127967,0.09999621857265917,100,100,118,5,0.05,9.177101293422325,6.506552697557508,6.648425564953047,0.27962793682149345
