initial_infected_perc,initial_immune_perc,length,height,population_size,contagion_distance,critical_limit,amp_susc,amp_rec,amp_inf,response
0.037021862552806074,0.07684288141667894,100,100,118,5,0.05,13.172266758627604,5.94759753639538,5.722784344431524,0.29277921803107393
