initial_infected_perc,initial_immune_perc,length,height,population_size,contagion_distance,critical_limit,amp_susc,amp_rec,amp_inf,response
0.016096011517728073,0.0375656351497744,100,100,118,5,0.05,2.9091456818234485,7.759248352970514,12.299632169576562,0.15905470325161672
