initial_infected_perc,initial_immune_perc,length,height,population_size,contagion_distance,critical_limit,amp_susc,amp_rec,amp_inf,response
0.04331955089783013,0.028578159578545228,100,100,118,5,0.05,8.70534611108938,6.747774490540078,15.31324842207884,0.13037003223208476
