initial_infected_perc,initial_immune_perc,length,height,population_size,contagion_distance,critical_limit,amp_susc,amp_rec,amp_inf,response
0.03985349579420747,0.019823311575185888,100,100,118,5,0.05,9.222598120640495,17.498797968104636,15.07429877163907,0.07342238308099903
