initial_infected_perc,initial_immune_perc,length,height,population_size,contagion_distance,critical_limit,amp_susc,amp_rec,amp_inf,response
0.05327226253487192,0.005191669695182722,100,100,118,5,0.05,8.950508535539615,9.85499271916552,7.842578999552956,0.2283809469741636
