initial_infected_perc,initial_immune_perc,length,height,population_size,contagion_distance,critical_limit,amp_susc,amp_rec,amp_inf,response
0.08664208759424682,0.011611848985989848,100,100,118,5,0.05,19.86093795893859,18.723832640448737,15.93296488837442,0.14868083102216087
