initial_infected_perc,initial_immune_perc,length,height,population_size,contagion_distance,critical_limit,amp_susc,amp_rec,amp_inf,response
0.033559333571756625,0.09688574319471166,100,100,118,5,0.05,9.68919903567249,18.68207035340899,5.016961128077321,0.03358541122474279
