initial_infected_perc,initial_immune_perc,length,height,population_size,contagion_distance,critical_limit,amp_susc,amp_rec,amp_inf,response
0.06808022932869316,0.06538584302625726,100,100,118,5,0.05,19.394757495755595,6.765679545121033,15.660722620801788,0.19632907058648488
