initial_infected_perc,initial_immune_perc,length,height,population_size,contagion_distance,critical_limit,amp_susc,amp_rec,amp_inf,response
0.09053486818431433,0.04021594355125242,100,100,118,5,0.05,6.1764329573481325,9.94478303926978,5.776383961459414,0.0017537948921974578
