initial_infected_perc,initial_immune_perc,length,height,population_size,contagion_distance,critical_limit,amp_susc,amp_rec,amp_inf,response
0.07373784248832825,0.0276066994040458,100,100,118,5,0.05,14.470351557052126,4.710891321992503,5.534260259150788,0.06543007426610961
