initial_infected_perc,initial_immune_perc,length,height,population_size,contagion_distance,critical_limit,amp_susc,amp_rec,amp_inf,response
0.06927071730423136,0.09581089898199283,100,100,118,5,0.05,9.913406214545049,14.82066481266611,16.195724025862376,0.09061130453122032
