initial_infected_perc,initial_immune_perc,length,height,population_size,contagion_distance,critical_limit,amp_susc,amp_rec,amp_inf,response
0.017159815653690114,0.04942478545850215,100,100,118,5,0.05,18.58081055002171,11.181896355104065,6.915663763588549,0.0006920388222619422
