initial_infected_perc,initial_immune_perc,length,height,population_size,contagion_distance,critical_limit,amp_susc,amp_rec,amp_inf,response
0.09715095723752659,0.06548182659424262,100,100,118,5,0.05,8.65458224063529,7.9442044442279585,19.608952312088302,0.2884037026513429
