initial_infected_perc,initial_immune_perc,length,height,population_size,contagion_distance,critical_limit,amp_susc,amp_rec,amp_inf,response
0.08100482475661155,0.059512469854985255,100,100,118,5,0.05,13.975183886281153,17.66015185127927,0.4984499756144323,0.1861320022855055
