initial_infected_perc,initial_immune_perc,length,height,population_size,contagion_distance,critical_limit,amp_susc,amp_rec,amp_inf,response
0.08765353243436041,0.05208110873726403,100,100,118,5,0.05,1.647231989724014,10.3213202910092,10.831797811983183,0.17654551810018512
