initial_infected_perc,initial_immune_perc,length,height,population_size,contagion_distance,critical_limit,amp_susc,amp_rec,amp_inf,response
0.0654730657287279,0.03700633710278546,100,100,118,5,0.05,17.988399920610078,7.995385398663039,10.470292160012951,0.16571145724224617
