initial_infected_perc,initial_immune_perc,length,height,population_size,contagion_distance,critical_limit,amp_susc,amp_rec,amp_inf,response
0.007048736347932938,0.008885756554495706,100,100,118,5,0.05,13.759104633287846,7.722064260228489,6.404996358743837,0.14453377508619655
