initial_infected_perc,initial_immune_perc,length,height,population_size,contagion_distance,critical_limit,amp_susc,amp_rec,amp_inf,response
0.0860584551800352,0.03793909906655371,100,100,118,5,0.05,3.2342064250885394,19.840734431105734,2.301224544626108,0.21775652897350434
