initial_infected_perc,initial_immune_perc,length,height,population_size,contagion_distance,critical_limit,amp_susc,amp_rec,amp_inf,response
0.08650465832728374,0.05925932425550893,100,100,118,5,0.05,10.036816413407424,1.8512540094872088,3.2436661856153215,0.10123478523137248
