initial_infected_perc,initial_immune_perc,length,height,population_size,contagion_distance,critical_limit,amp_susc,amp_rec,amp_inf,response
0.029412697634371144,0.0714178318668189,100,100,118,5,0.05,17.853278806276535,11.423407509798672,9.134647523017613,0.03616044612643404
