initial_infected_perc,initial_immune_perc,length,height,population_size,contagion_distance,critical_limit,amp_susc,amp_rec,amp_inf,response
0.02742704087187542,0.09336946593829283,100,100,118,5,0.05,0.4295437934322788,9.866798405506321,3.3465565465995195,0.2904118890762557
