initial_infected_perc,initial_immune_perc,length,height,population_size,contagion_distance,critical_limit,amp_susc,amp_rec,amp_inf,response
0.026344514738615654,0.04064513917926155,100,100,118,5,0.05,3.2038022733397153,7.496806292692857,18.66952528368246,0.14386987471322715
