initial_infected_perc,initial_immune_perc,length,height,population_size,contagion_distance,critical_limit,amp_susc,amp_rec,amp_inf,response
0.09146195532906187,0.02835305381887401,100,100,118,5,0.05,17.199142672913858,11.290819709722603,5.9641523969240495,0.2185791819529271
