initial_infected_perc,initial_immune_perc,length,height,population_size,contagion_distance,critical_limit,amp_susc,amp_rec,amp_inf,response
0.032522418960751524,0.0020613686427585656,100,100,118,5,0.05,12.562616405420684,11.609032325699697,9.039950358590223,0.2446610227892899
