initial_infected_perc,initial_immune_perc,length,height,population_size,contagion_distance,critical_limit,amp_susc,amp_rec,amp_inf,response
0.022946571628877532,0.0672115107551443,100,100,118,5,0.05,16.715733518919812,12.1491000225178,14.329408903459512,0.06938201715310886
