initial_infected_perc,initial_immune_perc,length,height,population_size,contagion_distance,critical_limit,amp_susc,amp_rec,amp_inf,response
0.03558875653584388,0.041749044432436024,100,100,118,5,0.05,16.83709227367189,1.0964842332562696,14.156540540614415,0.22018503148032112
