initial_infected_perc,initial_immune_perc,length,height,population_size,contagion_distance,critical_limit,amp_susc,amp_rec,amp_inf,response
0.09874010822679201,0.02239978946470882,100,100,118,5,0.05,6.192262441191061,12.490876535618282,7.521975563137564,0.017243456998171623
