initial_infected_perc,initial_immune_perc,length,height,population_size,contagion_distance,critical_limit,amp_susc,amp_rec,amp_inf,response
0.05699690240764857,0.07144711790936338,100,100,118,5,0.05,11.845597723021474,19.363651993351098,3.202633735278657,0.2405091698950144
