initial_infected_perc,initial_immune_perc,length,height,population_size,contagion_distance,critical_limit,amp_susc,amp_rec,amp_inf,response
0.0511402855651273,0.038083131014297625,100,100,118,5,0.05,4.082940449782386,11.57646858704757,12.716571809354498,0.2701432899454442
