initial_infected_perc,initial_immune_perc,length,height,population_size,contagion_distance,critical_limit,amp_susc,amp_rec,amp_inf,response
0.02037038958924573,0.061331101551004234,100,100,118,5,0.05,13.498195225927514,17.02883197904701,3.1935341561284725,0.05494156386751276
