initial_infected_perc,initial_immune_perc,length,height,population_size,contagion_distance,critical_limit,amp_susc,amp_rec,amp_inf,response
0.024495771233866037,0.07264158682334687,100,100,118,5,0.05,11.489985727880294,17.58513510739451,9.440633228766002,0.16503619383607945
