initial_infected_perc,initial_immune_perc,length,height,population_size,contagion_distance,critical_limit,amp_susc,amp_rec,amp_inf,response
0.0336577767924962,0.014967876634945032,100,100,118,5,0.05,1.5016496156230486,1.2798847922674605,12.945307111602027,0.2532851947795076
