initial_infected_perc,initial_immune_perc,length,height,population_size,contagion_distance,critical_limit,amp_susc,amp_rec,amp_inf,response
0.04287161330038713,0.09452896330216025,100,100,118,5,0.05,8.632875261835547,4.864771772058363,18.254005808585063,0.13904117562676768
