initial_infected_perc,initial_immune_perc,length,height,population_size,contagion_distance,critical_limit,amp_susc,amp_rec,amp_inf,response
0.08323784221766303,0.028137768330762182,100,100,118,5,0.05,16.598912614273985,15.331618419413594,14.78689227954273,0.17860197252870008
