initial_infected_perc,initial_immune_perc,length,height,population_size,contagion_distance,critical_limit,amp_susc,amp_rec,amp_inf,response
0.0688299222023166,0.06874438085645175,100,100,118,5,0.05,5.820573816207551,8.914307032042943,4.568229260303429,0.21457265692834065
