initial_infected_perc,initial_immune_perc,length,height,population_size,contagion_distance,critical_limit,amp_susc,amp_rec,amp_inf,response
0.08855190333710933,0.0027695932077406726,100,100,118,5,0.05,5.519503997451074,12.575665392112052,3.943316657258007,0.28928646501695454
