initial_infected_perc,initial_immune_perc,length,height,population_size,contagion_distance,critical_limit,amp_susc,amp_rec,amp_inf,response
0.018907053611911386,0.014263423752694805,100,100,118,5,0.05,4.3412442846800054,16.044469321390444,8.700167083484676,0.05976685102712309
