initial_infected_perc,initial_immune_perc,length,height,population_size,contagion_distance,critical_limit,amp_susc,amp_rec,amp_inf,response
0.027442173738096456,0.05013050108015893,100,100,118,5,0.05,3.6477654055962794,15.629167372427034,9.51544225271013,0.23260725364196222
