initial_infected_perc,initial_immune_perc,length,height,population_size,contagion_distance,critical_limit,amp_susc,amp_rec,amp_inf,response
0.0997978258736037,0.09106007423685236,100,100,118,5,0.05,11.064583146791037,18.65433335231587,5.938232571174986,0.13637204322436147
