initial_infected_perc,initial_immune_perc,length,height,population_size,contagion_distance,critical_limit,amp_susc,amp_rec,amp_inf,response
0.08805876992541867,0.047978751893946736,100,100,118,5,0.05,1.0622564947978552,18.461823377419027,3.776208586544738,0.11398344672476719
