initial_infected_perc,initial_immune_perc,length,height,population_size,contagion_distance,critical_limit,amp_susc,amp_rec,amp_inf,response
0.00838060548434053,0.06031799458778067,100,100,118,5,0.05,18.024091280479166,13.76387962959134,9.927541631292737,0.12729786234480653
