initial_infected_perc,initial_immune_perc,length,height,population_size,contagion_distance,critical_limit,amp_susc,amp_rec,amp_inf,response
0.07500365408345039,0.08100482972217776,100,100,118,5,0.05,4.904565240225313,16.68480475973937,12.939025926195276,0.15452665553693487
