initial_infected_perc,initial_immune_perc,length,height,population_size,contagion_distance,critical_limit,amp_susc,amp_rec,amp_inf,response
0.03888635559819725,0.09443868232544309,100,100,118,5,0.05,12.433640188384214,13.754917267325837,7.0479931040808586,0.29551965911256056
