initial_infected_perc,initial_immune_perc,length,height,population_size,contagion_distance,critical_limit,amp_susc,amp_rec,amp_inf,response
0.004743709782655437,0.04101876685882198,100,100,118,5,0.05,17.60407722611664,14.466901749414605,8.778615137506634,0.1423042255222358
