initial_infected_perc,initial_immune_perc,length,height,population_size,contagion_distance,critical_limit,amp_susc,amp_rec,amp_inf,response
0.049972297322620984,0.09584581875558978,100,100,118,5,0.05,18.11652798278603,18.573644383240946,1.9290656175467569,0.29836146217484233
