initial_infected_perc,initial_immune_perc,length,height,population_size,contagion_distance,critical_limit,amp_susc,amp_rec,amp_inf,response
0.036741402024209883,0.04695588293865477,100,100,118,5,0.05,19.662555745337855,3.861406677839898,14.59211522021889,0.19434313686396135
