initial_infected_perc,initial_immune_perc,length,height,population_size,contagion_distance,critical_limit,amp_susc,amp_rec,amp_inf,response
0.09553252178841794,0.02373679700658884,100,100,118,5,0.05,19.050087484465788,11.528692972475111,7.365721483864118,0.2912995279212569
