initial_infected_perc,initial_immune_perc,length,height,population_size,contagion_distance,critical_limit,amp_susc,amp_rec,amp_inf,response
0.048915662966007405,0.09341994703846322,100,100,118,5,0.05,14.719016451528068,3.3466234143028584,8.7213141326366,0.035353239164985374
