initial_infected_perc,initial_immune_perc,length,height,population_size,contagion_distance,critical_limit,amp_susc,amp_rec,amp_inf,response
0.07375488494364515,0.06902231548736369,100,100,118,5,0.05,12.398746107770926,6.5237074834543485,4.079268694976643,0.20788911463677517
