initial_infected_perc,initial_immune_perc,length,height,population_size,contagion_distance,critical_limit,amp_susc,amp_rec,amp_inf,response
0.04683872312091395,0.0707019721391499,100,100,118,5,0.05,0.7580911347793329,5.105257170365151,17.92841002677048,0.15144850415809127
