initial_infected_perc,initial_immune_perc,length,height,population_size,contagion_distance,critical_limit,amp_susc,amp_rec,amp_inf,response
0.048953492227860475,0.03653281427264745,100,100,118,5,0.05,6.757544721344528,1.4747537656293064,5.449887684106596,0.009517946232550178
