initial_infected_perc,initial_immune_perc,length,height,population_size,contagion_distance,critical_limit,amp_susc,amp_rec,amp_inf,response
0.09626819163704892,0.058837840999262626,100,100,118,5,0.05,0.6529418736506498,18.654964392769735,7.479725098833818,0.16349694424154906
