initial_infected_perc,initial_immune_perc,length,height,population_size,contagion_distance,critical_limit,amp_susc,amp_rec,amp_inf,response
0.0020327419117966983,0.09235746753065091,100,100,118,5,0.05,5.008082428143405,14.15944869498121,10.810953138983614,0.22663395362849525
