initial_infected_perc,initial_immune_perc,length,height,population_size,contagion_distance,critical_limit,amp_susc,amp_rec,amp_inf,response
0.06275931600450478,0.09466092510560377,100,100,118,5,0.05,9.444979638273143,18.150194691761868,17.926098764435224,0.03406271248721795
