initial_infected_perc,initial_immune_perc,length,height,population_size,contagion_distance,critical_limit,amp_susc,amp_rec,amp_inf,response
0.06176218248353213,0.01672172846314456,100,100,118,5,0.05,17.53137194179739,7.475642029970249,11.606382695936936,0.17613765135802642
