initial_infected_perc,initial_immune_perc,length,height,population_size,contagion_distance,critical_limit,amp_susc,amp_rec,amp_inf,response
0.088146544571097,0.07403322732302574,100,100,118,5,0.05,11.38737191913879,16.98487179807907,1.514320267326561,0.0015932835682194834
