initial_infected_perc,initial_immune_perc,length,height,population_size,contagion_distance,critical_limit,amp_susc,amp_rec,amp_inf,response
0.08979670731766091,0.06718266469587399,100,100,118,5,0.05,13.281701381418527,8.818440573363882,9.105512543941835,0.035087402401963196
