initial_infected_perc,initial_immune_perc,length,height,population_size,contagion_distance,critical_limit,amp_susc,amp_rec,amp_inf,response
0.0035731790211753324,0.08040359805885637,100,100,118,5,0.05,11.144644330588013,13.12148898014333,7.842879624573427,0.06463980858768681
