initial_infected_perc,initial_immune_perc,length,height,population_size,contagion_distance,critical_limit,amp_susc,amp_rec,amp_inf,response
0.08333710241898773,0.03141552597503063,100,100,118,5,0.05,0.9666809341271287,11.956136875311145,13.610931145164926,0.01306611571509031
