initial_infected_perc,initial_immune_perc,length,height,population_size,contagion_distance,critical_limit,amp_susc,amp_rec,amp_inf,response
0.0808999488571262,0.0019457550115090207,100,100,118,5,0.05,13.075324552954065,1.4251810883302163,2.363592674876247,0.15102875819653133
