initial_infected_perc,initial_immune_perc,length,height,population_size,contagion_distance,critical_limit,amp_susc,amp_rec,amp_inf,response
0.09348486006853876,0.04421536675832649,100,100,118,5,0.05,19.821770460696847,1.5430296078197792,6.208738296621988,0.1306703541005526
