initial_infected_perc,initial_immune_perc,length,height,population_size,contagion_distance,critical_limit,amp_susc,amp_rec,amp_inf,response
0.07375606960475022,0.05486468700381075,100,100,118,5,0.05,4.914854721078008,1.8751933549326716,2.6783859422699363,0.2779766526695082
