initial_infected_perc,initial_immune_perc,length,height,population_size,contagion_distance,critical_limit,amp_susc,amp_rec,amp_inf,response
0.06923339746694554,0.03343949249651136,100,100,118,5,0.05,2.7201274287732713,16.914467338351397,15.29790006413255,0.22849180091217658
