initial_infected_perc,initial_immune_perc,length,height,population_size,contagion_distance,critical_limit,amp_susc,amp_rec,amp_inf,response
0.032209285056503334,0.06111742978269796,100,100,118,5,0.05,4.893914152133938,5.136094054048086,7.736011853999612,0.044193583782156966
