initial_infected_perc,initial_immune_perc,length,height,population_size,contagion_distance,critical_limit,amp_susc,amp_rec,amp_inf,response
0.032437529038242985,0.04696046896545966,100,100,118,5,0.05,14.58641056966626,12.325460917599509,14.387261138939584,0.14670557341826038
