initial_infected_perc,initial_immune_perc,length,height,population_size,contagion_distance,critical_limit,amp_susc,amp_rec,amp_inf,response
0.00964624957858441,0.03022907196952106,100,100,118,5,0.05,1.1405705660585608,4.815067627118688,16.419374215473404,0.19746859565525157
