initial_infected_perc,initial_immune_perc,length,height,population_size,contagion_distance,critical_limit,amp_susc,amp_rec,amp_inf,response
0.013363588764033131,0.02739273104395923,100,100,118,5,0.05,0.9517454644121592,10.013239346211941,4.946063275613315,0.21884131520063724
