initial_infected_perc,initial_immune_perc,length,height,population_size,contagion_distance,critical_limit,amp_susc,amp_rec,amp_inf,response
0.02956511357168188,0.05883895730324115,100,100,118,5,0.05,0.8336372051217378,13.092270405931039,2.427395746028891,0.03448854094495008
