initial_infected_perc,initial_immune_perc,length,height,population_size,contagion_distance,critical_limit,amp_susc,amp_rec,amp_inf,response
0.03178799432967011,0.09086178987607416,100,100,118,5,0.05,11.347617536992292,3.7266424589343106,5.90322811601776,0.09814844950988888
