initial_infected_perc,initial_immune_perc,length,height,population_size,contagion_distance,critical_limit,amp_susc,amp_rec,amp_inf,response
0.020615411037765232,0.04420654350729728,100,100,118,5,0.05,17.526730064726866,16.41500111819535,12.941428796286393,0.19032667132183984
