initial_infected_perc,initial_immune_perc,length,height,population_size,contagion_distance,critical_limit,amp_susc,amp_rec,amp_inf,response
0.012192252247621028,0.07652089373713078,100,100,118,5,0.05,17.427218490205544,13.342436105621777,10.028437211217065,0.026126359079446403
