initial_infected_perc,initial_immune_perc,length,height,population_size,contagion_distance,critical_limit,amp_susc,amp_rec,amp_inf,response
0.061671674094429654,0.09573227970274051,100,100,118,5,0.05,2.964450843581916,0.3527591847812994,17.63812290517042,0.021175600486985968
