initial_infected_perc,initial_immune_perc,length,height,population_size,contagion_distance,critical_limit,amp_susc,amp_rec,amp_inf,response
0.02727969993690457,0.09178398307194449,100,100,118,5,0.05,3.7084857854166087,14.41600731838639,2.075261725515687,0.10309750950744008
