initial_infected_perc,initial_immune_perc,length,height,population_size,contagion_distance,critical_limit,amp_susc,amp_rec,amp_inf,response
0.049958407106080405,0.08909739262509009,100,100,118,5,0.05,11.018360457307821,0.5289461445729682,14.413217987226165,0.007064821473517857
