initial_infected_perc,initial_immune_perc,length,height,population_size,contagion_distance,critical_limit,amp_susc,amp_rec,amp_inf,response
0.03414910334227472,0.08603282153709825,100,100,118,5,0.05,10.18740605074216,10.771419033166525,4.076664322477583,0.23872118187918642
