initial_infected_perc,initial_immune_perc,length,height,population_size,contagion_distance,critical_limit,amp_susc,amp_rec,amp_inf,response
0.04901285482136134,0.007695260913129032,100,100,118,5,0.05,7.993494944111519,3.578222348413571,5.814294189287297,0.0437799854763796
