initial_infected_perc,initial_immune_perc,length,height,population_size,contagion_distance,critical_limit,amp_susc,amp_rec,amp_inf,response
0.04125039201164025,0.06526968279099819,100,100,118,5,0.05,3.362396343054035,2.2647367680211117,3.2261158726566785,0.24629617926328207
