initial_infected_perc,initial_immune_perc,length,height,population_size,contagion_distance,critical_limit,amp_susc,amp_rec,amp_inf,response
0.06957748257556644,0.008041278368122717,100,100,118,5,0.05,3.9433053174708754,15.354536740409612,12.198628350064972,0.06445327835724153
