initial_infected_perc,initial_immune_perc,length,height,population_size,contagion_distance,critical_limit,amp_susc,amp_rec,amp_inf,response
0.023331049289685237,0.018438935283695702,100,100,118,5,0.05,5.369979414715336,9.758954447541598,10.71313631326751,0.28749682241930824
