initial_infected_perc,initial_immune_perc,length,height,population_size,contagion_distance,critical_limit,amp_susc,amp_rec,amp_inf,response
0.017393798331891464,0.06531632264987364,100,100,118,5,0.05,12.862051187165001,11.8122229882133,19.07118994804182,0.1135263077383757
