initial_infected_perc,initial_immune_perc,length,height,population_size,contagion_distance,critical_limit,amp_susc,amp_rec,amp_inf,response
0.010946769535012214,0.08687472427182776,100,100,118,5,0.05,4.756489030660083,1.7703285911029876,0.5575176411094529,0.09249001998765896
