initial_infected_perc,initial_immune_perc,length,height,population_size,contagion_distance,critical_limit,amp_susc,amp_rec,amp_inf,response
0.02174675511900297,0.07205114531474628,100,100,118,5,0.05,2.392815722352426,7.839015107450697,14.54245931810137,0.018474767219797284
