initial_infected_perc,initial_immune_perc,length,height,population_size,contagion_distance,critical_limit,amp_susc,amp_rec,amp_inf,response
0.05499262394547973,0.09835148767790058,100,100,118,5,0.05,1.9997036320264905,7.36638606031206,5.859725348800056,0.0441936331004306
