initial_infected_perc,initial_immune_perc,length,height,population_size,contagion_distance,critical_limit,amp_susc,amp_rec,amp_inf,response
0.047464103968336974,0.09905770842581446,100,100,118,5,0.05,14.630224375807444,1.3504997861985624,11.847745739100677,0.12816215211029816
