initial_infected_perc,initial_immune_perc,length,height,population_size,contagion_distance,critical_limit,amp_susc,amp_rec,amp_inf,response
0.07164113761594192,0.04928658351417094,100,100,118,5,0.05,7.544430623587493,2.5240147587161577,9.117048602996071,0.10111510136944572
