initial_infected_perc,initial_immune_perc,length,height,population_size,contagion_distance,critical_limit,amp_susc,amp_rec,amp_inf,response
0.061765329361051925,0.08049494558334414,100,100,118,5,0.05,6.286553921330289,6.198683189595791,19.130216354926898,0.09113923686626435
