initial_infected_perc,initial_immune_perc,length,height,population_size,contagion_distance,critical_limit,amp_susc,amp_rec,amp_inf,response
0.005400705789594407,0.0572080443031586,100,100,118,5,0.05,19.98640015249814,2.9397761564206837,15.340936787153542,0.11251989442375182
