initial_infected_perc,initial_immune_perc,length,height,population_size,contagion_distance,critical_limit,amp_susc,amp_rec,amp_inf,response
0.029633392365566703,0.010550917737027033,100,100,118,5,0.05,11.23983860377164,5.02688652963438,17.47743826019435,0.19713767433758297
