initial_infected_perc,initial_immune_perc,length,height,population_size,contagion_distance,critical_limit,amp_susc,amp_rec,amp_inf,response
0.03401424988956977,0.08785109675620817,100,100,118,5,0.05,11.11451016012047,12.982015577743695,8.290215194108043,0.28364333577099443
