initial_infected_perc,initial_immune_perc,length,height,population_size,contagion_distance,critical_limit,amp_susc,amp_rec,amp_inf,response
0.019721733858322734,0.05798895925080932,100,100,118,5,0.05,18.645649286668117,16.933036645446947,2.9592678767515856,0.1950442248314273
