initial_infected_perc,initial_immune_perc,length,height,population_size,contagion_distance,critical_limit,amp_susc,amp_rec,amp_inf,response
0.03654978348310114,0.07924172762800376,100,100,118,5,0.05,8.171783881017946,15.768307788780287,14.755829446692433,0.1207377191875304
