initial_infected_perc,initial_immune_perc,length,height,population_size,contagion_distance,critical_limit,amp_susc,amp_rec,amp_inf,response
0.09051011043426033,0.042189508725925,100,100,118,5,0.05,0.6090053846077459,13.72227965997654,8.129735578466304,0.11335170633106928
