initial_infected_perc,initial_immune_perc,length,height,population_size,contagion_distance,critical_limit,amp_susc,amp_rec,amp_inf,response
0.08378017860529607,0.05823821271832073,100,100,118,5,0.05,2.582712914469454,4.8089759722447205,18.499843963851873,0.20010891435381498
