initial_infected_perc,initial_immune_perc,length,height,population_size,contagion_distance,critical_limit,amp_susc,amp_rec,amp_inf,response
0.026414077986138,0.08975684761699744,100,100,118,5,0.05,3.9906119847531563,5.943312389472942,7.9494793680437255,0.2638936945408137
