initial_infected_perc,initial_immune_perc,length,height,population_size,contagion_distance,critical_limit,amp_susc,amp_rec,amp_inf,response
0.09332293703219433,0.05961168651533012,100,100,118,5,0.05,6.8137264496804235,2.2400580637026124,15.249727818297163,0.2419689929923859
