initial_infected_perc,initial_immune_perc,length,height,population_size,contagion_distance,critical_limit,amp_susc,amp_rec,amp_inf,response
0.030227085800196653,0.047842746523935865,100,100,118,5,0.05,18.547673747522147,4.285022620896097,6.716644229272861,0.22185657669851067
