initial_infected_perc,initial_immune_perc,length,height,population_size,contagion_distance,critical_limit,amp_susc,amp_rec,amp_inf,response
0.016439529625558124,0.05833483407100492,100,100,118,5,0.05,4.412499288360687,9.722591834192013,1.439187839366114,0.021298163667179282
