initial_infected_perc,initial_immune_perc,length,height,population_size,contagion_distance,critical_limit,amp_susc,amp_rec,amp_inf,response
0.009235102416050944,0.055480912775096584,100,100,118,5,0.05,7.9719642036298115,6.820791099005296,16.763796482823736,0.20221820687797606
