initial_infected_perc,initial_immune_perc,length,height,population_size,contagion_distance,critical_limit,amp_susc,amp_rec,amp_inf,response
0.08670062843775883,0.049837709853941786,100,100,118,5,0.05,9.624052550191763,1.053038732184497,8.206536610970234,0.15158950422429793
