initial_infected_perc,initial_immune_perc,length,height,population_size,contagion_distance,critical_limit,amp_susc,amp_rec,amp_inf,response
0.03421980038777722,0.0772280069593043,100,100,118,5,0.05,12.198230561306861,6.724815279011818,6.0101313522985915,0.29055794275738817
