initial_infected_perc,initial_immune_perc,length,height,population_size,contagion_distance,critical_limit,amp_susc,amp_rec,amp_inf,response
0.02896016070812657,0.042170823836238984,100,100,118,5,0.05,7.109724558728246,0.7297021481972643,5.598934381573299,0.03155997404843409
