initial_infected_perc,initial_immune_perc,length,height,population_size,contagion_distance,critical_limit,amp_susc,amp_rec,amp_inf,response
0.01959973627229357,0.00960103516371267,100,100,118,5,0.05,7.113853699395327,5.988690514313202,3.950909538562879,0.1319107605998637
