initial_infected_perc,initial_immune_perc,length,height,population_size,contagion_distance,critical_limit,amp_susc,amp_rec,amp_inf,response
0.061815922467958764,0.07274931846232428,100,100,118,5,0.05,8.767873698362648,7.3866930023166555,3.465033604558132,0.07386304815130312
