initial_infected_perc,initial_immune_perc,length,height,population_size,contagion_distance,critical_limit,amp_susc,amp_rec,amp_inf,response
0.06994561697295089,0.03099433258230523,100,100,118,5,0.05,17.968100999296254,14.185574331186057,12.67558208428804,0.13129181201423595
