initial_infected_perc,initial_immune_perc,length,height,population_size,contagion_distance,critical_limit,amp_susc,amp_rec,amp_inf,response
0.03973697943134206,0.09475834291065238,100,100,118,5,0.05,15.254828741657816,9.399395821089392,15.7073046705045,0.05137605861442189
