initial_infected_perc,initial_immune_perc,length,height,population_size,contagion_distance,critical_limit,amp_susc,amp_rec,amp_inf,response
0.017428547756944503,0.09330133765428253,100,100,118,5,0.05,3.387610669263279,7.872286886116049,0.5600504307506182,0.02692418923166576
