initial_infected_perc,initial_immune_perc,length,height,population_size,contagion_distance,critical_limit,amp_susc,amp_rec,amp_inf,response
0.06917092617743269,0.09162137690780257,100,100,118,5,0.05,3.1159213557705723,9.745803720665087,14.08804292196388,0.038696187134125766
