initial_infected_perc,initial_immune_perc,length,height,population_size,contagion_distance,critical_limit,amp_susc,amp_rec,amp_inf,response
0.06287172334101035,0.044486964985750305,100,100,118,5,0.05,0.466841335653263,18.336746325234362,13.430364672232255,0.10613383008763967
