initial_infected_perc,initial_immune_perc,length,height,population_size,contagion_distance,critical_limit,amp_susc,amp_rec,amp_inf,response
0.06295959079787271,0.025834848308865878,100,100,118,5,0.05,5.286566180205692,16.723110264314485,0.3725368100512272,0.2729590362291038
