initial_infected_perc,initial_immune_perc,length,height,population_size,contagion_distance,critical_limit,amp_susc,amp_rec,amp_inf,response
0.0967515257931522,0.06226760465643876,100,100,118,5,0.05,11.446154094312195,3.744749134514771,9.764399273649314,0.06078710288459089
