initial_infected_perc,initial_immune_perc,length,height,population_size,contagion_distance,critical_limit,amp_susc,amp_rec,amp_inf,response
0.029631609523250602,0.008998677141963297,100,100,118,5,0.05,8.220046370288474,18.825910101866913,3.457491008417193,0.17122591490781955
