initial_infected_perc,initial_immune_perc,length,height,population_size,contagion_distance,critical_limit,amp_susc,amp_rec,amp_inf,response
0.032325182108581374,0.08408858993289098,100,100,118,5,0.05,11.313521863865411,11.34618052748511,5.280915807907414,0.09339383360403093
