initial_infected_perc,initial_immune_perc,length,height,population_size,contagion_distance,critical_limit,amp_susc,amp_rec,amp_inf,response
0.0294293181964713,0.08914307420998306,100,100,118,5,0.05,4.798956020529966,0.9693428630956302,3.7874284036994132,0.13311535511337722
