initial_infected_perc,initial_immune_perc,length,height,population_size,contagion_distance,critical_limit,amp_susc,amp_rec,amp_inf,response
0.08907105035695942,0.003282076342840601,100,100,118,5,0.05,9.47387011557137,2.050827272250224,0.5903066725160877,0.14557155260521348
