initial_infected_perc,initial_immune_perc,length,height,population_size,contagion_distance,critical_limit,amp_susc,amp_rec,amp_inf,response
0.03535713558990007,0.09905694400222739,100,100,118,5,0.05,13.797557730757974,1.2913718369329463,11.68821562132338,0.2570633406133896
