initial_infected_perc,initial_immune_perc,length,height,population_size,contagion_distance,critical_limit,amp_susc,amp_rec,amp_inf,response
0.020706518888751538,0.010327339907701107,100,100,118,5,0.05,12.092648454658153,1.0023282081289087,2.3422831239410113,0.15985569991645238
