initial_infected_perc,initial_immune_perc,length,height,population_size,contagion_distance,critical_limit,amp_susc,amp_rec,amp_inf,response
0.061588770631242774,0.08476661779584108,100,100,118,5,0.05,16.033755942993423,0.040365036099621054,8.709270367916899,0.184669464413638
