initial_infected_perc,initial_immune_perc,length,height,population_size,contagion_distance,critical_limit,amp_susc,amp_rec,amp_inf,response
0.03718675049225341,0.012587233888199012,100,100,118,5,0.05,0.7518317194872326,8.165288379472972,17.046181646034192,0.07007141865595722
