initial_infected_perc,initial_immune_perc,length,height,population_size,contagion_distance,critical_limit,amp_susc,amp_rec,amp_inf,response
0.05017246406159988,0.025330812988387352,100,100,118,5,0.05,13.189967701365577,17.44780516164658,9.425490526725165,0.12211774363127068
