initial_infected_perc,initial_immune_perc,length,height,population_size,contagion_distance,critical_limit,amp_susc,amp_rec,amp_inf,response
0.027313139058452174,0.05808935296293665,100,100,118,5,0.05,2.3086238573062667,7.81473911434378,1.4889491903444463,0.13331468729314003
