initial_infected_perc,initial_immune_perc,length,height,population_size,contagion_distance,critical_limit,amp_susc,amp_rec,amp_inf,response
0.04379905866953764,0.06044605018991346,100,100,118,5,0.05,12.075980883329693,14.09797060924447,13.220403463899286,0.272659063653222
