initial_infected_perc,initial_immune_perc,length,height,population_size,contagion_distance,critical_limit,amp_susc,amp_rec,amp_inf,response
0.0070393058716453185,0.007739495955894737,100,100,118,5,0.05,16.698743316625404,2.9246361125976694,3.9451727142907234,0.04800759642072756
