initial_infected_perc,initial_immune_perc,length,height,population_size,contagion_distance,critical_limit,amp_susc,amp_rec,amp_inf,response
0.07893292924016998,0.09670758876829127,100,100,118,5,0.05,2.638570195895076,17.96960830177527,7.2940288157551,0.2394361332274981
