initial_infected_perc,initial_immune_perc,length,height,population_size,contagion_distance,critical_limit,amp_susc,amp_rec,amp_inf,response
0.040009262716555506,0.07088948270522898,100,100,118,5,0.05,0.9227653822428938,3.223872902369531,6.050149780161702,0.10904090870694973
