initial_infected_perc,initial_immune_perc,length,height,population_size,contagion_distance,critical_limit,amp_susc,amp_rec,amp_inf,response
0.057107208133974456,0.0336983592876098,100,100,118,5,0.05,10.62920565481263,2.167703987718903,2.642369112887719,0.18372041770390843
