initial_infected_perc,initial_immune_perc,length,height,population_size,contagion_distance,critical_limit,amp_susc,amp_rec,amp_inf,response
0.04080534513940938,0.0902452028759469,100,100,118,5,0.05,17.53557490371633,15.697264006632473,10.46607175141284,0.2307426358122282
