initial_infected_perc,initial_immune_perc,length,height,population_size,contagion_distance,critical_limit,amp_susc,amp_rec,amp_inf,response
0.027613942046086762,0.05934263024933955,100,100,118,5,0.05,11.63166855005512,4.576073808066427,6.2135879842177495,0.24989911839678197
