initial_infected_perc,initial_immune_perc,length,height,population_size,contagion_distance,critical_limit,amp_susc,amp_rec,amp_inf,response
0.00869779238764713,0.050906070072642154,100,100,118,5,0.05,1.5629190248411406,15.154958647558734,12.527485449394318,0.21118088354851894
