initial_infected_perc,initial_immune_perc,length,height,population_size,contagion_distance,critical_limit,amp_susc,amp_rec,amp_inf,response
0.019551897083992822,0.05003319511855803,100,100,118,5,0.05,19.387160036340315,12.161316820885196,6.390698423205896,0.2809092558442717
