initial_infected_perc,initial_immune_perc,length,height,population_size,contagion_distance,critical_limit,amp_susc,amp_rec,amp_inf,response
0.02822736798187997,5.375673768729384e-05,100,100,118,5,0.05,12.204904208804868,5.311988139087336,6.977336194084636,0.059107037248943894
