initial_infected_perc,initial_immune_perc,length,height,population_size,contagion_distance,critical_limit,amp_susc,amp_rec,amp_inf,response
0.03038204136662137,0.03927689470077218,100,100,118,5,0.05,16.007218603080414,2.3942763234994047,12.368075854442825,0.19022997381908915
