initial_infected_perc,initial_immune_perc,length,height,population_size,contagion_distance,critical_limit,amp_susc,amp_rec,amp_inf,response
0.03959648334071375,0.031589714272526416,100,100,118,5,0.05,17.53620953726368,15.142668973682643,5.358767783404613,0.1658715312967861
