initial_infected_perc,initial_immune_perc,length,height,population_size,contagion_distance,critical_limit,amp_susc,amp_rec,amp_inf,response
0.06515654884318306,0.057284350301676945,100,100,118,5,0.05,17.020637371301834,12.903353381757391,6.860524468277694,0.21433538026364776
