initial_infected_perc,initial_immune_perc,length,height,population_size,contagion_distance,critical_limit,amp_susc,amp_rec,amp_inf,response
0.045434757985599275,0.09908872899601318,100,100,118,5,0.05,19.028445421132872,6.227754050529688,14.82883880016605,0.2111271490795628
