initial_infected_perc,initial_immune_perc,length,height,population_size,contagion_distance,critical_limit,amp_susc,amp_rec,amp_inf,response
0.022586926118658625,0.07473589015950659,100,100,118,5,0.05,2.9195933456382983,19.357515400325195,3.994003925834304,0.23150920798922558
