initial_infected_perc,initial_immune_perc,length,height,population_size,contagion_distance,critical_limit,amp_susc,amp_rec,amp_inf,response
0.02100252431907228,0.030084759939259156,100,100,118,5,0.05,9.284742377149229,17.969750461961226,16.353772237897207,0.07737712870308477
