initial_infected_perc,initial_immune_perc,length,height,population_size,contagion_distance,critical_limit,amp_susc,amp_rec,amp_inf,response
0.023194557530115137,0.00608190852127879,100,100,118,5,0.05,11.979126467239764,3.6505120367772115,12.798867059912872,0.22303601217683536
