initial_infected_perc,initial_immune_perc,length,height,population_size,contagion_distance,critical_limit,amp_susc,amp_rec,amp_inf,response
0.08368832356084102,0.0014081085055149601,100,100,118,5,0.05,13.074278162435249,4.029335402884677,4.206747009536256,0.21009030218239708
