initial_infected_perc,initial_immune_perc,length,height,population_size,contagion_distance,critical_limit,amp_susc,amp_rec,amp_inf,response
0.05127641143230104,0.06007028958298323,100,100,118,5,0.05,3.7387736480625233,10.61073525755263,19.080993243666516,0.24138907853704294
