initial_infected_perc,initial_immune_perc,length,height,population_size,contagion_distance,critical_limit,amp_susc,amp_rec,amp_inf,response
0.09719170799116529,0.045628058118435025,100,100,118,5,0.05,18.67939363145546,13.487171776410115,10.011089633008412,0.2759568034339758
