initial_infected_perc,initial_immune_perc,length,height,population_size,contagion_distance,critical_limit,amp_susc,amp_rec,amp_inf,response
0.0877269780650303,0.011076890181745947,100,100,118,5,0.05,18.49769942404617,18.858892128710274,2.7843635020632873,0.14444964309738292
