initial_infected_perc,initial_immune_perc,length,height,population_size,contagion_distance,critical_limit,amp_susc,amp_rec,amp_inf,response
0.0776459661514886,0.06500881697675169,100,100,118,5,0.05,14.743420673208849,18.798631596595627,16.526187226466746,0.17156146388678292
