initial_infected_perc,initial_immune_perc,length,height,population_size,contagion_distance,critical_limit,amp_susc,amp_rec,amp_inf,response
0.07493680268056475,0.09710281703808331,100,100,118,5,0.05,10.164631826244895,16.38913261089226,2.2828430183920956,0.11501400877038803
