initial_infected_perc,initial_immune_perc,length,height,population_size,contagion_distance,critical_limit,amp_susc,amp_rec,amp_inf,response
0.0036738755447105254,0.04913989223206046,100,100,118,5,0.05,16.413243010600297,1.3163075843212457,9.363396490052317,0.20530554368455636
