initial_infected_perc,initial_immune_perc,length,height,population_size,contagion_distance,critical_limit,amp_susc,amp_rec,amp_inf,response
0.07456454779129316,0.012869448340691836,100,100,118,5,0.05,12.172080977143224,2.027433363917235,16.689109897531186,0.02485520337721513
