initial_infected_perc,initial_immune_perc,length,height,population_size,contagion_distance,critical_limit,amp_susc,amp_rec,amp_inf,response
0.0027205780494390266,0.06127150150870118,100,100,118,5,0.05,1.4711200751537445,3.697641900267188,17.068512806820387,0.00888323732054166
