initial_infected_perc,initial_immune_perc,length,height,population_size,contagion_distance,critical_limit,amp_susc,amp_rec,amp_inf,response
0.09769411841704864,0.05131291530162901,100,100,118,5,0.05,11.97512661901385,9.569407031664616,8.279743742134986,0.19110129897453096
