initial_infected_perc,initial_immune_perc,length,height,population_size,contagion_distance,critical_limit,amp_susc,amp_rec,amp_inf,response
0.016153081695968408,0.03050545363682269,100,100,118,5,0.05,1.1968295923086503,11.972961387290525,15.299360991654092,0.025847993511545462
