initial_infected_perc,initial_immune_perc,length,height,population_size,contagion_distance,critical_limit,amp_susc,amp_rec,amp_inf,response
0.04128762594150094,0.023515898293435023,100,100,118,5,0.05,16.74314627454888,19.174641628732513,6.983171139632558,0.04969893060155266
