initial_infected_perc,initial_immune_perc,length,height,population_size,contagion_distance,critical_limit,amp_susc,amp_rec,amp_inf,response
0.08778056664199818,0.09098006282604346,100,100,118,5,0.05,15.32168953157841,8.003270399849647,18.09961010237557,0.00806114381432257
