initial_infected_perc,initial_immune_perc,length,height,population_size,contagion_distance,critical_limit,amp_susc,amp_rec,amp_inf,response
0.0478302221696612,0.05721982297083164,100,100,118,5,0.05,6.178650721167902,19.358907106565407,5.692687190613315,0.26013756328313364
