initial_infected_perc,initial_immune_perc,length,height,population_size,contagion_distance,critical_limit,amp_susc,amp_rec,amp_inf,response
0.08383380608316848,0.08023690176050763,100,100,118,5,0.05,12.326886556788075,10.139765669941527,17.41915142202171,0.23493437555081542
