initial_infected_perc,initial_immune_perc,length,height,population_size,contagion_distance,critical_limit,amp_susc,amp_rec,amp_inf,response
0.09848641198142166,0.02037466729916959,100,100,118,5,0.05,0.36582126037600915,16.74986795986782,11.14580858510174,0.1716852655120803
