initial_infected_perc,initial_immune_perc,length,height,population_size,contagion_distance,critical_limit,amp_susc,amp_rec,amp_inf,response
0.09419085764661381,0.04529768971996311,100,100,118,5,0.05,19.91349637242986,2.7542606048502027,14.453707925041368,0.1925072003931454
