initial_infected_perc,initial_immune_perc,length,height,population_size,contagion_distance,critical_limit,amp_susc,amp_rec,amp_inf,response
0.02275249353289003,0.012415056383723977,100,100,118,5,0.05,13.581048806160886,15.641841389900657,9.455855078108513,0.13729251245590396
