initial_infected_perc,initial_immune_perc,length,height,population_size,contagion_distance,critical_limit,amp_susc,amp_rec,amp_inf,response
0.0806400001346499,0.009559045315756964,100,100,118,5,0.05,5.117117395522386,13.703366738379966,9.23897689203258,0.16709347626963872
