initial_infected_perc,initial_immune_perc,length,height,population_size,contagion_distance,critical_limit,amp_susc,amp_rec,amp_inf,response
0.007229379400395708,0.07061843599556797,100,100,118,5,0.05,1.5455126084680582,19.711384827206253,6.755345763994722,0.052032254268877295
