initial_infected_perc,initial_immune_perc,length,height,population_size,contagion_distance,critical_limit,amp_susc,amp_rec,amp_inf,response
0.021242610975802323,0.06795176808604296,100,100,118,5,0.05,6.040713735429069,8.04771606910922,15.909231047936036,0.13535869497864564
