initial_infected_perc,initial_immune_perc,length,height,population_size,contagion_distance,critical_limit,amp_susc,amp_rec,amp_inf,response
0.06770207396494239,0.04970923036193543,100,100,118,5,0.05,11.614200928148634,9.265106070157277,3.384713748820505,0.10231851232912056
