initial_infected_perc,initial_immune_perc,length,height,population_size,contagion_distance,critical_limit,amp_susc,amp_rec,amp_inf,response
0.09332900898624771,0.025160104112436844,100,100,118,5,0.05,18.585928297070538,10.17285259889,17.04828037489896,0.0656011070401361
