initial_infected_perc,initial_immune_perc,length,height,population_size,contagion_distance,critical_limit,amp_susc,amp_rec,amp_inf,response
0.016155922003553192,0.05218385875120982,100,100,118,5,0.05,6.432884144481113,4.861391156936072,6.971987512308242,0.04757780094762606
