initial_infected_perc,initial_immune_perc,length,height,population_size,contagion_distance,critical_limit,amp_susc,amp_rec,amp_inf,response
0.09697582847898707,0.08438488968565323,100,100,118,5,0.05,14.642345102624324,2.965557296294583,7.6754475853814625,0.15325501434396532
