initial_infected_perc,initial_immune_perc,length,height,population_size,contagion_distance,critical_limit,amp_susc,amp_rec,amp_inf,response
0.054328320528379596,0.0283005227914951,100,100,118,5,0.05,16.765275944384715,9.146480622772382,13.66120423847567,0.06909551447934105
