initial_infected_perc,initial_immune_perc,length,height,population_size,contagion_distance,critical_limit,amp_susc,amp_rec,amp_inf,response
0.09186354339215055,0.05809089332177773,100,100,118,5,0.05,4.98557454917356,11.95113835508991,9.834717847672938,0.19935453507589515
