initial_infected_perc,initial_immune_perc,length,height,population_size,contagion_distance,critical_limit,amp_susc,amp_rec,amp_inf,response
0.08561975752917368,0.01813310794170314,100,100,118,5,0.05,11.429853265235097,0.8512571429188887,18.368415802885036,0.1685716928319875
