initial_infected_perc,initial_immune_perc,length,height,population_size,contagion_distance,critical_limit,amp_susc,amp_rec,amp_inf,response
0.04999531534443177,0.08793830484588389,100,100,118,5,0.05,15.367206468349405,15.892225968237314,8.153615608578328,0.28513479332613473
