initial_infected_perc,initial_immune_perc,length,height,population_size,contagion_distance,critical_limit,amp_susc,amp_rec,amp_inf,response
0.012897633115812768,0.0685956932013882,100,100,118,5,0.05,4.171886062334124,5.263998240066011,8.821578746952374,0.015490648144258622
