initial_infected_perc,initial_immune_perc,length,height,population_size,contagion_distance,critical_limit,amp_susc,amp_rec,amp_inf,response
0.07903140016561233,0.04688500295461254,100,100,118,5,0.05,6.3013354029577755,9.979105855357131,7.24294209689946,0.25497442551750643
