initial_infected_perc,initial_immune_perc,length,height,population_size,contagion_distance,critical_limit,amp_susc,amp_rec,amp_inf,response
0.08694889643207375,0.0645394189640751,100,100,118,5,0.05,9.479552478720223,2.6539973319260923,17.312663947487884,0.031306206639186214
