initial_infected_perc,initial_immune_perc,length,height,population_size,contagion_distance,critical_limit,amp_susc,amp_rec,amp_inf,response
0.037957281036810134,0.08224194718510414,100,100,118,5,0.05,1.6401028468811085,8.53584221408208,16.684593769742538,0.159074082494851
