initial_infected_perc,initial_immune_perc,length,height,population_size,contagion_distance,critical_limit,amp_susc,amp_rec,amp_inf,response
0.06405176446226549,0.04549687249482723,100,100,118,5,0.05,13.745867671246806,15.795285240712255,16.87889724038691,0.23363461952178816
