initial_infected_perc,initial_immune_perc,length,height,population_size,contagion_distance,critical_limit,amp_susc,amp_rec,amp_inf,response
0.016520496671440656,0.09580545027909582,100,100,118,5,0.05,4.966531886119505,19.75043093487071,10.248059721547655,0.2559139414595622
