initial_infected_perc,initial_immune_perc,length,height,population_size,contagion_distance,critical_limit,amp_susc,amp_rec,amp_inf,response
0.0900891719881552,0.035744077607656875,100,100,118,5,0.05,14.15848391526913,11.533409047709974,11.254004135005824,0.059890823337118045
