initial_infected_perc,initial_immune_perc,length,height,population_size,contagion_distance,critical_limit,amp_susc,amp_rec,amp_inf,response
0.017114233258772493,0.018874164263110796,100,100,118,5,0.05,11.52828258282197,11.141428446274276,1.7989773893196803,0.11845330795387855
