initial_infected_perc,initial_immune_perc,length,height,population_size,contagion_distance,critical_limit,amp_susc,amp_rec,amp_inf,response
0.012112826004493671,0.09218407143909003,100,100,118,5,0.05,16.099865609140757,16.658572544048067,16.901527734993287,0.2433837236749674
