initial_infected_perc,initial_immune_perc,length,height,population_size,contagion_distance,critical_limit,amp_susc,amp_rec,amp_inf,response
0.037054814889846244,0.07281406874061014,100,100,118,5,0.05,14.40757754289763,9.445329782538936,3.4186181677458527,0.21099875442654809
