initial_infected_perc,initial_immune_perc,length,height,population_size,contagion_distance,critical_limit,amp_susc,amp_rec,amp_inf,response
0.04252510471568887,0.04300778416232831,100,100,118,5,0.05,16.01654567550635,3.9252268027749526,15.198873197134455,0.2230474885123031
