initial_infected_perc,initial_immune_perc,length,height,population_size,contagion_distance,critical_limit,amp_susc,amp_rec,amp_inf,response
0.003320387220699106,0.01714679613082878,100,100,118,5,0.05,0.19349933572538003,13.90081455948096,8.238592843165565,0.03514195666008375
