initial_infected_perc,initial_immune_perc,length,height,population_size,contagion_distance,critical_limit,amp_susc,amp_rec,amp_inf,response
0.05407757853571498,0.015608208921178835,100,100,118,5,0.05,2.791464600298743,12.999649922534793,11.561582767383891,0.07020875249552311
