initial_infected_perc,initial_immune_perc,length,height,population_size,contagion_distance,critical_limit,amp_susc,amp_rec,amp_inf,response
0.08162590381731728,0.07446143969797575,100,100,118,5,0.05,18.381278064608754,17.632787414500175,13.889456021489416,0.20382107218253934
