initial_infected_perc,initial_immune_perc,length,height,population_size,contagion_distance,critical_limit,amp_susc,amp_rec,amp_inf,response
0.09403624128101201,0.0679657340684752,100,100,118,5,0.05,6.197063376617759,13.312840977715146,7.197598943896519,0.28320238549043303
