initial_infected_perc,initial_immune_perc,length,height,population_size,contagion_distance,critical_limit,amp_susc,amp_rec,amp_inf,response
0.018468429305967038,0.05191294672897513,100,100,118,5,0.05,4.861830569833598,9.577896914148376,17.17394287344104,0.22915743599266444
