initial_infected_perc,initial_immune_perc,length,height,population_size,contagion_distance,critical_limit,amp_susc,amp_rec,amp_inf,response
0.09039999894243435,0.09658744473597872,100,100,118,5,0.05,9.26072795437619,16.33228560898961,4.38047102580736,0.1716577616029503
