initial_infected_perc,initial_immune_perc,length,height,population_size,contagion_distance,critical_limit,amp_susc,amp_rec,amp_inf,response
0.02886867739888387,0.09522723080898834,100,100,118,5,0.05,19.89023854858952,17.01155646196502,5.358077824848206,0.21951410348456155
