initial_infected_perc,initial_immune_perc,length,height,population_size,contagion_distance,critical_limit,amp_susc,amp_rec,amp_inf,response
0.07502709828088155,0.032952837083819096,100,100,118,5,0.05,0.5107253003627865,19.799501859660968,15.55064651045763,0.2513229495059609
