initial_infected_perc,initial_immune_perc,length,height,population_size,contagion_distance,critical_limit,amp_susc,amp_rec,amp_inf,response
0.039773437111112114,0.07255318733263152,100,100,118,5,0.05,9.40389358386335,4.457560028057483,8.671077627367097,0.2993235332020631
