initial_infected_perc,initial_immune_perc,length,height,population_size,contagion_distance,critical_limit,amp_susc,amp_rec,amp_inf,response
0.017480159410079122,0.0671873821649834,100,100,118,5,0.05,7.399686804354753,8.059401340474215,5.364838774322658,0.17590703046541328
