initial_infected_perc,initial_immune_perc,length,height,population_size,contagion_distance,critical_limit,amp_susc,amp_rec,amp_inf,response
0.07804822759702162,0.054845196174127336,100,100,118,5,0.05,7.628175005834783,18.3446363111089,13.437619302991234,0.03242778652948481
