initial_infected_perc,initial_immune_perc,length,height,population_size,contagion_distance,critical_limit,amp_susc,amp_rec,amp_inf,response
0.030940518278049334,0.013366526781766164,100,100,118,5,0.05,18.655912564204804,19.36968076503679,13.991173375264825,0.12205105420048422
