initial_infected_perc,initial_immune_perc,length,height,population_size,contagion_distance,critical_limit,amp_susc,amp_rec,amp_inf,response
0.030196074430095667,0.08157233737427902,100,100,118,5,0.05,7.900603622532428,11.779589156690484,4.505069025562962,0.2802281762603272
