initial_infected_perc,initial_immune_perc,length,height,population_size,contagion_distance,critical_limit,amp_susc,amp_rec,amp_inf,response
0.06913333134674521,0.01779944464860871,100,100,118,5,0.05,13.69963161057836,11.996236835434217,5.656685767975929,0.0018262504275692536
