initial_infected_perc,initial_immune_perc,length,height,population_size,contagion_distance,critical_limit,amp_susc,amp_rec,amp_inf,response
0.02584403877719096,0.07185980122375889,100,100,118,5,0.05,2.3427433667093256,0.36655648971129606,15.62351314266629,0.28789855080497195
