initial_infected_perc,initial_immune_perc,length,height,population_size,contagion_distance,critical_limit,amp_susc,amp_rec,amp_inf,response
0.006027225478393206,0.057709204361828484,100,100,118,5,0.05,2.2337054709436455,15.815224787048772,8.188491107384134,0.08986788315074863
