initial_infected_perc,initial_immune_perc,length,height,population_size,contagion_distance,critical_limit,amp_susc,amp_rec,amp_inf,response
0.05529199637657868,0.04599525371289059,100,100,118,5,0.05,17.328180696229875,12.109131134423066,3.168620404178377,0.06445043476760881
