initial_infected_perc,initial_immune_perc,length,height,population_size,contagion_distance,critical_limit,amp_susc,amp_rec,amp_inf,response
0.047782074981645856,0.04114139117225327,100,100,118,5,0.05,12.798832681022212,9.584717481972405,13.969284572467176,0.004103641788616452
