initial_infected_perc,initial_immune_perc,length,height,population_size,contagion_distance,critical_limit,amp_susc,amp_rec,amp_inf,response
0.005371459043137239,0.0644183507072917,100,100,118,5,0.05,11.86040503834813,9.013913725105267,7.058152747771,0.23589514991832858
