initial_infected_perc,initial_immune_perc,length,height,population_size,contagion_distance,critical_limit,amp_susc,amp_rec,amp_inf,response
0.0770875868064721,0.06370899599002375,100,100,118,5,0.05,10.43608083402714,9.210210948095067,13.130547917485085,0.11510675856155698
