initial_infected_perc,initial_immune_perc,length,height,population_size,contagion_distance,critical_limit,amp_susc,amp_rec,amp_inf,response
0.04756874010308992,0.0010866725746147222,100,100,118,5,0.05,8.553281047015647,2.713354588492154,10.593479287708636,0.07003948508212231
