initial_infected_perc,initial_immune_perc,length,height,population_size,contagion_distance,critical_limit,amp_susc,amp_rec,amp_inf,response
0.07950778612699283,0.08815017273619824,100,100,118,5,0.05,2.4346541632772123,15.659996332563269,9.309415647372958,0.11940310503544999
