initial_infected_perc,initial_immune_perc,length,height,population_size,contagion_distance,critical_limit,amp_susc,amp_rec,amp_inf,response
0.06448889503123467,0.011184631203078766,100,100,118,5,0.05,8.496963402830618,12.707917231935014,3.6348046938898593,0.19619152902994416
