initial_infected_perc,initial_immune_perc,length,height,population_size,contagion_distance,critical_limit,amp_susc,amp_rec,amp_inf,response
0.04893792453836741,0.027926968814114075,100,100,118,5,0.05,10.175800101393547,4.030549231574843,6.920880345938391,0.2566174440390952
