initial_infected_perc,initial_immune_perc,length,height,population_size,contagion_distance,critical_limit,amp_susc,amp_rec,amp_inf,response
0.035799029707883734,0.03761676165648742,100,100,118,5,0.05,15.325113302865647,1.396165144790631,11.473996287346262,0.14705051183473303
