initial_infected_perc,initial_immune_perc,length,height,population_size,contagion_distance,critical_limit,amp_susc,amp_rec,amp_inf,response
0.017948988619436102,0.052910715950434,100,100,118,5,0.05,0.40840764339644897,3.0916031734985583,17.284090034764873,0.17894908512162355
