initial_infected_perc,initial_immune_perc,length,height,population_size,contagion_distance,critical_limit,amp_susc,amp_rec,amp_inf,response
0.0917175315603343,0.013362212278036313,100,100,118,5,0.05,4.2814824578659465,4.599582682614409,18.528096142168312,0.08882922177076828
