initial_infected_perc,initial_immune_perc,length,height,population_size,contagion_distance,critical_limit,amp_susc,amp_rec,amp_inf,response
0.00918914153935001,0.08281899471693407,100,100,118,5,0.05,6.235224746488148,1.6049810826776767,5.51919556211746,0.27387024959993717
