initial_infected_perc,initial_immune_perc,length,height,population_size,contagion_distance,critical_limit,amp_susc,amp_rec,amp_inf,response
0.08228048738344906,0.018287494760141267,100,100,118,5,0.05,4.488868752938846,17.706459596052813,13.227339568774743,0.09237897954242141
