initial_infected_perc,initial_immune_perc,length,height,population_size,contagion_distance,critical_limit,amp_susc,amp_rec,amp_inf,response
0.02285335805678064,0.09426779073785227,100,100,118,5,0.05,3.9514309866966335,7.065672370922684,17.76507285942351,0.2972071854750403
