initial_infected_perc,initial_immune_perc,length,height,population_size,contagion_distance,critical_limit,amp_susc,amp_rec,amp_inf,response
0.07923960129610359,0.0739843083322151,100,100,118,5,0.05,17.174259546913014,9.557377426751035,19.15475456264952,0.15169148625720508
