initial_infected_perc,initial_immune_perc,length,height,population_size,contagion_distance,critical_limit,amp_susc,amp_rec,amp_inf,response
0.06177203265189625,0.09302174450704473,100,100,118,5,0.05,19.02931436330875,10.276873922470466,14.124649332871499,0.03938870810248672
