initial_infected_perc,initial_immune_perc,length,height,population_size,contagion_distance,critical_limit,amp_susc,amp_rec,amp_inf,response
0.048940551520739076,0.09489123658079716,100,100,118,5,0.05,12.289946036257218,3.3541334468304407,17.354880262725946,0.1746022347229298
