initial_infected_perc,initial_immune_perc,length,height,population_size,contagion_distance,critical_limit,amp_susc,amp_rec,amp_inf,response
0.012719375069195427,0.06921530227323745,100,100,118,5,0.05,13.883334930114458,7.402108791037618,16.92445980482936,0.15118473949835448
