initial_infected_perc,initial_immune_perc,length,height,population_size,contagion_distance,critical_limit,amp_susc,amp_rec,amp_inf,response
0.003048212243763904,0.0651055996673175,100,100,118,5,0.05,2.2303600348664254,17.47592448214505,4.974472433154238,0.0529139392209513
