initial_infected_perc,initial_immune_perc,length,height,population_size,contagion_distance,critical_limit,amp_susc,amp_rec,amp_inf,response
0.09642137895360531,0.09792705320339026,100,100,118,5,0.05,11.30964980444688,1.4496258304425491,17.72278590462205,0.22014947643826244
