initial_infected_perc,initial_immune_perc,length,height,population_size,contagion_distance,critical_limit,amp_susc,amp_rec,amp_inf,response
0.007594732065860821,0.018496649680174917,100,100,118,5,0.05,9.8047914824221,8.778969877526613,16.6732483029114,0.0580997642484636
