initial_infected_perc,initial_immune_perc,length,height,population_size,contagion_distance,critical_limit,amp_susc,amp_rec,amp_inf,response
0.03903678805655179,0.08901541958374573,100,100,118,5,0.05,2.506260307107313,1.8992754791117283,14.352567354451724,0.15560059732804393
