initial_infected_perc,initial_immune_perc,length,height,population_size,contagion_distance,critical_limit,amp_susc,amp_rec,amp_inf,response
0.03348119543126137,0.07099017283749112,100,100,118,5,0.05,12.497455598301581,8.462119564466828,18.312361061894716,0.26404702313639433
