initial_infected_perc,initial_immune_perc,length,height,population_size,contagion_distance,critical_limit,amp_susc,amp_rec,amp_inf,response
0.058837079559103084,0.002211721131036082,100,100,118,5,0.05,5.4602974987589,11.11991532519408,11.71576227748378,0.19619921208411117
