initial_infected_perc,initial_immune_perc,length,height,population_size,contagion_distance,critical_limit,amp_susc,amp_rec,amp_inf,response
0.0862576328455084,0.09005373585965105,100,100,118,5,0.05,18.204472102119638,12.550841956595832,17.889322984541028,0.1659469390819444
