initial_infected_perc,initial_immune_perc,length,height,population_size,contagion_distance,critical_limit,amp_susc,amp_rec,amp_inf,response
0.02733725124475879,0.021630291369434375,100,100,118,5,0.05,17.7018775683669,11.627678464716137,4.544906120764232,0.137010913418031
