initial_infected_perc,initial_immune_perc,length,height,population_size,contagion_distance,critical_limit,amp_susc,amp_rec,amp_inf,response
0.016537237636140612,0.004177640009779604,100,100,118,5,0.05,2.81696241822172,1.3646034462486423,7.7567681181210535,0.21337184498816578
