initial_infected_perc,initial_immune_perc,length,height,population_size,contagion_distance,critical_limit,amp_susc,amp_rec,amp_inf,response
0.09430041230870716,0.08518500871037432,100,100,118,5,0.05,19.924206448785316,4.791732620625724,5.102134510016851,0.02851339970747526
