initial_infected_perc,initial_immune_perc,length,height,population_size,contagion_distance,critical_limit,amp_susc,amp_rec,amp_inf,response
0.016556164136382435,0.00839331339218039,100,100,118,5,0.05,11.638087317623004,0.26766579380736566,7.499753446712527,0.054140374719584196
