initial_infected_perc,initial_immune_perc,length,height,population_size,contagion_distance,critical_limit,amp_susc,amp_rec,amp_inf,response
0.09766871569123853,0.06362272982003146,100,100,118,5,0.05,17.51607907326022,5.805393320543553,8.15143125945874,0.19197721822536057
