initial_infected_perc,initial_immune_perc,length,height,population_size,contagion_distance,critical_limit,amp_susc,amp_rec,amp_inf,response
0.0395948802864397,0.05069103608999836,100,100,118,5,0.05,2.357678061888777,1.928901643829064,5.702947878210396,0.14008481737503833
