initial_infected_perc,initial_immune_perc,length,height,population_size,contagion_distance,critical_limit,amp_susc,amp_rec,amp_inf,response
0.05477774196538881,0.004839746077529506,100,100,118,5,0.05,1.8822974544767712,11.296818480099923,17.37041219949028,0.14637826623430794
