initial_infected_perc,initial_immune_perc,length,height,population_size,contagion_distance,critical_limit,amp_susc,amp_rec,amp_inf,response
0.09183799710208523,0.05305455930019675,100,100,118,5,0.05,14.689112486152379,13.917580986034038,13.72828090889741,0.12306847626838964
