initial_infected_perc,initial_immune_perc,length,height,population_size,contagion_distance,critical_limit,amp_susc,amp_rec,amp_inf,response
0.030331113268524813,0.03879798034001669,100,100,118,5,0.05,8.723717232299206,18.335015679954267,0.12574565430678364,0.280978817302162
