initial_infected_perc,initial_immune_perc,length,height,population_size,contagion_distance,critical_limit,amp_susc,amp_rec,amp_inf,response
0.080263678455015,0.07740830535826937,100,100,118,5,0.05,7.679844671426592,2.584491370926909,16.17448663668975,0.056938569982620174
