initial_infected_perc,initial_immune_perc,length,height,population_size,contagion_distance,critical_limit,amp_susc,amp_rec,amp_inf,response
0.06669739367769885,0.0017048679755584885,100,100,118,5,0.05,12.04384977365795,3.669022575882841,13.104427191171988,0.07683535219841094
