initial_infected_perc,initial_immune_perc,length,height,population_size,contagion_distance,critical_limit,amp_susc,amp_rec,amp_inf,response
0.05385430758868592,0.018056215616301264,100,100,118,5,0.05,6.836090201439902,9.0916746687597,17.56378429280469,0.14768201912322068
