initial_infected_perc,initial_immune_perc,length,height,population_size,contagion_distance,critical_limit,amp_susc,amp_rec,amp_inf,response
0.09423865853103527,0.00033875400200956697,100,100,118,5,0.05,7.5755142004118525,13.916545336610431,11.91137043867203,0.04585329610865719
