initial_infected_perc,initial_immune_perc,length,height,population_size,contagion_distance,critical_limit,amp_susc,amp_rec,amp_inf,response
0.04345790820523626,0.08801485941376709,100,100,118,5,0.05,13.763461343943789,15.083758884946025,9.496387581075425,0.18252458463369534
