initial_infected_perc,initial_immune_perc,length,height,population_size,contagion_distance,critical_limit,amp_susc,amp_rec,amp_inf,response
0.08155918965763187,0.071589723012843,100,100,118,5,0.05,14.920138070574623,12.201382558479555,11.011990142131689,0.09526884383496595
