initial_infected_perc,initial_immune_perc,length,height,population_size,contagion_distance,critical_limit,amp_susc,amp_rec,amp_inf,response
0.03889896315877544,0.03927652284859545,100,100,118,5,0.05,0.3052052992055865,4.649246302990424,2.5173409709100025,0.18707742395155638
