initial_infected_perc,initial_immune_perc,length,height,population_size,contagion_distance,critical_limit,amp_susc,amp_rec,amp_inf,response
0.077524978679222,0.06869347356493646,100,100,118,5,0.05,5.663767114079413,18.8131029808106,17.42678707904003,0.12733912700032876
