initial_infected_perc,initial_immune_perc,length,height,population_size,contagion_distance,critical_limit,amp_susc,amp_rec,amp_inf,response
0.04351066063363501,0.08346335735670014,100,100,118,5,0.05,19.025546410989353,10.393177275503282,4.76299432346853,0.08967072923667749
