initial_infected_perc,initial_immune_perc,length,height,population_size,contagion_distance,critical_limit,amp_susc,amp_rec,amp_inf,response
0.038251166849216846,0.09110402511502805,100,100,118,5,0.05,8.64744046664703,7.56774271543083,2.140319302596103,0.26162982734126067
