initial_infected_perc,initial_immune_perc,length,height,population_size,contagion_distance,critical_limit,amp_susc,amp_rec,amp_inf,response
0.03931722571550403,0.06382249637670317,100,100,118,5,0.05,0.9654744769349533,7.026383716392887,2.180164599728478,0.19090216031801602
