initial_infected_perc,initial_immune_perc,length,height,population_size,contagion_distance,critical_limit,amp_susc,amp_rec,amp_inf,response
0.08482362683871696,0.09145978787354325,100,100,118,5,0.05,12.035777390447013,17.522365527786604,15.56621928098471,0.20572334289485647
