initial_infected_perc,initial_immune_perc,length,height,population_size,contagion_distance,critical_limit,amp_susc,amp_rec,amp_inf,response
0.07749011552175285,0.07455363114897649,100,100,118,5,0.05,2.8433233466762964,5.261360960785049,11.625552489354241,0.28550149993292256
