initial_infected_perc,initial_immune_perc,length,height,population_size,contagion_distance,critical_limit,amp_susc,amp_rec,amp_inf,response
0.046319581547273496,0.023400677520690274,100,100,118,5,0.05,10.132515120540408,0.4874187912365824,1.412194057292171,0.1565530729664511
