initial_infected_perc,initial_immune_perc,length,height,population_size,contagion_distance,critical_limit,amp_susc,amp_rec,amp_inf,response
0.07774151010429604,0.06920048552449727,100,100,118,5,0.05,3.2911626343765388,11.480660715175704,8.534276976124886,0.13191982101552704
