initial_infected_perc,initial_immune_perc,length,height,population_size,contagion_distance,critical_limit,amp_susc,amp_rec,amp_inf,response
0.08065884248487448,0.04112463751360809,100,100,118,5,0.05,12.728145326665906,19.02300153618477,7.862880842659077,0.217881762389579
