initial_infected_perc,initial_immune_perc,length,height,population_size,contagion_distance,critical_limit,amp_susc,amp_rec,amp_inf,response
0.009370814445396091,0.06767580251836214,100,100,118,5,0.05,13.169893365104535,1.9096557552542004,13.88849582083334,0.29006226539414337
