initial_infected_perc,initial_immune_perc,length,height,population_size,contagion_distance,critical_limit,amp_susc,amp_rec,amp_inf,response
0.08615381539731491,0.01585058251420637,100,100,118,5,0.05,13.00338939241877,6.791225873428893,18.513534759442408,0.0863974719595809
