initial_infected_perc,initial_immune_perc,length,height,population_size,contagion_distance,critical_limit,amp_susc,amp_rec,amp_inf,response
0.0960574670324501,0.08610446347492282,100,100,118,5,0.05,19.108162188700433,18.37928459003623,8.57857310032285,0.07932456698592635
