initial_infected_perc,initial_immune_perc,length,height,population_size,contagion_distance,critical_limit,amp_susc,amp_rec,amp_inf,response
0.09161129896452967,0.07324607478292107,100,100,118,5,0.05,19.494155888394207,9.082661160176219,5.955679693004585,0.28409648147971767
