initial_infected_perc,initial_immune_perc,length,height,population_size,contagion_distance,critical_limit,amp_susc,amp_rec,amp_inf,response
0.067406209073591,0.08267430061069346,100,100,118,5,0.05,5.4560655841970345,6.945526495021834,14.861811668674484,0.0061215138902851905
