initial_infected_perc,initial_immune_perc,length,height,population_size,contagion_distance,critical_limit,amp_susc,amp_rec,amp_inf,response
0.09489204306423604,0.08108197577230741,100,100,118,5,0.05,9.001937983388766,17.09624693371803,15.26046601737689,0.023474793941884776
