initial_infected_perc,initial_immune_perc,length,height,population_size,contagion_distance,critical_limit,amp_susc,amp_rec,amp_inf,response
0.0184078869431909,0.08129268998694013,100,100,118,5,0.05,16.035181426460603,13.817923423613937,6.601511562718143,0.22412183673556188
