initial_infected_perc,initial_immune_perc,length,height,population_size,contagion_distance,critical_limit,amp_susc,amp_rec,amp_inf,response
0.06695206437589246,0.03104816349311325,100,100,118,5,0.05,17.810513037018772,12.442573132217616,7.73208239174541,0.0068937795506372685
