initial_infected_perc,initial_immune_perc,length,height,population_size,contagion_distance,critical_limit,amp_susc,amp_rec,amp_inf,response
0.021594868255587443,0.04890300480145091,100,100,118,5,0.05,7.272372746711834,4.0985958020496955,0.22677072854090818,0.2102761481639632
