initial_infected_perc,initial_immune_perc,length,height,population_size,contagion_distance,critical_limit,amp_susc,amp_rec,amp_inf,response
0.07334498580225855,0.055578813173472436,100,100,118,5,0.05,15.952205388113107,5.4062982526032926,6.427062988653982,0.1788708571901825
