initial_infected_perc,initial_immune_perc,length,height,population_size,contagion_distance,critical_limit,amp_susc,amp_rec,amp_inf,response
0.07132186162459916,0.0005721325836276936,100,100,118,5,0.05,9.305085335092292,2.4519785940994687,4.859043819538953,0.010016713146928346
