initial_infected_perc,initial_immune_perc,length,height,population_size,contagion_distance,critical_limit,amp_susc,amp_rec,amp_inf,response
0.03717281643374209,0.0011039904431274894,100,100,118,5,0.05,15.808534848189296,7.084418413097556,6.229270198565377,0.055689655744298114
