initial_infected_perc,initial_immune_perc,length,height,population_size,contagion_distance,critical_limit,amp_susc,amp_rec,amp_inf,response
0.0014331870990817231,0.013203322262782015,100,100,118,5,0.05,2.5905888969935953,8.671617624614342,3.887328096208429,0.16378322063446357
