initial_infected_perc,initial_immune_perc,length,height,population_size,contagion_distance,critical_limit,amp_susc,amp_rec,amp_inf,response
0.055998399761591246,0.0020796294132603755,100,100,118,5,0.05,6.701330836938562,12.638813317994675,12.977729613324392,0.23024366205885322
