initial_infected_perc,initial_immune_perc,length,height,population_size,contagion_distance,critical_limit,amp_susc,amp_rec,amp_inf,response
0.016350316033974546,0.06691212495954589,100,100,118,5,0.05,18.32821463798808,4.3524231063978664,1.6619947156597825,0.03461373621730855
