initial_infected_perc,initial_immune_perc,length,height,population_size,contagion_distance,critical_limit,amp_susc,amp_rec,amp_inf,response
0.09788899632189371,0.041581449817691386,100,100,118,5,0.05,0.2547169920954073,6.043109099365321,11.104659020048583,0.12076395745232446
