initial_infected_perc,initial_immune_perc,length,height,population_size,contagion_distance,critical_limit,amp_susc,amp_rec,amp_inf,response
0.08091375693786532,0.04873967901804498,100,100,118,5,0.05,18.405619133681792,3.6035180930665645,14.787400761771126,0.252833913589372
