initial_infected_perc,initial_immune_perc,length,height,population_size,contagion_distance,critical_limit,amp_susc,amp_rec,amp_inf,response
0.07141575429060659,0.018181822225368263,100,100,118,5,0.05,13.299588981312914,5.78406786819758,17.393761281969798,0.2018905549620286
