initial_infected_perc,initial_immune_perc,length,height,population_size,contagion_distance,critical_limit,amp_susc,amp_rec,amp_inf,response
0.00820989609362186,0.027978291416542612,100,100,118,5,0.05,8.175621332671799,12.353246307486875,13.288492149280467,0.1951581474319045
