initial_infected_perc,initial_immune_perc,length,height,population_size,contagion_distance,critical_limit,amp_susc,amp_rec,amp_inf,response
0.05203989975185214,0.07880247553563088,100,100,118,5,0.05,1.8727782952166994,17.18119611356346,4.455837314464994,0.06158366986664995
