initial_infected_perc,initial_immune_perc,length,height,population_size,contagion_distance,critical_limit,amp_susc,amp_rec,amp_inf,response
0.09387674940475804,0.014453543040298356,100,100,118,5,0.05,10.44272589568903,8.62253376517667,13.480198510284422,0.2385033404675089
