initial_infected_perc,initial_immune_perc,length,height,population_size,contagion_distance,critical_limit,amp_susc,amp_rec,amp_inf,response
0.09026249799728231,0.0705887393203174,100,100,118,5,0.05,13.779865677484535,8.955419505203981,4.874693810107953,0.07246743263061219
