initial_infected_perc,initial_immune_perc,length,height,population_size,contagion_distance,critical_limit,amp_susc,amp_rec,amp_inf,response
0.07553252707505408,0.08656172468261762,100,100,118,5,0.05,11.664603478803814,10.662500537901797,1.770199085985571,0.20298460912559527
