initial_infected_perc,initial_immune_perc,length,height,population_size,contagion_distance,critical_limit,amp_susc,amp_rec,amp_inf,response
0.033734872398652416,0.04552434710456887,100,100,118,5,0.05,1.2046958844257882,15.229139897963883,15.821173085312347,0.04258945166907574
