initial_infected_perc,initial_immune_perc,length,height,population_size,contagion_distance,critical_limit,amp_susc,amp_rec,amp_inf,response
0.05953041544077612,0.0057044645625026315,100,100,118,5,0.05,12.746547661217477,18.06861000895847,6.044591487236675,0.06739480909160055
