initial_infected_perc,initial_immune_perc,length,height,population_size,contagion_distance,critical_limit,amp_susc,amp_rec,amp_inf,response
0.06727436974712624,0.08741805136036562,100,100,118,5,0.05,12.493672845541825,12.263274137957026,1.5247362983222712,0.05778708112689977
