initial_infected_perc,initial_immune_perc,length,height,population_size,contagion_distance,critical_limit,amp_susc,amp_rec,amp_inf,response
0.031105877498597657,0.08245471996932109,100,100,118,5,0.05,7.220310724200938,13.177192671137663,1.0190987003084517,0.06220149579503664
