initial_infected_perc,initial_immune_perc,length,height,population_size,contagion_distance,critical_limit,amp_susc,amp_rec,amp_inf,response
0.07426189840118928,0.058693724811806305,100,100,118,5,0.05,12.22193596062889,8.692469573219654,7.522729220709261,0.2679662283029826
