initial_infected_perc,initial_immune_perc,length,height,population_size,contagion_distance,critical_limit,amp_susc,amp_rec,amp_inf,response
0.0537018381875225,0.012348871186802769,100,100,118,5,0.05,8.393100374636226,6.820961589676447,0.961443718616457,0.002652807329314555
