initial_infected_perc,initial_immune_perc,length,height,population_size,contagion_distance,critical_limit,amp_susc,amp_rec,amp_inf,response
0.09649177102756284,0.051240712389505144,100,100,118,5,0.05,12.649967707906836,2.589496215983391,3.880639980744085,0.26515860818070713
