initial_infected_perc,initial_immune_perc,length,height,population_size,contagion_distance,critical_limit,amp_susc,amp_rec,amp_inf,response
0.020264601942885232,0.07219442386613806,100,100,118,5,0.05,15.512171497449213,19.947978520719317,5.644106799786677,0.14106407949742336
