initial_infected_perc,initial_immune_perc,length,height,population_size,contagion_distance,critical_limit,amp_susc,amp_rec,amp_inf,response
0.02029711199209222,0.011882761397794773,100,100,118,5,0.05,14.650461818051987,0.08651532864273781,19.735897101842884,0.27299262496315424
