initial_infected_perc,initial_immune_perc,length,height,population_size,contagion_distance,critical_limit,amp_susc,amp_rec,amp_inf,response
0.023554342586410294,0.004369692160435568,100,100,118,5,0.05,7.577863640029676,5.747304214731752,15.554158850763969,0.29431761873089
