initial_infected_perc,initial_immune_perc,length,height,population_size,contagion_distance,critical_limit,amp_susc,amp_rec,amp_inf,response
0.07025462655280514,0.0071676307128762055,100,100,118,5,0.05,8.231079434179112,14.998500606213348,1.5333692057516024,0.2576545822627044
