initial_infected_perc,initial_immune_perc,length,height,population_size,contagion_distance,critical_limit,amp_susc,amp_rec,amp_inf,response
0.06912722190194648,0.0830143726980102,100,100,118,5,0.05,12.791473010377064,1.1440699821887579,18.11800625303517,0.18385919611613535
