initial_infected_perc,initial_immune_perc,length,height,population_size,contagion_distance,critical_limit,amp_susc,amp_rec,amp_inf,response
0.06704436655812153,0.04416219778946964,100,100,118,5,0.05,15.976191651772282,3.2442173166127675,17.89509282763523,0.2217521410346483
