initial_infected_perc,initial_immune_perc,length,height,population_size,contagion_distance,critical_limit,amp_susc,amp_rec,amp_inf,response
0.014134491299695197,0.09786257719074343,100,100,118,5,0.05,4.3213385448341235,15.608093101150626,18.05781563151728,0.03845925195898063
