initial_infected_perc,initial_immune_perc,length,height,population_size,contagion_distance,critical_limit,amp_susc,amp_rec,amp_inf,response
0.019909169789386394,0.09209782954149572,100,100,118,5,0.05,0.6349782941250703,6.766132556655942,6.255023966061337,0.004314372119290699
