initial_infected_perc,initial_immune_perc,length,height,population_size,contagion_distance,critical_limit,amp_susc,amp_rec,amp_inf,response
0.09065803548089563,0.07574261487688033,100,100,118,5,0.05,8.328153878905427,6.997015800993296,2.376224799650697,0.2221157179373962
