initial_infected_perc,initial_immune_perc,length,height,population_size,contagion_distance,critical_limit,amp_susc,amp_rec,amp_inf,response
0.04637292304264171,0.07753869005045128,100,100,118,5,0.05,4.585269297995467,8.02413403750795,0.8551562508003574,0.2912018000851723
