initial_infected_perc,initial_immune_perc,length,height,population_size,contagion_distance,critical_limit,amp_susc,amp_rec,amp_inf,response
0.05156340189020447,0.06548685295721378,100,100,118,5,0.05,8.899936098327474,4.7969453489886105,18.402164110506533,0.1905353719661954
