initial_infected_perc,initial_immune_perc,length,height,population_size,contagion_distance,critical_limit,amp_susc,amp_rec,amp_inf,response
0.08523324853220413,0.06438989849503585,100,100,118,5,0.05,19.14346022315647,11.311116177968968,5.507917186438025,0.06835387710691099
