initial_infected_perc,initial_immune_perc,length,height,population_size,contagion_distance,critical_limit,amp_susc,amp_rec,amp_inf,response
0.012800700684580203,0.09850315861242116,100,100,118,5,0.05,11.991944671755189,12.626802593140622,8.739210687197696,0.18880024233449916
