initial_infected_perc,initial_immune_perc,length,height,population_size,contagion_distance,critical_limit,amp_susc,amp_rec,amp_inf,response
0.09815654818560943,0.0340496335940226,100,100,118,5,0.05,19.558854309362776,13.92962440155143,17.64383608723247,0.13705118126706475
