initial_infected_perc,initial_immune_perc,length,height,population_size,contagion_distance,critical_limit,amp_susc,amp_rec,amp_inf,response
0.031781810267207555,0.07606590991154623,100,100,118,5,0.05,4.521478452525285,8.695719988966115,8.222154150501815,0.2823260640836997
