initial_infected_perc,initial_immune_perc,length,height,population_size,contagion_distance,critical_limit,amp_susc,amp_rec,amp_inf,response
0.0361548469479514,0.07531477522240354,100,100,118,5,0.05,7.09715587042645,6.493832206157326,11.924852435879309,0.020699887290551076
