initial_infected_perc,initial_immune_perc,length,height,population_size,contagion_distance,critical_limit,amp_susc,amp_rec,amp_inf,response
0.05048195330927796,0.018778478123068654,100,100,118,5,0.05,10.675135425700446,14.23062533477081,1.0674057325739783,0.299601847813662
