initial_infected_perc,initial_immune_perc,length,height,population_size,contagion_distance,critical_limit,amp_susc,amp_rec,amp_inf,response
0.04651737264537632,0.01650802831779761,100,100,118,5,0.05,7.028404685893963,13.152394698959675,12.907222144254158,0.15896979248993548
