initial_infected_perc,initial_immune_perc,length,height,population_size,contagion_distance,critical_limit,amp_susc,amp_rec,amp_inf,response
0.011961215426484817,0.06849558200869202,100,100,118,5,0.05,14.793778149396752,3.8380003556462405,6.354320759865962,0.17248585377793046
