initial_infected_perc,initial_immune_perc,length,height,population_size,contagion_distance,critical_limit,amp_susc,amp_rec,amp_inf,response
0.0404462201354697,0.017927604949783883,100,100,118,5,0.05,9.671990909377975,4.227971796538865,11.306462674594169,0.18716934480629707
