initial_infected_perc,initial_immune_perc,length,height,population_size,contagion_distance,critical_limit,amp_susc,amp_rec,amp_inf,response
0.019332137183514442,0.0068734296235090754,100,100,118,5,0.05,14.591103173536858,1.9777637438859164,15.129827681923915,0.13716252909026666
