initial_infected_perc,initial_immune_perc,length,height,population_size,contagion_distance,critical_limit,amp_susc,amp_rec,amp_inf,response
0.010489280814265778,0.07027781558299213,100,100,118,5,0.05,2.68676606903983,3.0622154292904535,10.90913493279308,0.2556007254594723
