initial_infected_perc,initial_immune_perc,length,height,population_size,contagion_distance,critical_limit,amp_susc,amp_rec,amp_inf,response
0.053738739548575325,0.053603264721676494,100,100,118,5,0.05,6.459239426881906,17.718529186412376,7.0219738801507265,0.029941125769705788
