initial_infected_perc,initial_immune_perc,length,height,population_size,contagion_distance,critical_limit,amp_susc,amp_rec,amp_inf,response
0.03409572472505434,0.04521188720001327,100,100,118,5,0.05,18.84876346547605,5.3077006016449335,11.312191556653076,0.03489595855643008
