initial_infected_perc,initial_immune_perc,length,height,population_size,contagion_distance,critical_limit,amp_susc,amp_rec,amp_inf,response
0.00590489640521118,0.07813769045653884,100,100,118,5,0.05,2.4341884760200316,8.549102163221942,7.04109283719349,0.1822289981728568
