initial_infected_perc,initial_immune_perc,length,height,population_size,contagion_distance,critical_limit,amp_susc,amp_rec,amp_inf,response
0.07587887989471061,0.05818776269455309,100,100,118,5,0.05,2.077219266771775,4.197119361069166,19.422538641894157,0.10611956751163618
