initial_infected_perc,initial_immune_perc,length,height,population_size,contagion_distance,critical_limit,amp_susc,amp_rec,amp_inf,response
0.07028035726131075,0.08947371798122107,100,100,118,5,0.05,2.6657373931009487,3.2118640412046218,2.4783129984149266,0.07272916046339752
