initial_infected_perc,initial_immune_perc,length,height,population_size,contagion_distance,critical_limit,amp_susc,amp_rec,amp_inf,response
0.02858290743023293,0.09157417464365958,100,100,118,5,0.05,11.60293407723358,3.75147641745347,2.5280652854985664,0.2531180796071029
