initial_infected_perc,initial_immune_perc,length,height,population_size,contagion_distance,critical_limit,amp_susc,amp_rec,amp_inf,response
0.017531735318450092,0.08525472426841395,100,100,118,5,0.05,13.723872871977811,18.226086441922167,11.043965881924882,0.13197350434264696
