initial_infected_perc,initial_immune_perc,length,height,population_size,contagion_distance,critical_limit,amp_susc,amp_rec,amp_inf,response
0.009667370001309206,0.07440650424141339,100,100,118,5,0.05,11.178888253622699,11.092300416549508,3.7272437997713492,0.0024064967243628164
