initial_infected_perc,initial_immune_perc,length,height,population_size,contagion_distance,critical_limit,amp_susc,amp_rec,amp_inf,response
0.08485634195509228,0.05318965019057351,100,100,118,5,0.05,18.39647062859676,18.55603395353459,7.718160104065939,0.02342194792974699
