initial_infected_perc,initial_immune_perc,length,height,population_size,contagion_distance,critical_limit,amp_susc,amp_rec,amp_inf,response
0.040980766663749384,0.05008711695351514,100,100,118,5,0.05,0.3736912278470861,5.5841367674013975,4.7157653015219125,0.2974937242186841
