initial_infected_perc,initial_immune_perc,length,height,population_size,contagion_distance,critical_limit,amp_susc,amp_rec,amp_inf,response
0.022039749479197915,0.04136200618667727,100,100,118,5,0.05,19.225504044290076,19.326475325656908,8.344211198380096,0.1951461009364763
