initial_infected_perc,initial_immune_perc,length,height,population_size,contagion_distance,critical_limit,amp_susc,amp_rec,amp_inf,response
0.07932928574738554,0.06524281833346444,100,100,118,5,0.05,10.414119781209745,7.860127567124828,16.671086230374197,0.06057004529358507
