initial_infected_perc,initial_immune_perc,length,height,population_size,contagion_distance,critical_limit,amp_susc,amp_rec,amp_inf,response
0.0770327658926432,0.06886858071226944,100,100,118,5,0.05,17.144149454305367,14.284157760655416,10.905130593637509,0.19755141477739618
