initial_infected_perc,initial_immune_perc,length,height,population_size,contagion_distance,critical_limit,amp_susc,amp_rec,amp_inf,response
0.04072226902866284,0.030849737064799567,100,100,118,5,0.05,3.6047045269794475,8.12931508943753,6.331388943027099,0.017484982506198166
