initial_infected_perc,initial_immune_perc,length,height,population_size,contagion_distance,critical_limit,amp_susc,amp_rec,amp_inf,response
0.02829472292981472,0.0641935178410071,100,100,118,5,0.05,0.6013300014674283,5.488465422484574,4.018993346393556,0.15330148493999354
