initial_infected_perc,initial_immune_perc,length,height,population_size,contagion_distance,critical_limit,amp_susc,amp_rec,amp_inf,response
0.030970521546374453,0.06686210859732995,100,100,118,5,0.05,19.495219558128444,1.0550191125019737,13.274618542133389,0.08678907673419822
