initial_infected_perc,initial_immune_perc,length,height,population_size,contagion_distance,critical_limit,amp_susc,amp_rec,amp_inf,response
0.028802930618953938,0.02291263249736486,100,100,118,5,0.05,7.466724921542969,10.988520834617539,17.8632738211195,0.08196637510021136
