initial_infected_perc,initial_immune_perc,length,height,population_size,contagion_distance,critical_limit,amp_susc,amp_rec,amp_inf,response
0.04761463034403605,0.05549255852123791,100,100,118,5,0.05,0.7053677701715988,10.748491812331096,6.407784712759748,0.1987577260904192
