initial_infected_perc,initial_immune_perc,length,height,population_size,contagion_distance,critical_limit,amp_susc,amp_rec,amp_inf,response
0.0049240826253135195,0.043730663366676206,100,100,118,5,0.05,6.515010144521414,4.913047390810405,19.94693303129592,0.13333565168317116
