initial_infected_perc,initial_immune_perc,length,height,population_size,contagion_distance,critical_limit,amp_susc,amp_rec,amp_inf,response
0.056614036551034155,0.09812497374555039,100,100,118,5,0.05,13.879556329947258,0.9692296873168504,11.75124133401856,0.00922323706302588
