initial_infected_perc,initial_immune_perc,length,height,population_size,contagion_distance,critical_limit,amp_susc,amp_rec,amp_inf,response
0.09715023866607447,0.00884814450718593,100,100,118,5,0.05,4.050641764962917,5.93251965416113,13.163634137061116,0.21254815454417583
