initial_infected_perc,initial_immune_perc,length,height,population_size,contagion_distance,critical_limit,amp_susc,amp_rec,amp_inf,response
0.016579930625497643,0.017589225098147587,100,100,118,5,0.05,14.85403548182054,1.7334334478068514,9.710489411096486,0.2730556467921944
