initial_infected_perc,initial_immune_perc,length,height,population_size,contagion_distance,critical_limit,amp_susc,amp_rec,amp_inf,response
0.09905808031912784,0.051063297842519575,100,100,118,5,0.05,18.388796040782857,0.5911639614571662,18.82460721836549,0.19653025801810842
