initial_infected_perc,initial_immune_perc,length,height,population_size,contagion_distance,critical_limit,amp_susc,amp_rec,amp_inf,response
0.044685230790564634,0.08322758653307984,100,100,118,5,0.05,17.51437106020687,16.112904083283585,18.482562025837336,0.16166703952053912
