initial_infected_perc,initial_immune_perc,length,height,population_size,contagion_distance,critical_limit,amp_susc,amp_rec,amp_inf,response
0.06258800764085905,0.03679698145788929,100,100,118,5,0.05,18.61193727652279,12.762193657818738,0.6440806801091981,0.03170805191841732
