initial_infected_perc,initial_immune_perc,length,height,population_size,contagion_distance,critical_limit,amp_susc,amp_rec,amp_inf,response
0.062338080270495894,0.003637455438994708,100,100,118,5,0.05,13.566243604336425,4.4763877125907285,10.1803792937932,0.03823314089788986
