initial_infected_perc,initial_immune_perc,length,height,population_size,contagion_distance,critical_limit,amp_susc,amp_rec,amp_inf,response
0.0955758755881133,0.06265533631072771,100,100,118,5,0.05,15.383711581447164,13.72900634976052,11.776750920626785,0.06759164205374063
