initial_infected_perc,initial_immune_perc,length,height,population_size,contagion_distance,critical_limit,amp_susc,amp_rec,amp_inf,response
0.017113316838989614,0.07076332029862921,100,100,118,5,0.05,19.715229664378136,7.211809093893069,19.53719961648614,0.06578849577297531
