initial_infected_perc,initial_immune_perc,length,height,population_size,contagion_distance,critical_limit,amp_susc,amp_rec,amp_inf,response
0.09813805023188416,0.06452656014470176,100,100,118,5,0.05,8.23292661925179,9.561050857253552,16.25446097767455,0.029405543608200378
