initial_infected_perc,initial_immune_perc,length,height,population_size,contagion_distance,critical_limit,amp_susc,amp_rec,amp_inf,response
0.005755628013346859,0.09400660166243764,100,100,118,5,0.05,16.992046817142256,16.31567872607559,1.905556699151616,0.002788315083744608
