initial_infected_perc,initial_immune_perc,length,height,population_size,contagion_distance,critical_limit,amp_susc,amp_rec,amp_inf,response
0.06570895106552133,0.08565899754852677,100,100,118,5,0.05,8.256989609067045,14.527743115745821,16.611639115895542,0.1515995217157356
