initial_infected_perc,initial_immune_perc,length,height,population_size,contagion_distance,critical_limit,amp_susc,amp_rec,amp_inf,response
0.042933876967483325,0.08875929675535638,100,100,118,5,0.05,12.043520328718431,18.855131828073723,2.289741862582806,0.25487992555646716
