initial_infected_perc,initial_immune_perc,length,height,population_size,contagion_distance,critical_limit,amp_susc,amp_rec,amp_inf,response
0.0953355754061531,0.08192047358227275,100,100,118,5,0.05,16.265544076336294,8.147637387247926,5.814169665806186,0.014927071315143458
