initial_infected_perc,initial_immune_perc,length,height,population_size,contagion_distance,critical_limit,amp_susc,amp_rec,amp_inf,response
0.0940457611279194,0.09161866693709685,100,100,118,5,0.05,19.56007666843105,14.603774534369682,15.283929465984043,0.08370304452763364
