initial_infected_perc,initial_immune_perc,length,height,population_size,contagion_distance,critical_limit,amp_susc,amp_rec,amp_inf,response
0.02807695744055068,0.06584515680650997,100,100,118,5,0.05,12.291014508440734,8.115510559237931,11.788825273943253,0.1835453399556686
