initial_infected_perc,initial_immune_perc,length,height,population_size,contagion_distance,critical_limit,amp_susc,amp_rec,amp_inf,response
0.0809439077785648,0.05474518932597198,100,100,118,5,0.05,7.100080511996945,5.607553934795386,0.3832442044559814,0.09711597571856574
