initial_infected_perc,initial_immune_perc,length,height,population_size,contagion_distance,critical_limit,amp_susc,amp_rec,amp_inf,response
0.010858007137915083,0.007852548047224605,100,100,118,5,0.05,17.047813478118385,3.205784300330816,3.6500842215399976,0.14760678250787457
