initial_infected_perc,initial_immune_perc,length,height,population_size,contagion_distance,critical_limit,amp_susc,amp_rec,amp_inf,response
0.03381079264726773,0.00693913520767594,100,100,118,5,0.05,3.7139804431877654,0.6687771242474261,6.5305551938294055,0.1428332367620191
