initial_infected_perc,initial_immune_perc,length,height,population_size,contagion_distance,critical_limit,amp_susc,amp_rec,amp_inf,response
0.06415596299726796,0.034938534509398926,100,100,118,5,0.05,13.93407667637651,16.743830835854887,10.968935073506412,0.05443516208786063
