initial_infected_perc,initial_immune_perc,length,height,population_size,contagion_distance,critical_limit,amp_susc,amp_rec,amp_inf,response
0.0978951469688165,0.02451065367269637,100,100,118,5,0.05,17.469600773508866,6.4755631248444505,8.201690178809267,0.16978564143642774
