initial_infected_perc,initial_immune_perc,length,height,population_size,contagion_distance,critical_limit,amp_susc,amp_rec,amp_inf,response
0.015408473855830952,0.061457645012229306,100,100,118,5,0.05,13.83531086388083,18.96232986468463,1.6081145060778357,0.052269066118483816
