initial_infected_perc,initial_immune_perc,length,height,population_size,contagion_distance,critical_limit,amp_susc,amp_rec,amp_inf,response
0.019800665696129885,0.09980390730212368,100,100,118,5,0.05,19.811330122054677,7.145434207012718,6.677674010501042,0.023734935069846197
