initial_infected_perc,initial_immune_perc,length,height,population_size,contagion_distance,critical_limit,amp_susc,amp_rec,amp_inf,response
0.09818481331493256,0.03377247363588406,100,100,118,5,0.05,3.0308573740023226,17.981620122654423,5.046221318851902,0.13596249875006414
