initial_infected_perc,initial_immune_perc,length,height,population_size,contagion_distance,critical_limit,amp_susc,amp_rec,amp_inf,response
0.0318888943407668,0.008615752450271274,100,100,118,5,0.05,9.491060746569616,11.82414126108883,6.323700360679318,0.03349064686276396
