initial_infected_perc,initial_immune_perc,length,height,population_size,contagion_distance,critical_limit,amp_susc,amp_rec,amp_inf,response
0.0013302409752836586,0.006720997392061734,100,100,118,5,0.05,2.970586023059534,3.3328470787743814,9.179958954267985,0.2994004533508932
