initial_infected_perc,initial_immune_perc,length,height,population_size,contagion_distance,critical_limit,amp_susc,amp_rec,amp_inf,response
0.04420605813782376,0.07119306351377454,100,100,118,5,0.05,12.158220550335717,19.27248348667424,12.914993458462142,0.061929527972357595
