initial_infected_perc,initial_immune_perc,length,height,population_size,contagion_distance,critical_limit,amp_susc,amp_rec,amp_inf,response
0.03551175111420719,0.06881087304413792,100,100,118,5,0.05,4.898284545929876,7.353187848766012,17.302155350632656,0.12761855179036916
