initial_infected_perc,initial_immune_perc,length,height,population_size,contagion_distance,critical_limit,amp_susc,amp_rec,amp_inf,response
0.08930524487390372,0.04458308073072276,100,100,118,5,0.05,15.169236097409405,12.98478786341482,5.561624541915473,0.2345594010596508
