initial_infected_perc,initial_immune_perc,length,height,population_size,contagion_distance,critical_limit,amp_susc,amp_rec,amp_inf,response
0.09732805978921967,0.06540149688581433,100,100,118,5,0.05,0.5410104386658898,7.22782573632897,8.522751247558052,0.22135150449862848
