initial_infected_perc,initial_immune_perc,length,height,population_size,contagion_distance,critical_limit,amp_susc,amp_rec,amp_inf,response
0.022912707064507723,0.07270128024623794,100,100,118,5,0.05,15.828450539446486,16.205955363111233,13.521356313742508,0.2684594394829687
