initial_infected_perc,initial_immune_perc,length,height,population_size,contagion_distance,critical_limit,amp_susc,amp_rec,amp_inf,response
0.07690642311756206,0.013921270581799795,100,100,118,5,0.05,9.052192984709443,3.150531714087339,8.112807696747817,0.15408971217632894
