initial_infected_perc,initial_immune_perc,length,height,population_size,contagion_distance,critical_limit,amp_susc,amp_rec,amp_inf,response
0.030716748316381826,0.04044945612664912,100,100,118,5,0.05,12.220155199447444,9.017540635993484,16.530224031871718,0.05134533721634769
