initial_infected_perc,initial_immune_perc,length,height,population_size,contagion_distance,critical_limit,amp_susc,amp_rec,amp_inf,response
0.052594225575233904,0.06060691700467733,100,100,118,5,0.05,15.874570240043981,12.610978861481382,0.589104496646351,0.24174647570823862
