initial_infected_perc,initial_immune_perc,length,height,population_size,contagion_distance,critical_limit,amp_susc,amp_rec,amp_inf,response
0.08470737126123837,0.049302814331531344,100,100,118,5,0.05,1.6996311490015015,1.3495388195224045,5.752573550450282,0.09008417063443674
