initial_infected_perc,initial_immune_perc,length,height,population_size,contagion_distance,critical_limit,amp_susc,amp_rec,amp_inf,response
0.07052488566041157,0.06503537928477361,100,100,118,5,0.05,8.089541097020694,3.485220831040412,9.561331018364749,0.21028175354453263
