initial_infected_perc,initial_immune_perc,length,height,population_size,contagion_distance,critical_limit,amp_susc,amp_rec,amp_inf,response
0.0920962323364029,0.024602662021951285,100,100,118,5,0.05,19.382973700500912,8.660044811125683,1.8207788229363686,0.25782536634403197
