initial_infected_perc,initial_immune_perc,length,height,population_size,contagion_distance,critical_limit,amp_susc,amp_rec,amp_inf,response
0.0818188729210334,0.020559517945395536,100,100,118,5,0.05,18.559304631935003,8.386041995039085,7.127254455046255,0.10831571154299925
