initial_infected_perc,initial_immune_perc,length,height,population_size,contagion_distance,critical_limit,amp_susc,amp_rec,amp_inf,response
0.07914323631628557,0.08663952018640035,100,100,118,5,0.05,8.343334933537342,7.030884558917205,14.875615737569678,0.1292307222035807
