initial_infected_perc,initial_immune_perc,length,height,population_size,contagion_distance,critical_limit,amp_susc,amp_rec,amp_inf,response
0.09040153916712348,0.03778497695002277,100,100,118,5,0.05,16.798589900583437,4.782906871606278,3.9306747289495725,0.28396343754089465
