initial_infected_perc,initial_immune_perc,length,height,population_size,contagion_distance,critical_limit,amp_susc,amp_rec,amp_inf,response
0.09370616899267585,0.08441050811055048,100,100,118,5,0.05,19.027572142449365,14.825916256558987,3.408634980376839,0.07496437680158986
