initial_infected_perc,initial_immune_perc,length,height,population_size,contagion_distance,critical_limit,amp_susc,amp_rec,amp_inf,response
0.04457227348716019,0.0037130624203606357,100,100,118,5,0.05,5.9530024635795,17.201322068795893,11.499614154513008,0.08465787029364333
