initial_infected_perc,initial_immune_perc,length,height,population_size,contagion_distance,critical_limit,amp_susc,amp_rec,amp_inf,response
0.08850196006621658,0.09957625732705089,100,100,118,5,0.05,13.600073061780002,18.390793611800976,16.01276176454483,0.1041239609879483
