initial_infected_perc,initial_immune_perc,length,height,population_size,contagion_distance,critical_limit,amp_susc,amp_rec,amp_inf,response
0.08217428021869562,0.01651363003930778,100,100,118,5,0.05,7.205406150462272,17.374579668500786,1.4662241783408048,0.04318522835843717
