initial_infected_perc,initial_immune_perc,length,height,population_size,contagion_distance,critical_limit,amp_susc,amp_rec,amp_inf,response
0.030150001257771043,0.09304733119042374,100,100,118,5,0.05,13.08539927399452,7.898543051065778,14.160021903139375,0.23247115617155936
