initial_infected_perc,initial_immune_perc,length,height,population_size,contagion_distance,critical_limit,amp_susc,amp_rec,amp_inf,response
0.0858477957285346,0.015274905176430953,100,100,118,5,0.05,3.7746655665165307,11.174481840394348,9.168476123228755,0.2846987296036704
