initial_infected_perc,initial_immune_perc,length,height,population_size,contagion_distance,critical_limit,amp_susc,amp_rec,amp_inf,response
0.021706115215442568,0.026627459775265094,100,100,118,5,0.05,12.331583887291284,4.103212061618631,19.335875252919806,0.12327219121612612
