initial_infected_perc,initial_immune_perc,length,height,population_size,contagion_distance,critical_limit,amp_susc,amp_rec,amp_inf,response
0.09575025861853022,0.012244100606252695,100,100,118,5,0.05,2.2239483962110507,4.6401925555269985,15.382252844489146,0.027082703092666048
