initial_infected_perc,initial_immune_perc,length,height,population_size,contagion_distance,critical_limit,amp_susc,amp_rec,amp_inf,response
0.056851615510286925,0.03167358278300369,100,100,118,5,0.05,12.51128574127386,9.982364002423068,3.461627932062663,0.29171197510649355
