initial_infected_perc,initial_immune_perc,length,height,population_size,contagion_distance,critical_limit,amp_susc,amp_rec,amp_inf,response
0.0786889883037075,0.05158391325901449,100,100,118,5,0.05,14.516336449035038,16.190938665307655,13.28469637739165,0.27703048399950997
