initial_infected_perc,initial_immune_perc,length,height,population_size,contagion_distance,critical_limit,amp_susc,amp_rec,amp_inf,response
0.09141577556397258,0.05137815008844868,100,100,118,5,0.05,6.5682022564510145,4.173644234742255,7.546633871305404,0.22239408960647647
