initial_infected_perc,initial_immune_perc,length,height,population_size,contagion_distance,critical_limit,amp_susc,amp_rec,amp_inf,response
0.04747003063842212,0.07529081943584272,100,100,118,5,0.05,13.922139121262276,14.860523213804221,4.593919746358797,0.2244260701262349
