initial_infected_perc,initial_immune_perc,length,height,population_size,contagion_distance,critical_limit,amp_susc,amp_rec,amp_inf,response
0.0414967771956742,0.01805853320229638,100,100,118,5,0.05,6.136059132031728,10.506602684047625,5.498128711617927,0.1360735747695352
