initial_infected_perc,initial_immune_perc,length,height,population_size,contagion_distance,critical_limit,amp_susc,amp_rec,amp_inf,response
0.041379153150162135,0.08868835550061765,100,100,118,5,0.05,14.822558883370995,11.851422264014012,17.15592254820028,0.03152894255418388
