initial_infected_perc,initial_immune_perc,length,height,population_size,contagion_distance,critical_limit,amp_susc,amp_rec,amp_inf,response
0.037822469951363305,0.07647686254129611,100,100,118,5,0.05,0.020959963641571377,17.37283287401967,5.509340230589162,0.0846700425326443
