initial_infected_perc,initial_immune_perc,length,height,population_size,contagion_distance,critical_limit,amp_susc,amp_rec,amp_inf,response
0.06796793346390707,0.07698442828113802,100,100,118,5,0.05,3.8153821092357765,12.0141432334147,9.771596368514857,0.03452343194917298
