initial_infected_perc,initial_immune_perc,length,height,population_size,contagion_distance,critical_limit,amp_susc,amp_rec,amp_inf,response
0.012593378176272086,0.04377933589944038,100,100,118,5,0.05,10.477182639959771,18.901824243158476,14.052220727376039,0.13590490276030398
