initial_infected_perc,initial_immune_perc,length,height,population_size,contagion_distance,critical_limit,amp_susc,amp_rec,amp_inf,response
0.031419104145169456,0.09508938251732,100,100,118,5,0.05,15.450519926663432,14.297548302328666,1.1196651106754096,0.21357859791368103
