initial_infected_perc,initial_immune_perc,length,height,population_size,contagion_distance,critical_limit,amp_susc,amp_rec,amp_inf,response
0.018498229702058732,0.04711474663802151,100,100,118,5,0.05,4.580426620965456,10.530895299665094,4.464865911061633,0.21891784449602258
