initial_infected_perc,initial_immune_perc,length,height,population_size,contagion_distance,critical_limit,amp_susc,amp_rec,amp_inf,response
0.03159778128535545,0.02876172950192002,100,100,118,5,0.05,2.3656090339713343,16.728800420278276,10.134320619891113,0.06880217605198612
