initial_infected_perc,initial_immune_perc,length,height,population_size,contagion_distance,critical_limit,amp_susc,amp_rec,amp_inf,response
0.036040327478803216,0.07530987187229894,100,100,118,5,0.05,0.7728669912274588,11.610375761632358,0.21789185526488453,0.02313235634694145
