initial_infected_perc,initial_immune_perc,length,height,population_size,contagion_distance,critical_limit,amp_susc,amp_rec,amp_inf,response
0.0014241425397569008,0.07736596849304034,100,100,118,5,0.05,6.578692610658782,5.976497575758839,19.99654395940408,0.20361152428826865
