initial_infected_perc,initial_immune_perc,length,height,population_size,contagion_distance,critical_limit,amp_susc,amp_rec,amp_inf,response
0.09330215208825836,0.03456680335136173,100,100,118,5,0.05,15.315960939967933,4.017473095531816,0.024390578668997964,0.16136862776184677
