initial_infected_perc,initial_immune_perc,length,height,population_size,contagion_distance,critical_limit,amp_susc,amp_rec,amp_inf,response
0.037894620025392456,0.05690323293603711,100,100,118,5,0.05,7.574834324875306,8.203385482247826,1.343668282956727,0.05094996915460391
