initial_infected_perc,initial_immune_perc,length,height,population_size,contagion_distance,critical_limit,amp_susc,amp_rec,amp_inf,response
0.006351966714392643,0.028750653426111494,100,100,118,5,0.05,18.769303976746063,14.315816181394364,4.710435349511286,0.28509597411074783
