initial_infected_perc,initial_immune_perc,length,height,population_size,contagion_distance,critical_limit,amp_susc,amp_rec,amp_inf,response
0.02621710777736032,0.02919959395122016,100,100,118,5,0.05,7.201636491182157,15.96446744776005,2.597795864164858,0.2141061084351981
