initial_infected_perc,initial_immune_perc,length,height,population_size,contagion_distance,critical_limit,amp_susc,amp_rec,amp_inf,response
0.06902079114618431,0.014199478482897432,100,100,118,5,0.05,2.995126978597724,14.245615186132625,12.998578331040493,0.13792252191012813
