initial_infected_perc,initial_immune_perc,length,height,population_size,contagion_distance,critical_limit,amp_susc,amp_rec,amp_inf,response
0.08213531730037654,0.026766142045293453,100,100,118,5,0.05,11.842781833255831,1.3558178713506708,16.19934552787346,0.040152539986695414
