initial_infected_perc,initial_immune_perc,length,height,population_size,contagion_distance,critical_limit,amp_susc,amp_rec,amp_inf,response
0.0854151558098301,0.049067483479250475,100,100,118,5,0.05,16.435978964224166,7.268404753616304,1.076668297881187,0.16820807847111116
