initial_infected_perc,initial_immune_perc,length,height,population_size,contagion_distance,critical_limit,amp_susc,amp_rec,amp_inf,response
0.03397273921425716,0.05194542809042294,100,100,118,5,0.05,12.434117489484082,11.95456767624049,2.1102815065065927,0.1184901998016809
