initial_infected_perc,initial_immune_perc,length,height,population_size,contagion_distance,critical_limit,amp_susc,amp_rec,amp_inf,response
0.020331834519893868,0.021313219488271275,100,100,118,5,0.05,12.540902662266209,16.335464720840243,0.29407295112545695,0.020968007962408674
