initial_infected_perc,initial_immune_perc,length,height,population_size,contagion_distance,critical_limit,amp_susc,amp_rec,amp_inf,response
0.039556244034998966,0.08546145045267156,100,100,118,5,0.05,14.201181150222716,18.64784365901051,11.52052022768661,0.20968575043187448
