initial_infected_perc,initial_immune_perc,length,height,population_size,contagion_distance,critical_limit,amp_susc,amp_rec,amp_inf,response
0.01787274731661729,0.07207549966928736,100,100,118,5,0.05,0.3040202939748138,15.5843262435979,1.2776132214426483,0.2416781650998004
