initial_infected_perc,initial_immune_perc,length,height,population_size,contagion_distance,critical_limit,amp_susc,amp_rec,amp_inf,response
0.022357512485000598,0.06086834504808241,100,100,118,5,0.05,3.6881135585150338,5.568977679329786,5.247627678561074,0.1315807366487585
