initial_infected_perc,initial_immune_perc,length,height,population_size,contagion_distance,critical_limit,amp_susc,amp_rec,amp_inf,response
0.02312218565514239,0.03609609793878356,100,100,118,5,0.05,14.124833814987634,1.3553460830800157,7.566714582249419,0.24201543326547362
