initial_infected_perc,initial_immune_perc,length,height,population_size,contagion_distance,critical_limit,amp_susc,amp_rec,amp_inf,response
0.04115463809944267,0.027463919037336318,100,100,118,5,0.05,14.524817514657665,1.6755498099036803,18.111994107453317,0.032335075558234734
