initial_infected_perc,initial_immune_perc,length,height,population_size,contagion_distance,critical_limit,amp_susc,amp_rec,amp_inf,response
0.06226723091208084,0.08679023577771847,100,100,118,5,0.05,17.828750524552813,19.734392175977803,14.607924094238982,0.12410295632804969
