initial_infected_perc,initial_immune_perc,length,height,population_size,contagion_distance,critical_limit,amp_susc,amp_rec,amp_inf,response
0.09920791071892615,0.040695975404653965,100,100,118,5,0.05,5.752915194935026,10.231438556750431,5.915715582344328,0.17879007627748042
