initial_infected_perc,initial_immune_perc,length,height,population_size,contagion_distance,critical_limit,amp_susc,amp_rec,amp_inf,response
0.0699913238700335,0.07751774947484605,100,100,118,5,0.05,13.938322871107424,1.5518564266650103,4.468799305530792,0.1755740838289561
