initial_infected_perc,initial_immune_perc,length,height,population_size,contagion_distance,critical_limit,amp_susc,amp_rec,amp_inf,response
0.015125128758404672,0.07231578876222315,100,100,118,5,0.05,13.59562867069947,4.642656750900329,18.211605945249957,0.18587404108443223
