initial_infected_perc,initial_immune_perc,length,height,population_size,contagion_distance,critical_limit,amp_susc,amp_rec,amp_inf,response
0.0072277510652677185,0.056935227797353855,100,100,118,5,0.05,11.535937331366677,16.832966942617485,14.866034474336036,0.18710044870427275
