initial_infected_perc,initial_immune_perc,length,height,population_size,contagion_distance,critical_limit,amp_susc,amp_rec,amp_inf,response
0.008244376630176421,0.06393245909159666,100,100,118,5,0.05,9.436885345820452,0.05538829537314216,6.815300267151503,0.2991791764161828
