initial_infected_perc,initial_immune_perc,length,height,population_size,contagion_distance,critical_limit,amp_susc,amp_rec,amp_inf,response
0.0671189019512853,0.07811614625100208,100,100,118,5,0.05,1.6354874362778427,18.93354504091039,18.952512443829804,0.008970392792124937
