initial_infected_perc,initial_immune_perc,length,height,population_size,contagion_distance,critical_limit,amp_susc,amp_rec,amp_inf,response
0.01927712697089782,0.0894193511384665,100,100,118,5,0.05,5.3248598281271375,8.14147442238249,14.920063330465076,0.07902502944305191
