initial_infected_perc,initial_immune_perc,length,height,population_size,contagion_distance,critical_limit,amp_susc,amp_rec,amp_inf,response
0.04422787791255861,0.00025124893566239595,100,100,118,5,0.05,4.766821100792146,13.132228864182814,7.40043691473232,0.25235786429271556
