initial_infected_perc,initial_immune_perc,length,height,population_size,contagion_distance,critical_limit,amp_susc,amp_rec,amp_inf,response
0.0981052804455913,0.023108549664560843,100,100,118,5,0.05,7.7676201932402655,14.96259178502003,1.1816121591754825,0.12084839224974685
