initial_infected_perc,initial_immune_perc,length,height,population_size,contagion_distance,critical_limit,amp_susc,amp_rec,amp_inf,response
0.03432552176427394,0.010799914952956992,100,100,118,5,0.05,5.976245658374227,6.351764022444579,7.1361412811928755,0.24957419904913453
