initial_infected_perc,initial_immune_perc,length,height,population_size,contagion_distance,critical_limit,amp_susc,amp_rec,amp_inf,response
0.06696222616249368,0.02584513722747832,100,100,118,5,0.05,7.900120121211391,13.89569772278117,3.454489104961318,0.2829941662754183
