initial_infected_perc,initial_immune_perc,length,height,population_size,contagion_distance,critical_limit,amp_susc,amp_rec,amp_inf,response
0.03993389603803389,0.011582498736016557,100,100,118,5,0.05,0.3994931369358179,8.308207753164483,11.793154861157635,0.21426975000384732
