initial_infected_perc,initial_immune_perc,length,height,population_size,contagion_distance,critical_limit,amp_susc,amp_rec,amp_inf,response
0.018331124014999967,0.07259966654650817,100,100,118,5,0.05,6.713822456072098,0.4687233720818851,3.649126298306531,0.19851317306174257
