initial_infected_perc,initial_immune_perc,length,height,population_size,contagion_distance,critical_limit,amp_susc,amp_rec,amp_inf,response
0.07807513691707037,0.02301245053882929,100,100,118,5,0.05,17.147020485071312,13.834906087332019,16.42597438809577,0.1555329984395691
