initial_infected_perc,initial_immune_perc,length,height,population_size,contagion_distance,critical_limit,amp_susc,amp_rec,amp_inf,response
0.003978399282076062,0.05108446071312237,100,100,118,5,0.05,0.24520018440788327,3.3194780454298956,19.463554089312392,0.09739347292650924
