initial_infected_perc,initial_immune_perc,length,height,population_size,contagion_distance,critical_limit,amp_susc,amp_rec,amp_inf,response
0.034613379115309206,0.07735412533262748,100,100,118,5,0.05,7.3795626137446675,14.326760807117115,11.837059265241782,0.22138687375731253
