initial_infected_perc,initial_immune_perc,length,height,population_size,contagion_distance,critical_limit,amp_susc,amp_rec,amp_inf,response
0.06522784992034995,0.02589252450330747,100,100,118,5,0.05,16.30058451778701,3.431629767025366,2.8041826834669914,0.04118543374256356
