initial_infected_perc,initial_immune_perc,length,height,population_size,contagion_distance,critical_limit,amp_susc,amp_rec,amp_inf,response
5.283985373318867e-05,0.09434794976229874,100,100,118,5,0.05,16.220374867105356,2.094431999259807,6.484763504310235,0.22972026238527873
