initial_infected_perc,initial_immune_perc,length,height,population_size,contagion_distance,critical_limit,amp_susc,amp_rec,amp_inf,response
0.04769575248582796,0.058320660284426076,100,100,118,5,0.05,18.95838001361331,2.4582768867649007,10.05394586328557,0.09683891956335984
