initial_infected_perc,initial_immune_perc,length,height,population_size,contagion_distance,critical_limit,amp_susc,amp_rec,amp_inf,response
0.009634643432900625,0.006407410965726734,100,100,118,5,0.05,0.5059823660771667,19.367242383451014,7.052660035334847,0.03502813286690304
