initial_infected_perc,initial_immune_perc,length,height,population_size,contagion_distance,critical_limit,amp_susc,amp_rec,amp_inf,response
0.054132260694725765,0.007650998960929445,100,100,118,5,0.05,0.7496900057128597,14.624418301795178,4.656269223002926,0.19335868651866756
