initial_infected_perc,initial_immune_perc,length,height,population_size,contagion_distance,critical_limit,amp_susc,amp_rec,amp_inf,response
0.0077069825810027305,0.04282358771773434,100,100,118,5,0.05,10.848255581179878,0.7867741835251052,8.630594196405287,0.019566909841596546
