initial_infected_perc,initial_immune_perc,length,height,population_size,contagion_distance,critical_limit,amp_susc,amp_rec,amp_inf,response
0.011508251616509802,0.04932633784578675,100,100,118,5,0.05,1.9736765501931774,2.021603264659997,14.918150896466038,0.15824140626153574
