initial_infected_perc,initial_immune_perc,length,height,population_size,contagion_distance,critical_limit,amp_susc,amp_rec,amp_inf,response
0.040738998629899895,0.07133396438136602,100,100,118,5,0.05,3.458014386743895,15.236881001763278,1.050045144218581,0.08871799761288567
