initial_infected_perc,initial_immune_perc,length,height,population_size,contagion_distance,critical_limit,amp_susc,amp_rec,amp_inf,response
0.07631963787538756,0.06516860733612719,100,100,118,5,0.05,7.6261416057159925,19.97877652204733,15.213812313992186,0.020934264935508817
