initial_infected_perc,initial_immune_perc,length,height,population_size,contagion_distance,critical_limit,amp_susc,amp_rec,amp_inf,response
0.04496319045736372,0.06210058110072453,100,100,118,5,0.05,17.632757344931083,13.537244938048548,14.80075627992674,0.17393874477021462
