initial_infected_perc,initial_immune_perc,length,height,population_size,contagion_distance,critical_limit,amp_susc,amp_rec,amp_inf,response
0.045476387156800004,0.046532669508001945,100,100,118,5,0.05,17.88765920669461,12.907809282281965,10.430914231128076,0.21847400225358593
