initial_infected_perc,initial_immune_perc,length,height,population_size,contagion_distance,critical_limit,amp_susc,amp_rec,amp_inf,response
0.07977622007060944,0.07723898763257424,100,100,118,5,0.05,11.819703482424034,17.02540570885149,15.06968293645894,0.0578573508629345
