initial_infected_perc,initial_immune_perc,length,height,population_size,contagion_distance,critical_limit,amp_susc,amp_rec,amp_inf,response
0.010073849714159356,0.051862788089387116,100,100,118,5,0.05,6.649070666821871,10.791502922539845,15.565772232543305,0.08513003598948814
