initial_infected_perc,initial_immune_perc,length,height,population_size,contagion_distance,critical_limit,amp_susc,amp_rec,amp_inf,response
0.009663012666681082,0.07284780920312023,100,100,118,5,0.05,8.089485556690963,17.746200873592826,12.735631591415311,0.1487109836919048
