initial_infected_perc,initial_immune_perc,length,height,population_size,contagion_distance,critical_limit,amp_susc,amp_rec,amp_inf,response
0.040644309281801884,0.008798464632750703,100,100,118,5,0.05,5.79935543129211,2.92604017100498,4.03404737914647,0.25930981948103077
