initial_infected_perc,initial_immune_perc,length,height,population_size,contagion_distance,critical_limit,amp_susc,amp_rec,amp_inf,response
0.02213574903549952,0.016920492009852774,100,100,118,5,0.05,3.8023042866065526,16.12449151516411,9.119868121290803,0.208470773477547
