initial_infected_perc,initial_immune_perc,length,height,population_size,contagion_distance,critical_limit,amp_susc,amp_rec,amp_inf,response
0.07980055176458788,0.034979764714599675,100,100,118,5,0.05,17.313866881631203,2.0871000814850715,13.657278448092637,0.2987310025431827
