initial_infected_perc,initial_immune_perc,length,height,population_size,contagion_distance,critical_limit,amp_susc,amp_rec,amp_inf,response
0.05021242970182033,0.07901029588030593,100,100,118,5,0.05,3.5835130773703527,14.48794241266051,19.449435440286152,0.29902183435224383
