initial_infected_perc,initial_immune_perc,length,height,population_size,contagion_distance,critical_limit,amp_susc,amp_rec,amp_inf,response
0.08659272317274905,0.05303837569661035,100,100,118,5,0.05,6.157705051754931,15.33269935323739,10.870476918786355,0.18542223949234635
