initial_infected_perc,initial_immune_perc,length,height,population_size,contagion_distance,critical_limit,amp_susc,amp_rec,amp_inf,response
0.03374071245748842,0.0420299291834173,100,100,118,5,0.05,12.28484090004121,4.0074874028830205,11.435158714361084,0.038067477758488455
