initial_infected_perc,initial_immune_perc,length,height,population_size,contagion_distance,critical_limit,amp_susc,amp_rec,amp_inf,response
0.03972331029567298,0.08104048664185544,100,100,118,5,0.05,11.43587469828893,13.999670803177985,18.538802203061294,0.2901833424950083
