initial_infected_perc,initial_immune_perc,length,height,population_size,contagion_distance,critical_limit,amp_susc,amp_rec,amp_inf,response
0.019925831989647615,0.0751202265657631,100,100,118,5,0.05,6.119630705405317,18.548738330897883,3.563722717907043,0.03294529751781735
