initial_infected_perc,initial_immune_perc,length,height,population_size,contagion_distance,critical_limit,amp_susc,amp_rec,amp_inf,response
0.09663235935892463,0.019114333167393107,100,100,118,5,0.05,13.775046359896532,14.168903295679238,0.889850466918154,0.033069822968680516
