initial_infected_perc,initial_immune_perc,length,height,population_size,contagion_distance,critical_limit,amp_susc,amp_rec,amp_inf,response
0.0026397389190701117,0.012545134826995942,100,100,118,5,0.05,19.90431105633919,17.921067185448962,15.728019756212994,0.24310041476530708
