initial_infected_perc,initial_immune_perc,length,height,population_size,contagion_distance,critical_limit,amp_susc,amp_rec,amp_inf,response
0.08971803157072242,0.018687146825594424,100,100,118,5,0.05,8.2192481563842,7.391065435155042,3.3764265951380756,0.14007320856939226
