initial_infected_perc,initial_immune_perc,length,height,population_size,contagion_distance,critical_limit,amp_susc,amp_rec,amp_inf,response
0.0009503076575593906,0.03862847842310316,100,100,118,5,0.05,5.399456942481427,19.69229066684275,11.5331751154571,0.2962534626287837
