initial_infected_perc,initial_immune_perc,length,height,population_size,contagion_distance,critical_limit,amp_susc,amp_rec,amp_inf,response
0.05972973279089144,0.09324110439658005,100,100,118,5,0.05,12.170346599206232,18.73610378392994,12.17870766570191,0.21654124101279557
