initial_infected_perc,initial_immune_perc,length,height,population_size,contagion_distance,critical_limit,amp_susc,amp_rec,amp_inf,response
0.07795584748411834,0.003989233286789829,100,100,118,5,0.05,17.192294977753374,14.083938946618959,5.595719212150252,0.23832737842771887
