initial_infected_perc,initial_immune_perc,length,height,population_size,contagion_distance,critical_limit,amp_susc,amp_rec,amp_inf,response
0.008739569196703168,0.07651254763407621,100,100,118,5,0.05,9.623891897428532,6.700949033417254,6.466095649546677,0.24344074076984148
