initial_infected_perc,initial_immune_perc,length,height,population_size,contagion_distance,critical_limit,amp_susc,amp_rec,amp_inf,response
0.023218439776356837,0.03302768242476382,100,100,118,5,0.05,5.325069100217501,12.590818551305048,3.764894749161498,0.1903993202047374
