initial_infected_perc,initial_immune_perc,length,height,population_size,contagion_distance,critical_limit,amp_susc,amp_rec,amp_inf,response
0.0077860859100312265,0.08732281154268846,100,100,118,5,0.05,12.423578333406196,7.762427712217017,7.075184484747825,0.15335311228581666
