initial_infected_perc,initial_immune_perc,length,height,population_size,contagion_distance,critical_limit,amp_susc,amp_rec,amp_inf,response
0.04480828775855189,0.08926266811169199,100,100,118,5,0.05,7.4581232726574616,19.811150049152175,18.97914802199696,0.27620618066860936
