initial_infected_perc,initial_immune_perc,length,height,population_size,contagion_distance,critical_limit,amp_susc,amp_rec,amp_inf,response
0.09254869036805395,0.021903246328845317,100,100,118,5,0.05,9.679910603870443,3.7486121491821933,10.072260144897385,0.176174843037901
