initial_infected_perc,initial_immune_perc,length,height,population_size,contagion_distance,critical_limit,amp_susc,amp_rec,amp_inf,response
0.023838662852725914,0.03686458037113562,100,100,118,5,0.05,16.30273175743067,10.454111563531752,6.8666462221035784,0.0060160161948740855
