initial_infected_perc,initial_immune_perc,length,height,population_size,contagion_distance,critical_limit,amp_susc,amp_rec,amp_inf,response
0.041968131244688026,0.0794702661821702,100,100,118,5,0.05,18.676442829351252,2.890284791733786,14.440910937302016,0.025670102922021407
