initial_infected_perc,initial_immune_perc,length,height,population_size,contagion_distance,critical_limit,amp_susc,amp_rec,amp_inf,response
0.05430385700681805,0.07323589556114365,100,100,118,5,0.05,8.393083209203443,18.01255210997191,14.007691737876497,0.19818331922198099
