initial_infected_perc,initial_immune_perc,length,height,population_size,contagion_distance,critical_limit,amp_susc,amp_rec,amp_inf,response
0.020015314003563357,0.012852954358096436,100,100,118,5,0.05,13.68375497130112,13.355709608083512,4.875723684142173,0.013519304363134832
