initial_infected_perc,initial_immune_perc,length,height,population_size,contagion_distance,critical_limit,amp_susc,amp_rec,amp_inf,response
0.005440092885686799,0.03401134321149725,100,100,118,5,0.05,16.206785321408987,15.007489116632067,17.111482147993037,0.27516545585273633
