initial_infected_perc,initial_immune_perc,length,height,population_size,contagion_distance,critical_limit,amp_susc,amp_rec,amp_inf,response
0.09854905403091373,0.0834953078019225,100,100,118,5,0.05,17.1210871971221,10.92895632874008,5.52805660652594,0.2523330685486714
