initial_infected_perc,initial_immune_perc,length,height,population_size,contagion_distance,critical_limit,amp_susc,amp_rec,amp_inf,response
0.044225110385635785,0.09449484564185896,100,100,118,5,0.05,19.747550577506864,13.136394954037737,10.087233471894281,0.04397613522760104
