initial_infected_perc,initial_immune_perc,length,height,population_size,contagion_distance,critical_limit,amp_susc,amp_rec,amp_inf,response
0.08125160235587334,0.08037656153710436,100,100,118,5,0.05,4.608708607064445,11.158482260155028,5.9785224600553715,0.2352601518784274
