initial_infected_perc,initial_immune_perc,length,height,population_size,contagion_distance,critical_limit,amp_susc,amp_rec,amp_inf,response
0.013119620777506403,0.09996628051036884,100,100,118,5,0.05,19.935182503973333,0.15962540323921193,9.94815226241453,0.16841733368681047
