initial_infected_perc,initial_immune_perc,length,height,population_size,contagion_distance,critical_limit,amp_susc,amp_rec,amp_inf,response
0.0667588250566763,0.035059751357132386,100,100,118,5,0.05,3.4723113272619788,10.72506714189923,1.3219735726470416,0.0729249896185727
