initial_infected_perc,initial_immune_perc,length,height,population_size,contagion_distance,critical_limit,amp_susc,amp_rec,amp_inf,response
0.06668304369215597,0.030167239858459052,100,100,118,5,0.05,3.858110117489646,15.15516725465485,9.139294234566446,0.051313788497579324
