initial_infected_perc,initial_immune_perc,length,height,population_size,contagion_distance,critical_limit,amp_susc,amp_rec,amp_inf,response
0.012623916666881663,0.04998251934043966,100,100,118,5,0.05,18.986865732337513,18.107019075053806,15.378723767437084,0.07854850511412678
