initial_infected_perc,initial_immune_perc,length,height,population_size,contagion_distance,critical_limit,amp_susc,amp_rec,amp_inf,response
0.09512191003492973,0.05373828525501632,100,100,118,5,0.05,4.1150476412918735,5.231874300033395,2.7619021889412854,0.10447385936046093
