initial_infected_perc,initial_immune_perc,length,height,population_size,contagion_distance,critical_limit,amp_susc,amp_rec,amp_inf,response
0.06404943964875927,0.02884855019765985,100,100,118,5,0.05,3.3318421155950295,3.312114181259329,12.911424095532347,0.04295660991705107
