initial_infected_perc,initial_immune_perc,length,height,population_size,contagion_distance,critical_limit,amp_susc,amp_rec,amp_inf,response
0.06555378977773844,0.07496108333912584,100,100,118,5,0.05,15.816350562428585,6.9383380096449,5.9954636885758,0.15702178860366656
