initial_infected_perc,initial_immune_perc,length,height,population_size,contagion_distance,critical_limit,amp_susc,amp_rec,amp_inf,response
0.05591919199918885,0.06808321875693805,100,100,118,5,0.05,15.522928206164597,6.383838321176,16.449665002035804,0.10708388550488467
