initial_infected_perc,initial_immune_perc,length,height,population_size,contagion_distance,critical_limit,amp_susc,amp_rec,amp_inf,response
0.050953386953519524,0.0853179111310966,100,100,118,5,0.05,9.651304150673203,9.292660373936453,6.026378779349009,0.2740952937544978
