initial_infected_perc,initial_immune_perc,length,height,population_size,contagion_distance,critical_limit,amp_susc,amp_rec,amp_inf,response
0.07370736108637661,0.018253909724774343,100,100,118,5,0.05,14.221836607329417,1.5546498621253524,5.592347883130211,0.14724409733029428
