initial_infected_perc,initial_immune_perc,length,height,population_size,contagion_distance,critical_limit,amp_susc,amp_rec,amp_inf,response
0.09520024140034135,0.04634151833660077,100,100,118,5,0.05,7.895732389008474,3.306468625050616,5.66618295850184,0.25216729961938306
