initial_infected_perc,initial_immune_perc,length,height,population_size,contagion_distance,critical_limit,amp_susc,amp_rec,amp_inf,response
0.01761812517172844,0.051626788946567304,100,100,118,5,0.05,10.525713106662327,1.0060680221059437,7.204219124192752,0.05332100412009503
