initial_infected_perc,initial_immune_perc,length,height,population_size,contagion_distance,critical_limit,amp_susc,amp_rec,amp_inf,response
0.06067692522810658,0.053974425385836834,100,100,118,5,0.05,11.796964114629699,8.743657414836854,4.084449932788963,0.2084628905040534
