initial_infected_perc,initial_immune_perc,length,height,population_size,contagion_distance,critical_limit,amp_susc,amp_rec,amp_inf,response
0.09791809123154419,0.00857749438102442,100,100,118,5,0.05,1.1518626393533782,12.1265417749947,15.115398498063188,0.18481065024415538
