initial_infected_perc,initial_immune_perc,length,height,population_size,contagion_distance,critical_limit,amp_susc,amp_rec,amp_inf,response
0.04497522861605538,0.06203257850093698,100,100,118,5,0.05,4.183130129684707,8.067068912089773,17.11266204997934,0.23591043563856223
