initial_infected_perc,initial_immune_perc,length,height,population_size,contagion_distance,critical_limit,amp_susc,amp_rec,amp_inf,response
0.07609156035536739,0.06673543640733526,100,100,118,5,0.05,2.7507233787098384,8.536586702059896,11.089085567656872,0.161820416675641
