initial_infected_perc,initial_immune_perc,length,height,population_size,contagion_distance,critical_limit,amp_susc,amp_rec,amp_inf,response
0.09830462055872034,0.09920709836131743,100,100,118,5,0.05,7.283956821896995,7.701764488452259,18.47558416716675,0.1462609355873298
