initial_infected_perc,initial_immune_perc,length,height,population_size,contagion_distance,critical_limit,amp_susc,amp_rec,amp_inf,response
0.01483278298976617,0.09570663353480519,100,100,118,5,0.05,7.837858607632517,12.447305856421034,5.7757907540817754,0.00767999682490903
