initial_infected_perc,initial_immune_perc,length,height,population_size,contagion_distance,critical_limit,amp_susc,amp_rec,amp_inf,response
0.08208227002139475,0.03337270624823333,100,100,118,5,0.05,13.624070154070957,5.445235075176738,16.95569632580427,0.0021123170039219264
