initial_infected_perc,initial_immune_perc,length,height,population_size,contagion_distance,critical_limit,amp_susc,amp_rec,amp_inf,response
0.09338128726554942,0.07086849789666881,100,100,118,5,0.05,18.401406988713603,12.005191518911065,3.805169229056864,0.035001557028489415
