initial_infected_perc,initial_immune_perc,length,height,population_size,contagion_distance,critical_limit,amp_susc,amp_rec,amp_inf,response
0.07913968644805966,0.015163238420102643,100,100,118,5,0.05,6.878147895905631,8.892817868400126,0.9575829787652967,0.1996324612790891
