initial_infected_perc,initial_immune_perc,length,height,population_size,contagion_distance,critical_limit,amp_susc,amp_rec,amp_inf,response
0.05625295637488151,0.007624964701019621,100,100,118,5,0.05,10.114463528325581,7.105591039461954,10.904645883867056,0.18697759927451024
