initial_infected_perc,initial_immune_perc,length,height,population_size,contagion_distance,critical_limit,amp_susc,amp_rec,amp_inf,response
0.05238137691158917,0.036424576260068946,100,100,118,5,0.05,6.2227427079194,3.148043544927963,17.051594576988304,0.17867117237468244
