initial_infected_perc,initial_immune_perc,length,height,population_size,contagion_distance,critical_limit,amp_susc,amp_rec,amp_inf,response
0.09355917976430178,0.09689449647654517,100,100,118,5,0.05,4.578050998414918,11.912559206843074,12.163402431066393,0.2737259303793906
