initial_infected_perc,initial_immune_perc,length,height,population_size,contagion_distance,critical_limit,amp_susc,amp_rec,amp_inf,response
0.06976521130900018,0.04546142443496947,100,100,118,5,0.05,16.736386693959297,9.571665130729293,2.6180183357745923,0.1136709499082303
