initial_infected_perc,initial_immune_perc,length,height,population_size,contagion_distance,critical_limit,amp_susc,amp_rec,amp_inf,response
0.03199431763095089,0.022571188358055685,100,100,118,5,0.05,8.462263858966985,8.034919331404888,4.4618872743423355,0.2806378787067095
