initial_infected_perc,initial_immune_perc,length,height,population_size,contagion_distance,critical_limit,amp_susc,amp_rec,amp_inf,response
0.022139828819705578,0.010332343460589434,100,100,118,5,0.05,18.72421640211985,3.4984104817976447,7.669778539061745,0.010043331039959824
