initial_infected_perc,initial_immune_perc,length,height,population_size,contagion_distance,critical_limit,amp_susc,amp_rec,amp_inf,response
0.055898946764031524,0.09642713098697415,100,100,118,5,0.05,5.283436836846274,19.947708574126857,4.027930886959172,0.18124293542589157
