initial_infected_perc,initial_immune_perc,length,height,population_size,contagion_distance,critical_limit,amp_susc,amp_rec,amp_inf,response
0.0870663634063673,0.04547823047790259,100,100,118,5,0.05,18.626209504890483,15.700374875275811,7.106010707000507,0.26945240153527694
