initial_infected_perc,initial_immune_perc,length,height,population_size,contagion_distance,critical_limit,amp_susc,amp_rec,amp_inf,response
0.024860421960112213,0.013489335396866298,100,100,118,5,0.05,6.752949689550496,9.488950352053365,4.068625277423581,0.18066875090274326
