initial_infected_perc,initial_immune_perc,length,height,population_size,contagion_distance,critical_limit,amp_susc,amp_rec,amp_inf,response
0.08907615874513469,0.08724672414776752,100,100,118,5,0.05,11.792255531151959,3.854536393250745,19.103650118843923,0.12959659635190382
