initial_infected_perc,initial_immune_perc,length,height,population_size,contagion_distance,critical_limit,amp_susc,amp_rec,amp_inf,response
0.03373609038733873,0.030225929962353917,100,100,118,5,0.05,1.0530501144284976,2.0115788924675315,3.8961616558841405,0.05816127251206754
