initial_infected_perc,initial_immune_perc,length,height,population_size,contagion_distance,critical_limit,amp_susc,amp_rec,amp_inf,response
0.04937901198933634,0.020997949956397546,100,100,118,5,0.05,3.95495458858117,8.01463784389857,7.341809333062599,0.291046798624054
