initial_infected_perc,initial_immune_perc,length,height,population_size,contagion_distance,critical_limit,amp_susc,amp_rec,amp_inf,response
0.009848907770996363,0.028836897764099992,100,100,118,5,0.05,14.08679829982429,9.525939892698199,6.5243566147203484,0.17810608621665858
