initial_infected_perc,initial_immune_perc,length,height,population_size,contagion_distance,critical_limit,amp_susc,amp_rec,amp_inf,response
0.0030457286514834815,0.04726102637011895,100,100,118,5,0.05,13.127369812485925,3.2498581239364244,0.9725830394016777,0.18294809516633034
