initial_infected_perc,initial_immune_perc,length,height,population_size,contagion_distance,critical_limit,amp_susc,amp_rec,amp_inf,response
0.0731430174128981,0.07073762827584165,100,100,118,5,0.05,12.162024163091818,1.4742226198487218,19.885012600049997,0.2310282001079077
