initial_infected_perc,initial_immune_perc,length,height,population_size,contagion_distance,critical_limit,amp_susc,amp_rec,amp_inf,response
0.07327535336075605,0.04197841036167896,100,100,118,5,0.05,3.3065421206219203,15.150373837015465,12.398382197215817,0.0825222393616611
