initial_infected_perc,initial_immune_perc,length,height,population_size,contagion_distance,critical_limit,amp_susc,amp_rec,amp_inf,response
0.08569287513359208,0.02066234452276421,100,100,118,5,0.05,17.97532746637874,16.214510266702447,18.528446766752978,0.29771160847638867
