initial_infected_perc,initial_immune_perc,length,height,population_size,contagion_distance,critical_limit,amp_susc,amp_rec,amp_inf,response
0.0761826151679801,0.059975179339660595,100,100,118,5,0.05,0.9020615738474413,5.822523173208516,5.416422225006345,0.22510176064522097
