initial_infected_perc,initial_immune_perc,length,height,population_size,contagion_distance,critical_limit,amp_susc,amp_rec,amp_inf,response
0.06765009925268547,0.03584540858681028,100,100,118,5,0.05,12.18763867565287,8.722723262169632,5.740130470921667,0.2142925162996089
