initial_infected_perc,initial_immune_perc,length,height,population_size,contagion_distance,critical_limit,amp_susc,amp_rec,amp_inf,response
0.09815121215655423,0.07642283037055225,100,100,118,5,0.05,7.435021256069736,19.507862523832905,4.09309457846587,0.15937322568228074
