initial_infected_perc,initial_immune_perc,length,height,population_size,contagion_distance,critical_limit,amp_susc,amp_rec,amp_inf,response
0.09174229764619149,0.042169005977861364,100,100,118,5,0.05,14.566791607007872,18.50822878326874,5.950259812356171,0.17639558408388714
