initial_infected_perc,initial_immune_perc,length,height,population_size,contagion_distance,critical_limit,amp_susc,amp_rec,amp_inf,response
0.05929393775929059,0.05486451344484649,100,100,118,5,0.05,14.279007751461123,5.876740341734681,17.180480725547493,0.151721791283277
