initial_infected_perc,initial_immune_perc,length,height,population_size,contagion_distance,critical_limit,amp_susc,amp_rec,amp_inf,response
0.0463227012050356,0.09054425801215776,100,100,118,5,0.05,9.023497144567434,10.940577572531154,1.5353454140892864,0.1520005767542473
