initial_infected_perc,initial_immune_perc,length,height,population_size,contagion_distance,critical_limit,amp_susc,amp_rec,amp_inf,response
0.0843037681562585,0.06060707480467628,100,100,118,5,0.05,5.477817013343891,14.630637848874775,10.25342971586565,0.13987978378094243
