initial_infected_perc,initial_immune_perc,length,height,population_size,contagion_distance,critical_limit,amp_susc,amp_rec,amp_inf,response
0.0870677951596658,0.06789017741091015,100,100,118,5,0.05,11.262781348719733,3.3355771098802434,19.674280540884645,0.24867370574978945
