initial_infected_perc,initial_immune_perc,length,height,population_size,contagion_distance,critical_limit,amp_susc,amp_rec,amp_inf,response
0.043538823011123266,0.05246706049759804,100,100,118,5,0.05,9.895731665175823,1.2635729718287503,18.83913970375035,0.21260708703900086
