initial_infected_perc,initial_immune_perc,length,height,population_size,contagion_distance,critical_limit,amp_susc,amp_rec,amp_inf,response
0.07480573930154454,0.02543128097964592,100,100,118,5,0.05,14.415766653749406,9.97585265030594,1.4503802419686163,0.20530075923883184
