initial_infected_perc,initial_immune_perc,length,height,population_size,contagion_distance,critical_limit,amp_susc,amp_rec,amp_inf,response
0.0808244306162312,0.016180769379256634,100,100,118,5,0.05,0.7674317793356389,0.0734048952627453,4.459643734494911,0.07594778293450127
