initial_infected_perc,initial_immune_perc,length,height,population_size,contagion_distance,critical_limit,amp_susc,amp_rec,amp_inf,response
0.027466305305474326,0.03955759977959983,100,100,118,5,0.05,17.363577570067665,4.6293135995224866,3.6089092026248037,0.06390654209275075
