initial_infected_perc,initial_immune_perc,length,height,population_size,contagion_distance,critical_limit,amp_susc,amp_rec,amp_inf,response
0.07724987890086701,0.06995895372049404,100,100,118,5,0.05,5.7709994300565555,19.213374810296195,7.6449050088583,0.03447168625894228
