initial_infected_perc,initial_immune_perc,length,height,population_size,contagion_distance,critical_limit,amp_susc,amp_rec,amp_inf,response
0.04640774051509392,0.08692825694109405,100,100,118,5,0.05,19.025407490237264,7.461616553337372,2.8079323849409876,0.022231088488695625
