initial_infected_perc,initial_immune_perc,length,height,population_size,contagion_distance,critical_limit,amp_susc,amp_rec,amp_inf,response
0.024872438765251637,0.09310764784249488,100,100,118,5,0.05,7.724581620717503,5.670260874657213,10.551584870277193,0.19627539405392266
