initial_infected_perc,initial_immune_perc,length,height,population_size,contagion_distance,critical_limit,amp_susc,amp_rec,amp_inf,response
0.09174199744296163,0.06030679900777424,100,100,118,5,0.05,13.469256413959634,19.380743604925023,7.995942697035283,0.11707873511700112
