initial_infected_perc,initial_immune_perc,length,height,population_size,contagion_distance,critical_limit,amp_susc,amp_rec,amp_inf,response
0.049713381195430284,0.0004050640021888152,100,100,118,5,0.05,18.97134461516788,19.38327862308182,16.594002073841075,0.1257763461969654
