initial_infected_perc,initial_immune_perc,length,height,population_size,contagion_distance,critical_limit,amp_susc,amp_rec,amp_inf,response
0.006933272662863588,0.09587235776884655,100,100,118,5,0.05,6.58735879351477,16.296285365551427,12.131288984136411,0.1370565803995916
