initial_infected_perc,initial_immune_perc,length,height,population_size,contagion_distance,critical_limit,amp_susc,amp_rec,amp_inf,response
0.09644251205983775,0.08949484640554439,100,100,118,5,0.05,12.588615581242223,7.952677896610725,15.048258120608116,0.08995370216317534
