initial_infected_perc,initial_immune_perc,length,height,population_size,contagion_distance,critical_limit,amp_susc,amp_rec,amp_inf,response
0.04120416600771215,0.005769224126194639,100,100,118,5,0.05,2.790715052543178,13.007912709799488,14.770520242900975,0.07421086464553439
