initial_infected_perc,initial_immune_perc,length,height,population_size,contagion_distance,critical_limit,amp_susc,amp_rec,amp_inf,response
0.040514046782443594,0.02902480375827379,100,100,118,5,0.05,8.397433663833729,18.206939791622304,7.732045048317808,0.11367201966443
