initial_infected_perc,initial_immune_perc,length,height,population_size,contagion_distance,critical_limit,amp_susc,amp_rec,amp_inf,response
0.060156029551197726,0.008395559740898362,100,100,118,5,0.05,7.6426210075091845,9.35658486959914,17.6417778480744,0.038378871953899336
