initial_infected_perc,initial_immune_perc,length,height,population_size,contagion_distance,critical_limit,amp_susc,amp_rec,amp_inf,response
0.033375398201330835,0.0960185656458952,100,100,118,5,0.05,16.675968882615315,6.058896606838935,6.329847181180412,0.027298911711540606
