initial_infected_perc,initial_immune_perc,length,height,population_size,contagion_distance,critical_limit,amp_susc,amp_rec,amp_inf,response
0.06540517504924916,0.08895543907929364,100,100,118,5,0.05,10.80365055008221,11.880554278991731,18.45844633205221,0.006529748114820833
