initial_infected_perc,initial_immune_perc,length,height,population_size,contagion_distance,critical_limit,amp_susc,amp_rec,amp_inf,response
0.08100337812969254,0.03249414261483983,100,100,118,5,0.05,16.94413732034486,7.7867717618818855,3.2879747189557507,0.14382350948337377
