initial_infected_perc,initial_immune_perc,length,height,population_size,contagion_distance,critical_limit,amp_susc,amp_rec,amp_inf,response
0.06865776717707882,0.09798080518458391,100,100,118,5,0.05,6.070735348855267,14.965104881458206,4.5023771744986085,0.010037525719673535
