initial_infected_perc,initial_immune_perc,length,height,population_size,contagion_distance,critical_limit,amp_susc,amp_rec,amp_inf,response
0.01868708141744876,0.066983981549941,100,100,118,5,0.05,13.316165175751244,3.822495719229575,2.6897292692886854,0.022392779995664167
