initial_infected_perc,initial_immune_perc,length,height,population_size,contagion_distance,critical_limit,amp_susc,amp_rec,amp_inf,response
0.07947023571696625,0.07671894171433391,100,100,118,5,0.05,19.70450896965749,15.253805080132384,5.850890757289666,0.11814351013623126
