initial_infected_perc,initial_immune_perc,length,height,population_size,contagion_distance,critical_limit,amp_susc,amp_rec,amp_inf,response
0.008204838824264116,0.07298819030361946,100,100,118,5,0.05,2.4804114567295144,18.607033223453808,16.981980947192984,0.17204781418797382
