initial_infected_perc,initial_immune_perc,length,height,population_size,contagion_distance,critical_limit,amp_susc,amp_rec,amp_inf,response
0.0798270005601023,0.09677715217745109,100,100,118,5,0.05,16.78116604488246,8.151080078258271,1.1890386626516625,0.04970587718182273
