initial_infected_perc,initial_immune_perc,length,height,population_size,contagion_distance,critical_limit,amp_susc,amp_rec,amp_inf,response
0.08606209080062076,0.07087517799875785,100,100,118,5,0.05,16.2228435415679,9.695996995463418,9.395869037192433,0.2057177355775368
