initial_infected_perc,initial_immune_perc,length,height,population_size,contagion_distance,critical_limit,amp_susc,amp_rec,amp_inf,response
0.0657078916774479,0.03941033028944865,100,100,118,5,0.05,9.845040460739456,16.416483283747127,19.774625515054083,0.20742389536987846
