initial_infected_perc,initial_immune_perc,length,height,population_size,contagion_distance,critical_limit,amp_susc,amp_rec,amp_inf,response
0.01673177556282405,0.004110461520428987,100,100,118,5,0.05,18.50772533596035,4.606362024608172,17.486493783805738,0.19400458863834624
