initial_infected_perc,initial_immune_perc,length,height,population_size,contagion_distance,critical_limit,amp_susc,amp_rec,amp_inf,response
0.0927617306371114,0.09155413635909428,100,100,118,5,0.05,9.262067486381973,7.36223002873956,19.448286644586055,0.185909231484828
