initial_infected_perc,initial_immune_perc,length,height,population_size,contagion_distance,critical_limit,amp_susc,amp_rec,amp_inf,response
0.019354925362107245,0.06379913069043208,100,100,118,5,0.05,5.7680463882119355,14.712197176936977,12.928833261829897,0.21939739192174398
