initial_infected_perc,initial_immune_perc,length,height,population_size,contagion_distance,critical_limit,amp_susc,amp_rec,amp_inf,response
0.039474803703111405,0.09260290380776058,100,100,118,5,0.05,19.05612180955942,11.77493461034845,4.162210835350506,0.14206204519647264
