initial_infected_perc,initial_immune_perc,length,height,population_size,contagion_distance,critical_limit,amp_susc,amp_rec,amp_inf,response
0.0943862411013284,0.07774092434941765,100,100,118,5,0.05,15.94657296270232,6.7287320854412425,19.54866641991844,0.2762797344668023
