initial_infected_perc,initial_immune_perc,length,height,population_size,contagion_distance,critical_limit,amp_susc,amp_rec,amp_inf,response
0.009199175739710186,0.044038599298099994,100,100,118,5,0.05,4.056792011721948,3.4270901978940382,11.369469175513828,0.28895537252111847
