initial_infected_perc,initial_immune_perc,length,height,population_size,contagion_distance,critical_limit,amp_susc,amp_rec,amp_inf,response
0.07031114904602717,0.0586430630294615,100,100,118,5,0.05,15.90478402561847,13.495432594600578,8.750009887029186,0.23383159857785707
