initial_infected_perc,initial_immune_perc,length,height,population_size,contagion_distance,critical_limit,amp_susc,amp_rec,amp_inf,response
0.06278653030665858,0.0887230475010597,100,100,118,5,0.05,16.958814422697866,13.759218775870057,15.573182595462784,0.11608714251672027
