initial_infected_perc,initial_immune_perc,length,height,population_size,contagion_distance,critical_limit,amp_susc,amp_rec,amp_inf,response
0.04623125719668772,0.020602191759971602,100,100,118,5,0.05,12.960988319866793,15.717659848554089,14.43247282760751,0.23006948476695058
