initial_infected_perc,initial_immune_perc,length,height,population_size,contagion_distance,critical_limit,amp_susc,amp_rec,amp_inf,response
0.035494577650841734,0.02156614752816878,100,100,118,5,0.05,9.48632498189336,4.518985327395386,14.252649375510092,0.10828044080288415
