initial_infected_perc,initial_immune_perc,length,height,population_size,contagion_distance,critical_limit,amp_susc,amp_rec,amp_inf,response
0.06979517613521968,0.07714285795055369,100,100,118,5,0.05,0.1390570130998392,18.874585750929107,9.008299097690458,0.053842991189813234
