initial_infected_perc,initial_immune_perc,length,height,population_size,contagion_distance,critical_limit,amp_susc,amp_rec,amp_inf,response
0.07493961970407208,0.011948101741757422,100,100,118,5,0.05,6.97512736461719,16.347866900812168,15.477857282894504,0.02463814375160209
