initial_infected_perc,initial_immune_perc,length,height,population_size,contagion_distance,critical_limit,amp_susc,amp_rec,amp_inf,response
0.0929669016964593,0.008353951426826867,100,100,118,5,0.05,11.107028882154573,7.767310723747565,10.896717598516851,0.29709540495398
