initial_infected_perc,initial_immune_perc,length,height,population_size,contagion_distance,critical_limit,amp_susc,amp_rec,amp_inf,response
0.020448188492529863,0.06643680335856107,100,100,118,5,0.05,4.421135019790993,3.0668389320540146,19.348771116510523,0.23955339762448719
