initial_infected_perc,initial_immune_perc,length,height,population_size,contagion_distance,critical_limit,amp_susc,amp_rec,amp_inf,response
0.02465282523029403,0.07232620865011721,100,100,118,5,0.05,9.458669514945885,19.203885859640412,10.039057013259436,0.17743975427778755
