initial_infected_perc,initial_immune_perc,length,height,population_size,contagion_distance,critical_limit,amp_susc,amp_rec,amp_inf,response
0.09081718392017094,0.04223430040581619,100,100,118,5,0.05,17.295816534644864,16.407396340393078,12.979987468184916,0.14459418001929109
