initial_infected_perc,initial_immune_perc,length,height,population_size,contagion_distance,critical_limit,amp_susc,amp_rec,amp_inf,response
0.09578905130001088,0.015190954188448437,100,100,118,5,0.05,19.497012798957574,1.6903295710301602,15.499167871157978,0.1810917343018303
