initial_infected_perc,initial_immune_perc,length,height,population_size,contagion_distance,critical_limit,amp_susc,amp_rec,amp_inf,response
0.0954782151229181,0.029098861317925374,100,100,118,5,0.05,17.99428800407076,5.995226079683076,17.012934297901026,0.1260784453379899
