initial_infected_perc,initial_immune_perc,length,height,population_size,contagion_distance,critical_limit,amp_susc,amp_rec,amp_inf,response
0.0559142509056244,0.019165500346982434,100,100,118,5,0.05,5.115622382411383,1.7381708316036026,18.39704019064659,0.08245734732624532
