initial_infected_perc,initial_immune_perc,length,height,population_size,contagion_distance,critical_limit,amp_susc,amp_rec,amp_inf,response
0.06707145353313719,0.03431822408312485,100,100,118,5,0.05,0.7543754294059801,14.532817936790677,14.923269787351748,0.03771127050424402
