initial_infected_perc,initial_immune_perc,length,height,population_size,contagion_distance,critical_limit,amp_susc,amp_rec,amp_inf,response
0.07518874283852625,0.09361034425334752,100,100,118,5,0.05,19.998371138257397,19.59215218462053,12.453586110729727,0.08380038315437116
