initial_infected_perc,initial_immune_perc,length,height,population_size,contagion_distance,critical_limit,amp_susc,amp_rec,amp_inf,response
0.08224479887432062,0.002510420034759997,100,100,118,5,0.05,5.2749928607992285,16.641309936764948,1.4290598842194169,0.29494836316467987
