initial_infected_perc,initial_immune_perc,length,height,population_size,contagion_distance,critical_limit,amp_susc,amp_rec,amp_inf,response
0.04866027722419778,0.03472863330006517,100,100,118,5,0.05,19.898893245051333,9.45419390323915,16.2003502176759,0.29720224608998724
