initial_infected_perc,initial_immune_perc,length,height,population_size,contagion_distance,critical_limit,amp_susc,amp_rec,amp_inf,response
0.06748122497716237,0.034640571072920824,100,100,118,5,0.05,12.375514234617778,2.791443704811487,7.40716524729044,0.2130195736575474
