initial_infected_perc,initial_immune_perc,length,height,population_size,contagion_distance,critical_limit,amp_susc,amp_rec,amp_inf,response
0.037531864803661774,0.015729451744876912,100,100,118,5,0.05,5.954440539817563,10.533734007672525,0.13016683642743887,0.09728659149005302
