initial_infected_perc,initial_immune_perc,length,height,population_size,contagion_distance,critical_limit,amp_susc,amp_rec,amp_inf,response
0.006326474978406338,0.0938719519113612,100,100,118,5,0.05,12.385668433306767,17.431967357206872,7.567016747811692,0.16267250254609342
