initial_infected_perc,initial_immune_perc,length,height,population_size,contagion_distance,critical_limit,amp_susc,amp_rec,amp_inf,response
0.06498281160576067,0.007244267666450888,100,100,118,5,0.05,6.607376710771793,18.854826310803222,4.287468131892229,0.07606365952754737
