initial_infected_perc,initial_immune_perc,length,height,population_size,contagion_distance,critical_limit,amp_susc,amp_rec,amp_inf,response
0.09671416112474644,0.06885015618329472,100,100,118,5,0.05,6.143415271359944,10.829810788667682,13.877439115028247,0.12969901729290959
