initial_infected_perc,initial_immune_perc,length,height,population_size,contagion_distance,critical_limit,amp_susc,amp_rec,amp_inf,response
0.013229063242923212,0.08006656977066502,100,100,118,5,0.05,19.83970353042207,3.628487010965593,5.174255589458319,0.15490107298528327
