initial_infected_perc,initial_immune_perc,length,height,population_size,contagion_distance,critical_limit,amp_susc,amp_rec,amp_inf,response
0.03960867757633079,0.05774267623416455,100,100,118,5,0.05,1.9784364199643822,13.377984187676743,14.271277181113009,0.22225130918132682
