initial_infected_perc,initial_immune_perc,length,height,population_size,contagion_distance,critical_limit,amp_susc,amp_rec,amp_inf,response
0.040247269641834754,0.059149155160870784,100,100,118,5,0.05,10.111673033165953,6.9150001786789295,1.7155532176434174,0.009798792267098132
