initial_infected_perc,initial_immune_perc,length,height,population_size,contagion_distance,critical_limit,amp_susc,amp_rec,amp_inf,response
0.04915933739495063,0.0243421286541342,100,100,118,5,0.05,18.85062062445232,1.9385435085956515,19.6605024211594,0.03149340023378596
