initial_infected_perc,initial_immune_perc,length,height,population_size,contagion_distance,critical_limit,amp_susc,amp_rec,amp_inf,response
0.0698378963959405,0.05677108876961772,100,100,118,5,0.05,5.235444190635949,0.50741405452424,1.185273021130382,0.24356371704598614
