initial_infected_perc,initial_immune_perc,length,height,population_size,contagion_distance,critical_limit,amp_susc,amp_rec,amp_inf,response
0.051654146346192045,0.02293628686079077,100,100,118,5,0.05,0.6870568355195172,16.661666626969804,5.041062814665933,0.10366503830558114
