initial_infected_perc,initial_immune_perc,length,height,population_size,contagion_distance,critical_limit,amp_susc,amp_rec,amp_inf,response
0.08870211221709026,0.05020152785943301,100,100,118,5,0.05,6.7664273229674805,1.5777965392508864,1.4189847659458787,0.1185915199175106
