initial_infected_perc,initial_immune_perc,length,height,population_size,contagion_distance,critical_limit,amp_susc,amp_rec,amp_inf,response
0.026696629639808955,0.09916741789599925,100,100,118,5,0.05,14.252291349607372,5.743265668825462,2.084706054169314,0.028321983616703305
