initial_infected_perc,initial_immune_perc,length,height,population_size,contagion_distance,critical_limit,amp_susc,amp_rec,amp_inf,response
0.09460029445493785,0.0627752580253042,100,100,118,5,0.05,18.133024725458494,5.458258631724274,6.4947674894062635,0.2067856031522398
