initial_infected_perc,initial_immune_perc,length,height,population_size,contagion_distance,critical_limit,amp_susc,amp_rec,amp_inf,response
0.07343032189622681,0.034465999041854024,100,100,118,5,0.05,4.573012514132442,15.873569678374132,3.5861779421646056,0.21563778217018761
