initial_infected_perc,initial_immune_perc,length,height,population_size,contagion_distance,critical_limit,amp_susc,amp_rec,amp_inf,response
0.03616870248782135,0.038138605738810616,100,100,118,5,0.05,16.146374668113918,18.892729710069784,0.7476446198388764,0.05306207078375242
