initial_infected_perc,initial_immune_perc,length,height,population_size,contagion_distance,critical_limit,amp_susc,amp_rec,amp_inf,response
0.07488735450649335,0.0731478178069682,100,100,118,5,0.05,0.7535803030871713,18.036460833046778,19.29721286662145,0.05600388237124042
