initial_infected_perc,initial_immune_perc,length,height,population_size,contagion_distance,critical_limit,amp_susc,amp_rec,amp_inf,response
0.04197514085375758,0.09194849338990975,100,100,118,5,0.05,0.2592503921077194,5.500540609370708,13.101874150256823,0.01716264883009444
