initial_infected_perc,initial_immune_perc,length,height,population_size,contagion_distance,critical_limit,amp_susc,amp_rec,amp_inf,response
0.07807362969004314,0.002678729481340192,100,100,118,5,0.05,7.895999054551082,9.654124297088515,0.7383203445733355,0.007607663124120589
