initial_infected_perc,initial_immune_perc,length,height,population_size,contagion_distance,critical_limit,amp_susc,amp_rec,amp_inf,response
0.01670105559343753,0.05240031664960071,100,100,118,5,0.05,11.600118244058521,11.744689282394923,3.492640601058903,0.06938908785171578
