initial_infected_perc,initial_immune_perc,length,height,population_size,contagion_distance,critical_limit,amp_susc,amp_rec,amp_inf,response
0.04148221171945704,0.03615951064985734,100,100,118,5,0.05,8.041473973843637,6.623003704024515,3.952183334822583,0.14077355811011613
