initial_infected_perc,initial_immune_perc,length,height,population_size,contagion_distance,critical_limit,amp_susc,amp_rec,amp_inf,response
0.08748552983524474,0.06462657853961373,100,100,118,5,0.05,9.976529106224813,1.4099974843924135,3.1453216398657924,0.15969213391820228
