initial_infected_perc,initial_immune_perc,length,height,population_size,contagion_distance,critical_limit,amp_susc,amp_rec,amp_inf,response
0.08491932601091948,0.05155858241126511,100,100,118,5,0.05,1.1543534375599607,15.93624863443867,6.484195067413092,0.06078000502255271
