initial_infected_perc,initial_immune_perc,length,height,population_size,contagion_distance,critical_limit,amp_susc,amp_rec,amp_inf,response
0.043468047782156606,0.06368041366706235,100,100,118,5,0.05,12.051146730450721,19.929299725385015,12.233384283441564,0.07456047684221093
