initial_infected_perc,initial_immune_perc,length,height,population_size,contagion_distance,critical_limit,amp_susc,amp_rec,amp_inf,response
0.03432789451414089,0.0676920544877668,100,100,118,5,0.05,2.495228040944386,10.677068564708412,4.863668240551351,0.24778248050720073
