initial_infected_perc,initial_immune_perc,length,height,population_size,contagion_distance,critical_limit,amp_susc,amp_rec,amp_inf,response
0.052036166709727244,0.004352232226108632,100,100,118,5,0.05,12.174271030916104,5.428400621496348,11.891935667495105,0.18683303890901862
