initial_infected_perc,initial_immune_perc,length,height,population_size,contagion_distance,critical_limit,amp_susc,amp_rec,amp_inf,response
0.013833841928103175,0.08104477967041317,100,100,118,5,0.05,10.11657317698458,2.861404492232953,6.35562850251252,0.06130217960887632
