initial_infected_perc,initial_immune_perc,length,height,population_size,contagion_distance,critical_limit,amp_susc,amp_rec,amp_inf,response
0.00030071778250307936,0.051722648829119255,100,100,118,5,0.05,12.524620337869003,6.170536166421603,8.546650990298833,0.207999753095383
