initial_infected_perc,initial_immune_perc,length,height,population_size,contagion_distance,critical_limit,amp_susc,amp_rec,amp_inf,response
0.012156965003795496,0.029680893684047784,100,100,118,5,0.05,18.1964905734262,13.668721711167768,3.3458385611841224,0.06732502583592505
