initial_infected_perc,initial_immune_perc,length,height,population_size,contagion_distance,critical_limit,amp_susc,amp_rec,amp_inf,response
0.022110768981058928,0.02318647868289636,100,100,118,5,0.05,8.362198360668348,14.753714006151913,14.155419931049146,0.24585642132304286
