initial_infected_perc,initial_immune_perc,length,height,population_size,contagion_distance,critical_limit,amp_susc,amp_rec,amp_inf,response
0.06638705315901951,0.014664673380490635,100,100,118,5,0.05,11.13191433780422,1.752142736203508,16.085028145932895,0.07770438367202541
