initial_infected_perc,initial_immune_perc,length,height,population_size,contagion_distance,critical_limit,amp_susc,amp_rec,amp_inf,response
0.06440397150230441,0.09388754450286026,100,100,118,5,0.05,3.1738559739106753,3.360230237249784,14.190698716108747,0.27841731440060524
