initial_infected_perc,initial_immune_perc,length,height,population_size,contagion_distance,critical_limit,amp_susc,amp_rec,amp_inf,response
0.049124306176389076,0.03429776431202627,100,100,118,5,0.05,1.083124748499893,17.86560266479336,17.484731101227077,0.05492037744120617
