initial_infected_perc,initial_immune_perc,length,height,population_size,contagion_distance,critical_limit,amp_susc,amp_rec,amp_inf,response
0.0019115480071523528,0.07243351142593878,100,100,118,5,0.05,11.43438485653856,3.483796134007575,12.96532230777082,0.15079179383325714
