initial_infected_perc,initial_immune_perc,length,height,population_size,contagion_distance,critical_limit,amp_susc,amp_rec,amp_inf,response
0.06330673762202042,0.01564038668115365,100,100,118,5,0.05,3.2810878748879113,0.9038393743338613,7.01044603615697,0.2802357100643422
