initial_infected_perc,initial_immune_perc,length,height,population_size,contagion_distance,critical_limit,amp_susc,amp_rec,amp_inf,response
0.07265691028626868,0.014146859052427452,100,100,118,5,0.05,11.109408067727225,8.793567122396146,3.1262338053212346,0.2734425343739843
