initial_infected_perc,initial_immune_perc,length,height,population_size,contagion_distance,critical_limit,amp_susc,amp_rec,amp_inf,response
0.032461116051549554,0.06768712148287716,100,100,118,5,0.05,3.7888802359447737,14.520940348740194,8.522415658656005,0.22601811136284763
