initial_infected_perc,initial_immune_perc,length,height,population_size,contagion_distance,critical_limit,amp_susc,amp_rec,amp_inf,response
0.059639979851838845,0.08630623875419174,100,100,118,5,0.05,17.008468302028213,11.471143425721511,2.6891666793213465,0.10548534237293773
