initial_infected_perc,initial_immune_perc,length,height,population_size,contagion_distance,critical_limit,amp_susc,amp_rec,amp_inf,response
0.0732367232198563,0.05664616341497765,100,100,118,5,0.05,17.400522444445265,2.264295102803575,17.39194570415156,0.04055660686812329
