initial_infected_perc,initial_immune_perc,length,height,population_size,contagion_distance,critical_limit,amp_susc,amp_rec,amp_inf,response
0.019552174554750737,0.027682212217251024,100,100,118,5,0.05,4.596415260486168,7.685744303148335,19.941076174545213,0.087197705751429
