initial_infected_perc,initial_immune_perc,length,height,population_size,contagion_distance,critical_limit,amp_susc,amp_rec,amp_inf,response
0.07649288406220234,0.005097878111220544,100,100,118,5,0.05,3.413038540430584,2.0071555560267607,5.982703039218087,0.2056701263930921
