initial_infected_perc,initial_immune_perc,length,height,population_size,contagion_distance,critical_limit,amp_susc,amp_rec,amp_inf,response
0.007709160524210235,0.0017504303073482275,100,100,118,5,0.05,6.863299258485995,0.6118311692965084,11.99650357610292,0.08337313312770202
