initial_infected_perc,initial_immune_perc,length,height,population_size,contagion_distance,critical_limit,amp_susc,amp_rec,amp_inf,response
0.04054255914029631,0.06327453643240225,100,100,118,5,0.05,17.3476856254629,11.744660235552328,14.997765476466911,0.18543293448298995
