initial_infected_perc,initial_immune_perc,length,height,population_size,contagion_distance,critical_limit,amp_susc,amp_rec,amp_inf,response
0.07891553324498216,0.007620821747518481,100,100,118,5,0.05,12.944332983283374,4.269603049279274,15.166374201483748,0.18641006646110173
