initial_infected_perc,initial_immune_perc,length,height,population_size,contagion_distance,critical_limit,amp_susc,amp_rec,amp_inf,response
0.0951167436926191,0.09033372322584363,100,100,118,5,0.05,16.781789545551188,7.261095128337902,6.328213944733559,0.25802174048038357
