initial_infected_perc,initial_immune_perc,length,height,population_size,contagion_distance,critical_limit,amp_susc,amp_rec,amp_inf,response
0.030922186889968284,0.06828277465348949,100,100,118,5,0.05,11.907521527787587,8.257830333255436,8.370051858252488,0.11001424478085604
