initial_infected_perc,initial_immune_perc,length,height,population_size,contagion_distance,critical_limit,amp_susc,amp_rec,amp_inf,response
0.019200971566053583,0.011659704240414626,100,100,118,5,0.05,16.69484088029789,19.78734948794297,7.411435202424546,0.05797503364188891
