initial_infected_perc,initial_immune_perc,length,height,population_size,contagion_distance,critical_limit,amp_susc,amp_rec,amp_inf,response
0.00802561909188546,0.0728546134317689,100,100,118,5,0.05,17.74431715756252,9.367841510287553,4.050427238896321,0.2760517945953495
