initial_infected_perc,initial_immune_perc,length,height,population_size,contagion_distance,critical_limit,amp_susc,amp_rec,amp_inf,response
0.03186173798950733,0.06176693431298588,100,100,118,5,0.05,19.208262613001402,16.90842918640358,8.937522367543933,0.07395688949354987
