initial_infected_perc,initial_immune_perc,length,height,population_size,contagion_distance,critical_limit,amp_susc,amp_rec,amp_inf,response
0.09839639713176884,0.07964486261729528,100,100,118,5,0.05,4.163060583483209,5.401879514196417,8.246707718818211,0.26117257876572475
