initial_infected_perc,initial_immune_perc,length,height,population_size,contagion_distance,critical_limit,amp_susc,amp_rec,amp_inf,response
0.0005477481417784591,0.09557462320548009,100,100,118,5,0.05,7.540685254337662,13.901654991601198,13.730532286324129,0.02294848537110733
