initial_infected_perc,initial_immune_perc,length,height,population_size,contagion_distance,critical_limit,amp_susc,amp_rec,amp_inf,response
0.015666885399820887,0.09204862876555508,100,100,118,5,0.05,6.633797830791579,16.417314338559994,5.894145313386607,0.056181491721641115
