initial_infected_perc,initial_immune_perc,length,height,population_size,contagion_distance,critical_limit,amp_susc,amp_rec,amp_inf,response
0.006118289204723737,0.024868846251674882,100,100,118,5,0.05,0.7040345848969043,13.065127961755636,13.071746908374557,0.06161216255080254
