initial_infected_perc,initial_immune_perc,length,height,population_size,contagion_distance,critical_limit,amp_susc,amp_rec,amp_inf,response
0.09833532096332254,0.006584548178934691,100,100,118,5,0.05,12.233196083580404,7.484689412387093,19.627367763830787,0.19874249599551327
