initial_infected_perc,initial_immune_perc,length,height,population_size,contagion_distance,critical_limit,amp_susc,amp_rec,amp_inf,response
0.04165724172912129,0.05695904520894416,100,100,118,5,0.05,12.657290222462025,13.11512800425989,5.822269109953913,0.09508794035476954
