initial_infected_perc,initial_immune_perc,length,height,population_size,contagion_distance,critical_limit,amp_susc,amp_rec,amp_inf,response
0.016710448201702376,0.05119107383112984,100,100,118,5,0.05,3.1179694178926454,9.803655083844621,5.63956663131747,0.08677468858909237
