initial_infected_perc,initial_immune_perc,length,height,population_size,contagion_distance,critical_limit,amp_susc,amp_rec,amp_inf,response
0.03360881399249244,0.02023438059190329,100,100,118,5,0.05,7.081577251686662,7.012018134870259,17.232558156585135,0.11689310071756431
