initial_infected_perc,initial_immune_perc,length,height,population_size,contagion_distance,critical_limit,amp_susc,amp_rec,amp_inf,response
0.03655891228138869,0.016365694829139844,100,100,118,5,0.05,0.5495906805403683,16.83433384907733,6.76286205676627,0.02625038830185088
