initial_infected_perc,initial_immune_perc,length,height,population_size,contagion_distance,critical_limit,amp_susc,amp_rec,amp_inf,response
0.040687681473039486,0.0046427421049216825,100,100,118,5,0.05,14.064837095915559,6.259167815918647,9.508136300235247,0.04721258994262073
