initial_infected_perc,initial_immune_perc,length,height,population_size,contagion_distance,critical_limit,amp_susc,amp_rec,amp_inf,response
0.07432012632958242,0.04496016611936918,100,100,118,5,0.05,7.153023092067912,5.511406786237936,5.615388276796052,0.04263905257452209
