initial_infected_perc,initial_immune_perc,length,height,population_size,contagion_distance,critical_limit,amp_susc,amp_rec,amp_inf,response
0.06506567443846452,0.03273144316033153,100,100,118,5,0.05,3.0844921824711813,17.571954597172873,4.988080163168968,0.15002921658307103
