initial_infected_perc,initial_immune_perc,length,height,population_size,contagion_distance,critical_limit,amp_susc,amp_rec,amp_inf,response
0.04055181925815663,0.007165716995369398,100,100,118,5,0.05,13.832191470641007,5.422368004948066,19.07970124378318,0.13881333098480408
