initial_infected_perc,initial_immune_perc,length,height,population_size,contagion_distance,critical_limit,amp_susc,amp_rec,amp_inf,response
0.06667186740157198,0.08285877770623995,100,100,118,5,0.05,18.67883487319055,17.773256055972574,5.552462695901168,0.2691078570139194
