initial_infected_perc,initial_immune_perc,length,height,population_size,contagion_distance,critical_limit,amp_susc,amp_rec,amp_inf,response
0.053697597307298096,0.016274802886016928,100,100,118,5,0.05,6.5104241415821456,13.498746703545372,6.416598634286588,0.23743935241165434
