initial_infected_perc,initial_immune_perc,length,height,population_size,contagion_distance,critical_limit,amp_susc,amp_rec,amp_inf,response
0.06137691599819234,0.026829042740168754,100,100,118,5,0.05,7.7400283956537,16.729585343427374,5.460964047204349,0.2832460835271939
