initial_infected_perc,initial_immune_perc,length,height,population_size,contagion_distance,critical_limit,amp_susc,amp_rec,amp_inf,response
0.07067722699842126,0.07286189746452336,100,100,118,5,0.05,15.893579462732419,14.724485035861214,18.335257913209762,0.20544114083301718
