initial_infected_perc,initial_immune_perc,length,height,population_size,contagion_distance,critical_limit,amp_susc,amp_rec,amp_inf,response
0.023269961867293742,0.06358894631677028,100,100,118,5,0.05,14.813181730546647,19.089343680430485,10.011327761208037,0.26830852109496717
