initial_infected_perc,initial_immune_perc,length,height,population_size,contagion_distance,critical_limit,amp_susc,amp_rec,amp_inf,response
0.06721243090777966,0.047090711101952044,100,100,118,5,0.05,12.704864396774871,12.616096852793078,3.3720459686203563,0.007088019120413891
