initial_infected_perc,initial_immune_perc,length,height,population_size,contagion_distance,critical_limit,amp_susc,amp_rec,amp_inf,response
0.012136983376308853,0.02677017579373423,100,100,118,5,0.05,19.93438595310935,1.2781593842828287,5.69307152971235,0.20057569116281357
