initial_infected_perc,initial_immune_perc,length,height,population_size,contagion_distance,critical_limit,amp_susc,amp_rec,amp_inf,response
0.04226780962313107,0.03684271175894923,100,100,118,5,0.05,2.613456842872295,14.127677460538015,17.13391819380991,0.23006479386127507
