initial_infected_perc,initial_immune_perc,length,height,population_size,contagion_distance,critical_limit,amp_susc,amp_rec,amp_inf,response
0.021032083575681107,0.07089597689483916,100,100,118,5,0.05,16.443249753823363,18.282842404915375,7.2260834372140215,0.22006399486076902
