initial_infected_perc,initial_immune_perc,length,height,population_size,contagion_distance,critical_limit,amp_susc,amp_rec,amp_inf,response
0.09324860572883543,0.09889363409631921,100,100,118,5,0.05,9.39267583389647,6.021807175883838,10.98241325693822,0.02977052437602835
