initial_infected_perc,initial_immune_perc,length,height,population_size,contagion_distance,critical_limit,amp_susc,amp_rec,amp_inf,response
0.016964398091546828,0.09028208833171047,100,100,118,5,0.05,14.122987475565644,12.121646863583639,7.303802893343003,0.017017659727514154
