initial_infected_perc,initial_immune_perc,length,height,population_size,contagion_distance,critical_limit,amp_susc,amp_rec,amp_inf,response
0.09238242288320586,0.09281632474957217,100,100,118,5,0.05,2.4709946466114974,3.78797517010538,5.894165156949393,0.23197664096649967
