initial_infected_perc,initial_immune_perc,length,height,population_size,contagion_distance,critical_limit,amp_susc,amp_rec,amp_inf,response
0.09591697116172918,0.0005629458256800502,100,100,118,5,0.05,13.49735688990169,0.2102664054859349,4.098529296149309,0.12699110873260488
