initial_infected_perc,initial_immune_perc,length,height,population_size,contagion_distance,critical_limit,amp_susc,amp_rec,amp_inf,response
0.040053121794106895,0.03227117029811515,100,100,118,5,0.05,4.026604588575237,5.742218859472392,6.7491658800090315,0.025624119810204227
