initial_infected_perc,initial_immune_perc,length,height,population_size,contagion_distance,critical_limit,amp_susc,amp_rec,amp_inf,response
0.06812381367550863,0.03963457358456712,100,100,118,5,0.05,9.128390909384251,3.7817588383351164,13.051428238986995,0.031467112144836225
