initial_infected_perc,initial_immune_perc,length,height,population_size,contagion_distance,critical_limit,amp_susc,amp_rec,amp_inf,response
0.020161214724210754,0.07243772845091209,100,100,118,5,0.05,2.380360789325897,19.91544555143989,15.450015783311743,0.1889294118889519
