initial_infected_perc,initial_immune_perc,length,height,population_size,contagion_distance,critical_limit,amp_susc,amp_rec,amp_inf,response
0.029604141087328395,0.06444204602730974,100,100,118,5,0.05,11.337166689069845,18.215384116163477,13.909577798923458,0.1013584678678175
