initial_infected_perc,initial_immune_perc,length,height,population_size,contagion_distance,critical_limit,amp_susc,amp_rec,amp_inf,response
0.07631674269086049,0.0786916004553838,100,100,118,5,0.05,17.63818194906008,12.263820950508569,9.069698524997287,0.23428879117172335
