initial_infected_perc,initial_immune_perc,length,height,population_size,contagion_distance,critical_limit,amp_susc,amp_rec,amp_inf,response
0.08562101229812115,0.04545825504580708,100,100,118,5,0.05,13.236789006270639,2.32031948789307,10.961240718714008,0.12674173364191463
