initial_infected_perc,initial_immune_perc,length,height,population_size,contagion_distance,critical_limit,amp_susc,amp_rec,amp_inf,response
0.03769835302341995,0.06751154836065255,100,100,118,5,0.05,15.412758975586627,14.470856380650437,15.200180877553644,0.14568890776182483
