initial_infected_perc,initial_immune_perc,length,height,population_size,contagion_distance,critical_limit,amp_susc,amp_rec,amp_inf,response
0.04374318287760081,0.08704864478721165,100,100,118,5,0.05,9.531768413611594,15.119167869275866,10.094412699474628,0.185970783245208
