initial_infected_perc,initial_immune_perc,length,height,population_size,contagion_distance,critical_limit,amp_susc,amp_rec,amp_inf,response
0.047912890602613015,0.09478476455332299,100,100,118,5,0.05,1.6506600235257962,2.7679329579607193,15.220862308015683,0.26311500689868567
