initial_infected_perc,initial_immune_perc,length,height,population_size,contagion_distance,critical_limit,amp_susc,amp_rec,amp_inf,response
0.08446579199903176,0.04862858172944737,100,100,118,5,0.05,18.271704165324184,14.247071078012478,17.28866455615647,0.18604770351137306
