initial_infected_perc,initial_immune_perc,length,height,population_size,contagion_distance,critical_limit,amp_susc,amp_rec,amp_inf,response
0.03561669444927148,0.022843602866464252,100,100,118,5,0.05,8.4928656890357,1.144139100915993,4.257104585509421,0.22906211951131378
