initial_infected_perc,initial_immune_perc,length,height,population_size,contagion_distance,critical_limit,amp_susc,amp_rec,amp_inf,response
0.05596358030099781,0.03466018681772738,100,100,118,5,0.05,7.138705026483505,15.31849109754244,12.905052532919438,0.033103090380923114
