initial_infected_perc,initial_immune_perc,length,height,population_size,contagion_distance,critical_limit,amp_susc,amp_rec,amp_inf,response
0.050106742517690976,0.028047690040008212,100,100,118,5,0.05,9.670706998832994,4.894844817199921,13.067375817698611,0.2067593410636596
