initial_infected_perc,initial_immune_perc,length,height,population_size,contagion_distance,critical_limit,amp_susc,amp_rec,amp_inf,response
0.09291014935897816,0.017935665697391256,100,100,118,5,0.05,14.928328973474425,9.709411395066294,6.698819982623247,0.2528697593875342
