initial_infected_perc,initial_immune_perc,length,height,population_size,contagion_distance,critical_limit,amp_susc,amp_rec,amp_inf,response
0.006472273772059823,0.025388827437424655,100,100,118,5,0.05,2.0972886388240486,5.020449756929091,6.616646909498236,0.08127068397473589
