initial_infected_perc,initial_immune_perc,length,height,population_size,contagion_distance,critical_limit,amp_susc,amp_rec,amp_inf,response
0.022790437167658207,0.08591030765222318,100,100,118,5,0.05,1.004782179893442,1.0608857436994734,1.547601762080315,0.15581922340619955
