initial_infected_perc,initial_immune_perc,length,height,population_size,contagion_distance,critical_limit,amp_susc,amp_rec,amp_inf,response
0.09228651593159562,0.07352089664039374,100,100,118,5,0.05,8.344162116582236,9.054558428224347,8.656368700778401,0.1617650177813097
