initial_infected_perc,initial_immune_perc,length,height,population_size,contagion_distance,critical_limit,amp_susc,amp_rec,amp_inf,response
0.0749993072982196,0.057637690984340184,100,100,118,5,0.05,18.262871981657092,11.172406287995393,4.3249953938395125,0.1587675292233018
