initial_infected_perc,initial_immune_perc,length,height,population_size,contagion_distance,critical_limit,amp_susc,amp_rec,amp_inf,response
0.07254357459001164,0.05299487833392689,100,100,118,5,0.05,9.603120255229857,13.339681777813677,14.886657492468327,0.043291091845629535
