initial_infected_perc,initial_immune_perc,length,height,population_size,contagion_distance,critical_limit,amp_susc,amp_rec,amp_inf,response
0.039515616166064686,0.08584095503594383,100,100,118,5,0.05,19.60138135050355,6.916246029657098,10.433128439398008,0.13632631858303482
