initial_infected_perc,initial_immune_perc,length,height,population_size,contagion_distance,critical_limit,amp_susc,amp_rec,amp_inf,response
0.009740185799388214,0.08381676462316863,100,100,118,5,0.05,13.64581223416562,12.385271456327736,5.416265151335516,0.22663101679446856
