initial_infected_perc,initial_immune_perc,length,height,population_size,contagion_distance,critical_limit,amp_susc,amp_rec,amp_inf,response
0.09940926738070718,0.0512425933182502,100,100,118,5,0.05,6.829417625784238,10.06803271453936,2.4044960591847353,0.18942066645000286
