initial_infected_perc,initial_immune_perc,length,height,population_size,contagion_distance,critical_limit,amp_susc,amp_rec,amp_inf,response
0.08419487149521959,0.08158297354508875,100,100,118,5,0.05,0.05991590254219137,13.915451384361857,9.550384409257536,0.1780713703276193
