initial_infected_perc,initial_immune_perc,length,height,population_size,contagion_distance,critical_limit,amp_susc,amp_rec,amp_inf,response
0.024746142664567906,0.029940448982994396,100,100,118,5,0.05,6.03339949822346,16.158631377103504,6.371461965008846,0.04250770734820803
