initial_infected_perc,initial_immune_perc,length,height,population_size,contagion_distance,critical_limit,amp_susc,amp_rec,amp_inf,response
0.029229625328014753,0.0449150427043495,100,100,118,5,0.05,13.430159192344624,6.6267703891664915,3.892393409121977,0.06932194512241673
