initial_infected_perc,initial_immune_perc,length,height,population_size,contagion_distance,critical_limit,amp_susc,amp_rec,amp_inf,response
0.04792681316095883,0.09332196910121743,100,100,118,5,0.05,3.2228376840642214,11.253995704401978,18.144441555544734,0.27162313978282426
