initial_infected_perc,initial_immune_perc,length,height,population_size,contagion_distance,critical_limit,amp_susc,amp_rec,amp_inf,response
0.0332321545447465,0.09094817079958402,100,100,118,5,0.05,6.682242239665461,11.586005486973008,18.658652281696813,0.22290533223976447
