initial_infected_perc,initial_immune_perc,length,height,population_size,contagion_distance,critical_limit,amp_susc,amp_rec,amp_inf,response
0.02345034673310428,0.06017553955836588,100,100,118,5,0.05,13.811024399253737,16.09390146554478,4.218915261050402,0.27843789976479116
