initial_infected_perc,initial_immune_perc,length,height,population_size,contagion_distance,critical_limit,amp_susc,amp_rec,amp_inf,response
0.04317964087937001,0.07424067389569959,100,100,118,5,0.05,9.65822118612525,13.493725349934248,2.3295714505834675,0.2527487993540205
