initial_infected_perc,initial_immune_perc,length,height,population_size,contagion_distance,critical_limit,amp_susc,amp_rec,amp_inf,response
0.010789993333869742,0.03868122289717746,100,100,118,5,0.05,5.147753458611827,7.938487479787318,16.276918453521105,0.16405847262446316
