initial_infected_perc,initial_immune_perc,length,height,population_size,contagion_distance,critical_limit,amp_susc,amp_rec,amp_inf,response
0.017090949512586374,0.09858611913433384,100,100,118,5,0.05,7.550329764117292,2.185847151358493,17.225403695957958,0.2334045532016208
