initial_infected_perc,initial_immune_perc,length,height,population_size,contagion_distance,critical_limit,amp_susc,amp_rec,amp_inf,response
0.023524201330493044,0.012090969240690497,100,100,118,5,0.05,17.814356212286725,5.444086899143774,7.688820732302844,0.007077524745846575
