initial_infected_perc,initial_immune_perc,length,height,population_size,contagion_distance,critical_limit,amp_susc,amp_rec,amp_inf,response
0.022021241337815734,0.06010960438430897,100,100,118,5,0.05,7.28125748171858,17.773598768438685,15.131825880938162,0.23572151348129994
