initial_infected_perc,initial_immune_perc,length,height,population_size,contagion_distance,critical_limit,amp_susc,amp_rec,amp_inf,response
0.05529268355070547,0.044918778475012036,100,100,118,5,0.05,8.29037618366819,7.160851974602441,5.816026458628434,0.15639236707884027
