initial_infected_perc,initial_immune_perc,length,height,population_size,contagion_distance,critical_limit,amp_susc,amp_rec,amp_inf,response
0.06340297369313029,0.06402064381261624,100,100,118,5,0.05,18.931748683754602,12.43568142903914,17.857917500788933,0.07781553296584032
