initial_infected_perc,initial_immune_perc,length,height,population_size,contagion_distance,critical_limit,amp_susc,amp_rec,amp_inf,response
0.07629178519311534,0.053916970266042696,100,100,118,5,0.05,10.85126596040816,4.65891054766487,3.7532389994013204,0.0960024334643591
