initial_infected_perc,initial_immune_perc,length,height,population_size,contagion_distance,critical_limit,amp_susc,amp_rec,amp_inf,response
0.04210336257182358,0.026538689829687413,100,100,118,5,0.05,5.181203637433147,3.139725006185341,8.480040665704106,0.255421835271878
