initial_infected_perc,initial_immune_perc,length,height,population_size,contagion_distance,critical_limit,amp_susc,amp_rec,amp_inf,response
0.06083663387269898,0.0002968560302027523,100,100,118,5,0.05,18.740381407314683,8.501150854721251,3.2935510423252468,0.005272424042950785
