initial_infected_perc,initial_immune_perc,length,height,population_size,contagion_distance,critical_limit,amp_susc,amp_rec,amp_inf,response
0.09505511840461248,0.06580156885468612,100,100,118,5,0.05,15.846513284971607,0.703506983848754,11.526005345041014,0.20437897333253763
