initial_infected_perc,initial_immune_perc,length,height,population_size,contagion_distance,critical_limit,amp_susc,amp_rec,amp_inf,response
0.01889751429134706,0.0521559855977362,100,100,118,5,0.05,2.566918377309646,9.364718702496965,15.077240426560145,0.25235766840758445
