initial_infected_perc,initial_immune_perc,length,height,population_size,contagion_distance,critical_limit,amp_susc,amp_rec,amp_inf,response
0.055239111239053756,0.07251939285746996,100,100,118,5,0.05,13.902601904512196,7.72867779512379,9.035936247206731,0.028581369802091004
