initial_infected_perc,initial_immune_perc,length,height,population_size,contagion_distance,critical_limit,amp_susc,amp_rec,amp_inf,response
0.09986672127373188,0.05144009462933574,100,100,118,5,0.05,13.514527437030296,16.521255479108923,3.01138358382508,0.00952207922820606
