initial_infected_perc,initial_immune_perc,length,height,population_size,contagion_distance,critical_limit,amp_susc,amp_rec,amp_inf,response
0.07359271176450229,0.07423650715410089,100,100,118,5,0.05,9.193303305160894,0.5704371117704565,6.0201004996039735,0.28564851227649496
