initial_infected_perc,initial_immune_perc,length,height,population_size,contagion_distance,critical_limit,amp_susc,amp_rec,amp_inf,response
0.0038740340274360575,0.09362960922977111,100,100,118,5,0.05,13.13639390245182,9.737176446939275,13.74839140472712,0.25853252933924137
