initial_infected_perc,initial_immune_perc,length,height,population_size,contagion_distance,critical_limit,amp_susc,amp_rec,amp_inf,response
0.02338126245296758,0.0809914176636519,100,100,118,5,0.05,13.755024823849713,12.256606812795374,13.481808633949623,0.0651608432563743
