initial_infected_perc,initial_immune_perc,length,height,population_size,contagion_distance,critical_limit,amp_susc,amp_rec,amp_inf,response
0.0005629245197668276,0.05110620391637234,100,100,118,5,0.05,14.96796027206873,5.656394236413929,0.11358821568618671,0.14190023404210486
