initial_infected_perc,initial_immune_perc,length,height,population_size,contagion_distance,critical_limit,amp_susc,amp_rec,amp_inf,response
0.049853662917265666,0.01849244975678822,100,100,118,5,0.05,9.337461233678772,17.77315809976714,13.778462541555871,0.16407014554587937
