initial_infected_perc,initial_immune_perc,length,height,population_size,contagion_distance,critical_limit,amp_susc,amp_rec,amp_inf,response
0.08559585911763044,0.06429545915669438,100,100,118,5,0.05,6.850235509646803,14.29907159520592,4.858632711459359,0.23993790342395796
