initial_infected_perc,initial_immune_perc,length,height,population_size,contagion_distance,critical_limit,amp_susc,amp_rec,amp_inf,response
0.02398097520805106,0.020939619074248562,100,100,118,5,0.05,6.289788992927525,0.796913063078255,7.590678675620721,0.18094934077292227
