initial_infected_perc,initial_immune_perc,length,height,population_size,contagion_distance,critical_limit,amp_susc,amp_rec,amp_inf,response
0.0880274803108132,0.005028049222033315,100,100,118,5,0.05,1.948963491851774,7.997162430214941,7.139537857010998,0.1929090827402434
