initial_infected_perc,initial_immune_perc,length,height,population_size,contagion_distance,critical_limit,amp_susc,amp_rec,amp_inf,response
0.06515794077226902,0.047517878654259306,100,100,118,5,0.05,12.46131866653494,5.624603243869797,10.57501572483573,0.06961340520251419
