initial_infected_perc,initial_immune_perc,length,height,population_size,contagion_distance,critical_limit,amp_susc,amp_rec,amp_inf,response
0.023749416655824987,0.040753966966734216,100,100,118,5,0.05,6.441404942113003,4.40952394795044,5.907449026171038,0.03298096356329572
