initial_infected_perc,initial_immune_perc,length,height,population_size,contagion_distance,critical_limit,amp_susc,amp_rec,amp_inf,response
0.04424129867366371,0.08321126335274048,100,100,118,5,0.05,8.85019289846082,18.76305521642246,16.123844508526382,0.2014612666289394
