initial_infected_perc,initial_immune_perc,length,height,population_size,contagion_distance,critical_limit,amp_susc,amp_rec,amp_inf,response
0.016681561130190627,0.06119426372016023,100,100,118,5,0.05,10.199811889816548,2.847979770251794,14.48478241441721,0.27470554576928785
