initial_infected_perc,initial_immune_perc,length,height,population_size,contagion_distance,critical_limit,amp_susc,amp_rec,amp_inf,response
0.08301353091558354,0.035089604728188784,100,100,118,5,0.05,17.26510174716324,18.504754687575968,9.81610738526111,0.037934712900761065
