initial_infected_perc,initial_immune_perc,length,height,population_size,contagion_distance,critical_limit,amp_susc,amp_rec,amp_inf,response
0.03043101650751531,0.029429193079451833,100,100,118,5,0.05,2.2674121561954053,5.953744704171742,6.20495648043192,0.24621246245587755
