initial_infected_perc,initial_immune_perc,length,height,population_size,contagion_distance,critical_limit,amp_susc,amp_rec,amp_inf,response
0.07972495606886083,0.09649160592323071,100,100,118,5,0.05,16.910513921781934,14.140060923653321,10.90758298298801,0.04583625267007108
