initial_infected_perc,initial_immune_perc,length,height,population_size,contagion_distance,critical_limit,amp_susc,amp_rec,amp_inf,response
0.041726139205117974,0.08805921430187026,100,100,118,5,0.05,4.020996159065167,16.441496311545833,8.691031988432858,0.05845067037088146
