initial_infected_perc,initial_immune_perc,length,height,population_size,contagion_distance,critical_limit,amp_susc,amp_rec,amp_inf,response
0.04749151876024252,0.047542698905613995,100,100,118,5,0.05,6.800725595092816,19.034739487911196,17.5951270818345,0.08015751175038612
