initial_infected_perc,initial_immune_perc,length,height,population_size,contagion_distance,critical_limit,amp_susc,amp_rec,amp_inf,response
0.024385702707696435,0.015815369939500112,100,100,118,5,0.05,9.893982092787308,6.925930041873965,7.532776757428017,0.0007741861127820603
