initial_infected_perc,initial_immune_perc,length,height,population_size,contagion_distance,critical_limit,amp_susc,amp_rec,amp_inf,response
0.021463932680438447,0.08226034284019745,100,100,118,5,0.05,14.795729743208918,7.139436948753604,19.573869447046313,0.12577417069092747
