initial_infected_perc,initial_immune_perc,length,height,population_size,contagion_distance,critical_limit,amp_susc,amp_rec,amp_inf,response
0.06285677941130959,0.07142168630059033,100,100,118,5,0.05,4.28216763662423,18.867898658833727,4.888781192671212,0.21714402371801447
