initial_infected_perc,initial_immune_perc,length,height,population_size,contagion_distance,critical_limit,amp_susc,amp_rec,amp_inf,response
0.03943570954991005,0.08439037772123102,100,100,118,5,0.05,1.6495483227353613,17.053972421677337,17.830572019739414,0.04799645310623911
