initial_infected_perc,initial_immune_perc,length,height,population_size,contagion_distance,critical_limit,amp_susc,amp_rec,amp_inf,response
0.07110756203013079,0.0019347041139346046,100,100,118,5,0.05,1.342281821367266,12.361880410473328,0.8051055418212893,0.22168820946728124
