initial_infected_perc,initial_immune_perc,length,height,population_size,contagion_distance,critical_limit,amp_susc,amp_rec,amp_inf,response
0.049862591394223346,0.0015103778810259929,100,100,118,5,0.05,6.492159729404053,19.265086062979805,5.90074138916707,0.06171860930923035
