initial_infected_perc,initial_immune_perc,length,height,population_size,contagion_distance,critical_limit,amp_susc,amp_rec,amp_inf,response
0.062201508861042254,0.09239220623843246,100,100,118,5,0.05,14.844600437748408,3.7318393781039982,11.243939312801798,0.21588762042702694
