initial_infected_perc,initial_immune_perc,length,height,population_size,contagion_distance,critical_limit,amp_susc,amp_rec,amp_inf,response
0.02026236515223051,0.004391676756887542,100,100,118,5,0.05,8.087752212904313,3.2391620423554923,11.924600817123041,0.2719055257264184
