initial_infected_perc,initial_immune_perc,length,height,population_size,contagion_distance,critical_limit,amp_susc,amp_rec,amp_inf,response
0.0360912798472673,0.08667532329592227,100,100,118,5,0.05,18.851338714317315,17.474719736602864,8.465179100296298,0.018459528041795282
