initial_infected_perc,initial_immune_perc,length,height,population_size,contagion_distance,critical_limit,amp_susc,amp_rec,amp_inf,response
0.06721615939652847,0.014799586155089962,100,100,118,5,0.05,5.90293194410126,17.990884980900876,3.9982444133635564,0.0056135573745969775
