initial_infected_perc,initial_immune_perc,length,height,population_size,contagion_distance,critical_limit,amp_susc,amp_rec,amp_inf,response
0.020657506693104358,0.08455914190714786,100,100,118,5,0.05,17.29185083568909,4.551950273645476,10.542458608893678,0.28638093111264695
