initial_infected_perc,initial_immune_perc,length,height,population_size,contagion_distance,critical_limit,amp_susc,amp_rec,amp_inf,response
0.07647811020047701,0.08886951933584629,100,100,118,5,0.05,18.914847726652386,16.77148510256206,1.4505768377890726,0.13302640089563453
