initial_infected_perc,initial_immune_perc,length,height,population_size,contagion_distance,critical_limit,amp_susc,amp_rec,amp_inf,response
0.0024552023130809068,0.03785977122494791,100,100,118,5,0.05,15.773965447934408,8.760590758053791,11.237648866124852,0.07297803516992188
