initial_infected_perc,initial_immune_perc,length,height,population_size,contagion_distance,critical_limit,amp_susc,amp_rec,amp_inf,response
0.043882391624966016,0.05697997318967146,100,100,118,5,0.05,16.581319366631305,9.27066784081424,6.290964224179922,0.20672413720067825
