initial_infected_perc,initial_immune_perc,length,height,population_size,contagion_distance,critical_limit,amp_susc,amp_rec,amp_inf,response
0.09204923086059003,0.016016813185405255,100,100,118,5,0.05,14.434352839086834,14.567087536319189,19.7297606014467,0.21740006809429924
