initial_infected_perc,initial_immune_perc,length,height,population_size,contagion_distance,critical_limit,amp_susc,amp_rec,amp_inf,response
0.07170650717921956,0.020088738003893693,100,100,118,5,0.05,0.3466681045234643,2.5018524138270237,4.135482149532635,0.09217065152187626
