initial_infected_perc,initial_immune_perc,length,height,population_size,contagion_distance,critical_limit,amp_susc,amp_rec,amp_inf,response
0.03915786707604102,0.03652629785887308,100,100,118,5,0.05,14.331805807304818,17.704073825886617,1.6913701762130162,0.20183069225386524
