initial_infected_perc,initial_immune_perc,length,height,population_size,contagion_distance,critical_limit,amp_susc,amp_rec,amp_inf,response
0.08243238852109401,0.004368714880607793,100,100,118,5,0.05,7.636367161251818,18.801958549501585,2.7399616105687485,0.04329365962763706
