initial_infected_perc,initial_immune_perc,length,height,population_size,contagion_distance,critical_limit,amp_susc,amp_rec,amp_inf,response
0.04892683148238103,0.06875247264659856,100,100,118,5,0.05,10.21599190174693,3.2673444370858484,19.183922163433703,0.26032336533270667
