initial_infected_perc,initial_immune_perc,length,height,population_size,contagion_distance,critical_limit,amp_susc,amp_rec,amp_inf,response
0.034559079951789654,0.059238042676359876,100,100,118,5,0.05,16.80154686478727,17.98076461940218,9.49277045290458,0.22907228216553022
