initial_infected_perc,initial_immune_perc,length,height,population_size,contagion_distance,critical_limit,amp_susc,amp_rec,amp_inf,response
0.05886626216798285,0.050203609534811525,100,100,118,5,0.05,2.1449687539238993,16.959124756296248,3.1070192145803066,0.23702503260571958
