initial_infected_perc,initial_immune_perc,length,height,population_size,contagion_distance,critical_limit,amp_susc,amp_rec,amp_inf,response
0.024464402098175478,0.08485797534260438,100,100,118,5,0.05,6.999819401264227,3.512196023520928,5.140552101036757,0.16081408774535103
