initial_infected_perc,initial_immune_perc,length,height,population_size,contagion_distance,critical_limit,amp_susc,amp_rec,amp_inf,response
0.01350666708941084,0.08907201308357372,100,100,118,5,0.05,14.331345196456782,14.287656501105042,2.0122016270448695,0.20650102096996914
