initial_infected_perc,initial_immune_perc,length,height,population_size,contagion_distance,critical_limit,amp_susc,amp_rec,amp_inf,response
0.06900430527013025,0.04243827277667207,100,100,118,5,0.05,17.215711044341127,8.199670104915528,6.408717693959385,0.09647957144607638
