initial_infected_perc,initial_immune_perc,length,height,population_size,contagion_distance,critical_limit,amp_susc,amp_rec,amp_inf,response
0.0022857345554598285,0.09527719620231077,100,100,118,5,0.05,0.451694965004763,2.6455317281248836,6.822507190428901,0.01847163150802178
