initial_infected_perc,initial_immune_perc,length,height,population_size,contagion_distance,critical_limit,amp_susc,amp_rec,amp_inf,response
0.007458177001464184,0.025069150849764812,100,100,118,5,0.05,5.272938814903836,14.07986242753405,9.467600058492383,0.008968991362378985
