initial_infected_perc,initial_immune_perc,length,height,population_size,contagion_distance,critical_limit,amp_susc,amp_rec,amp_inf,response
0.016017892503248112,0.0891765569996113,100,100,118,5,0.05,2.118656994846002,5.68299410195932,10.49478193794025,0.13736607723189784
