initial_infected_perc,initial_immune_perc,length,height,population_size,contagion_distance,critical_limit,amp_susc,amp_rec,amp_inf,response
0.0760823935088937,0.006264508501903354,100,100,118,5,0.05,13.60507645753888,4.4285775840060975,0.6135728509058169,0.00875979586135065
