initial_infected_perc,initial_immune_perc,length,height,population_size,contagion_distance,critical_limit,amp_susc,amp_rec,amp_inf,response
0.0879372433359677,0.023384732816647793,100,100,118,5,0.05,17.109605749012815,17.43283569841392,2.1430763910247363,0.23156036662104723
