initial_infected_perc,initial_immune_perc,length,height,population_size,contagion_distance,critical_limit,amp_susc,amp_rec,amp_inf,response
0.03358891888376986,0.08872790684017218,100,100,118,5,0.05,12.81877585470781,7.79209326910256,12.076101652991865,0.08066095189371815
