initial_infected_perc,initial_immune_perc,length,height,population_size,contagion_distance,critical_limit,amp_susc,amp_rec,amp_inf,response
0.07199623272089622,0.031386249700191486,100,100,118,5,0.05,1.0546152316112134,17.06452920745918,19.97323550738316,0.05684018609732408
