initial_infected_perc,initial_immune_perc,length,height,population_size,contagion_distance,critical_limit,amp_susc,amp_rec,amp_inf,response
0.09762930147976961,0.08960876812316147,100,100,118,5,0.05,4.198216548878333,4.418740176564732,12.14009211651096,0.24325858572616257
