initial_infected_perc,initial_immune_perc,length,height,population_size,contagion_distance,critical_limit,amp_susc,amp_rec,amp_inf,response
0.0418042282230747,0.01606507847433185,100,100,118,5,0.05,15.346337897014113,4.862058466771131,3.5490960275336425,0.20372266362471972
