initial_infected_perc,initial_immune_perc,length,height,population_size,contagion_distance,critical_limit,amp_susc,amp_rec,amp_inf,response
0.01976341038320999,0.062231215932673736,100,100,118,5,0.05,18.336014414503733,2.3935964445497837,4.577922302743785,0.26736698512513357
