initial_infected_perc,initial_immune_perc,length,height,population_size,contagion_distance,critical_limit,amp_susc,amp_rec,amp_inf,response
0.05319325442196578,0.00697189400636038,100,100,118,5,0.05,13.954686424954271,10.515269145346569,7.4446885485207055,0.09773305564192794
