initial_infected_perc,initial_immune_perc,length,height,population_size,contagion_distance,critical_limit,amp_susc,amp_rec,amp_inf,response
0.03991109037407258,0.06064678555428087,100,100,118,5,0.05,3.372731812988441,6.213832062747597,9.58923182056208,0.02345978350468164
