initial_infected_perc,initial_immune_perc,length,height,population_size,contagion_distance,critical_limit,amp_susc,amp_rec,amp_inf,response
0.0357858489236366,0.012316276871423183,100,100,118,5,0.05,15.230383895517285,10.355475937744231,8.706217609967325,0.165097621832224
