initial_infected_perc,initial_immune_perc,length,height,population_size,contagion_distance,critical_limit,amp_susc,amp_rec,amp_inf,response
0.03916132332657524,0.031908372799484434,100,100,118,5,0.05,0.20700843314040984,6.4844731173855745,0.9540944844013155,0.1362042667805157
