initial_infected_perc,initial_immune_perc,length,height,population_size,contagion_distance,critical_limit,amp_susc,amp_rec,amp_inf,response
0.07740624886154153,0.0766197385503408,100,100,118,5,0.05,18.56221449656214,7.675401588435895,8.41085405864284,0.22051862657691637
