initial_infected_perc,initial_immune_perc,length,height,population_size,contagion_distance,critical_limit,amp_susc,amp_rec,amp_inf,response
0.08543420719035197,0.09267431433478085,100,100,118,5,0.05,14.478245892759087,4.264896984162643,7.415691649643586,0.05042127155945764
