initial_infected_perc,initial_immune_perc,length,height,population_size,contagion_distance,critical_limit,amp_susc,amp_rec,amp_inf,response
0.015352743556505389,0.07135970247507814,100,100,118,5,0.05,13.359144794325227,18.76400215817694,16.795330946850243,0.1634781890208964
