initial_infected_perc,initial_immune_perc,length,height,population_size,contagion_distance,critical_limit,amp_susc,amp_rec,amp_inf,response
0.06382782208072933,0.002972027948499512,100,100,118,5,0.05,14.974258354704823,2.0627830182286844,2.0973812486341603,0.09996171089899486
