initial_infected_perc,initial_immune_perc,length,height,population_size,contagion_distance,critical_limit,amp_susc,amp_rec,amp_inf,response
0.0874107304783283,0.03459123690881484,100,100,118,5,0.05,8.48415722034587,2.958967069869587,11.867978200837461,0.14294033405671236
