initial_infected_perc,initial_immune_perc,length,height,population_size,contagion_distance,critical_limit,amp_susc,amp_rec,amp_inf,response
0.08899077471760397,0.068450580854499,100,100,118,5,0.05,15.067901879583749,16.595112269115013,11.597672492999116,0.17380051481211825
