initial_infected_perc,initial_immune_perc,length,height,population_size,contagion_distance,critical_limit,amp_susc,amp_rec,amp_inf,response
0.018873495041913626,0.02141896691851497,100,100,118,5,0.05,17.396029569136267,7.0232667249226965,14.918641347702291,0.2964916137075021
