initial_infected_perc,initial_immune_perc,length,height,population_size,contagion_distance,critical_limit,amp_susc,amp_rec,amp_inf,response
0.07897495654710156,0.02854871111429529,100,100,118,5,0.05,14.881342807179898,10.68805414385064,3.778375568640555,0.14020991076097666
