initial_infected_perc,initial_immune_perc,length,height,population_size,contagion_distance,critical_limit,amp_susc,amp_rec,amp_inf,response
0.011719814190323585,0.008391272262552296,100,100,118,5,0.05,3.7184991045079085,14.839491536285896,15.789226081170897,0.036316931774813044
