initial_infected_perc,initial_immune_perc,length,height,population_size,contagion_distance,critical_limit,amp_susc,amp_rec,amp_inf,response
0.0970099798476808,0.00023711930402124938,100,100,118,5,0.05,14.121646594763586,18.45165341188781,5.200068950755698,0.2754964706421836
