initial_infected_perc,initial_immune_perc,length,height,population_size,contagion_distance,critical_limit,amp_susc,amp_rec,amp_inf,response
0.04660704527297363,0.09526650921399357,100,100,118,5,0.05,9.905143836714881,7.053856655996176,3.7364597759319262,0.24684419900575189
