initial_infected_perc,initial_immune_perc,length,height,population_size,contagion_distance,critical_limit,amp_susc,amp_rec,amp_inf,response
0.06282765950278388,0.05814866295770332,100,100,118,5,0.05,17.757040630750158,9.792408022008956,6.28975999989586,0.17504153125121388
