initial_infected_perc,initial_immune_perc,length,height,population_size,contagion_distance,critical_limit,amp_susc,amp_rec,amp_inf,response
0.08672746170086425,0.015409596388614312,100,100,118,5,0.05,8.342945300210529,19.361519717121347,16.21649515869518,0.17345962662403686
