initial_infected_perc,initial_immune_perc,length,height,population_size,contagion_distance,critical_limit,amp_susc,amp_rec,amp_inf,response
0.03724184377003925,0.056007159925517296,100,100,118,5,0.05,2.108381097948211,4.94901238580516,17.505491975825386,0.0801060826094059
