initial_infected_perc,initial_immune_perc,length,height,population_size,contagion_distance,critical_limit,amp_susc,amp_rec,amp_inf,response
0.026692683772822814,0.08665991392719744,100,100,118,5,0.05,7.922117646905146,4.020910543150302,3.8014926165120166,0.10200205778271441
