initial_infected_perc,initial_immune_perc,length,height,population_size,contagion_distance,critical_limit,amp_susc,amp_rec,amp_inf,response
0.02142733534948761,0.09447946614086923,100,100,118,5,0.05,4.492049531726896,14.571821167300548,2.263312552172889,0.17624823853731025
