initial_infected_perc,initial_immune_perc,length,height,population_size,contagion_distance,critical_limit,amp_susc,amp_rec,amp_inf,response
0.07927404983426523,0.016296239544798086,100,100,118,5,0.05,16.644729639484922,7.30609428298437,7.601502452398594,0.17055677546656997
