initial_infected_perc,initial_immune_perc,length,height,population_size,contagion_distance,critical_limit,amp_susc,amp_rec,amp_inf,response
0.09224936743473075,0.0994630536722839,100,100,118,5,0.05,17.09168398770586,4.402371113617399,13.47275849317949,0.2858715757635921
