initial_infected_perc,initial_immune_perc,length,height,population_size,contagion_distance,critical_limit,amp_susc,amp_rec,amp_inf,response
0.00018345915611504005,0.09698914260663447,100,100,118,5,0.05,17.75954854163194,7.414174985564912,1.292930272071633,0.04792805246010296
