initial_infected_perc,initial_immune_perc,length,height,population_size,contagion_distance,critical_limit,amp_susc,amp_rec,amp_inf,response
0.06562377562610867,0.0509309607984249,100,100,118,5,0.05,6.451559864016629,2.3046062632959763,2.1581909205725713,0.2918471297798967
