initial_infected_perc,initial_immune_perc,length,height,population_size,contagion_distance,critical_limit,amp_susc,amp_rec,amp_inf,response
0.09186320561284798,0.09896743712171757,100,100,118,5,0.05,13.062806455852563,10.254707886809529,2.0712563303533127,0.27472956281583183
