initial_infected_perc,initial_immune_perc,length,height,population_size,contagion_distance,critical_limit,amp_susc,amp_rec,amp_inf,response
0.09441730971937527,0.0931735269139929,100,100,118,5,0.05,6.91661777598412,8.1462172385139,5.908020807897789,0.0591015025196275
