initial_infected_perc,initial_immune_perc,length,height,population_size,contagion_distance,critical_limit,amp_susc,amp_rec,amp_inf,response
0.06121676372481397,0.08742159057282972,100,100,118,5,0.05,0.23159552863881272,4.44744199774563,11.918123453419518,0.15963664637731967
