initial_infected_perc,initial_immune_perc,length,height,population_size,contagion_distance,critical_limit,amp_susc,amp_rec,amp_inf,response
0.06726980556848422,0.06260681624403193,100,100,118,5,0.05,17.988491329597792,5.5696631593473604,12.022079272608481,0.2836537100382224
