initial_infected_perc,initial_immune_perc,length,height,population_size,contagion_distance,critical_limit,amp_susc,amp_rec,amp_inf,response
0.022803345408095633,0.03692926668504933,100,100,118,5,0.05,19.680273548467916,16.533654210138234,17.60307700643471,0.1269057484750645
