initial_infected_perc,initial_immune_perc,length,height,population_size,contagion_distance,critical_limit,amp_susc,amp_rec,amp_inf,response
0.005676357840600588,0.06530512673615242,100,100,118,5,0.05,13.048977551664471,18.358061386133258,4.720825203065981,0.2492985692604659
