initial_infected_perc,initial_immune_perc,length,height,population_size,contagion_distance,critical_limit,amp_susc,amp_rec,amp_inf,response
0.03295113626904037,0.06871386200977439,100,100,118,5,0.05,19.24117727798218,13.534548244419405,10.771620187664059,0.17411569391537915
