initial_infected_perc,initial_immune_perc,length,height,population_size,contagion_distance,critical_limit,amp_susc,amp_rec,amp_inf,response
0.0363116908920378,0.0872934995651305,100,100,118,5,0.05,0.5572367997752692,19.995701766438025,12.601830007573101,0.20623496351652143
