initial_infected_perc,initial_immune_perc,length,height,population_size,contagion_distance,critical_limit,amp_susc,amp_rec,amp_inf,response
0.06754442982083857,0.029697494430943085,100,100,118,5,0.05,14.472529012252362,8.019870554973071,2.8874911752269172,0.2673463299825733
