initial_infected_perc,initial_immune_perc,length,height,population_size,contagion_distance,critical_limit,amp_susc,amp_rec,amp_inf,response
0.054886832629828464,0.0826643399360159,100,100,118,5,0.05,17.359744333877593,17.654096524598334,1.8625686464391733,0.026761835983196224
