initial_infected_perc,initial_immune_perc,length,height,population_size,contagion_distance,critical_limit,amp_susc,amp_rec,amp_inf,response
0.04936673826845696,0.015679627958973475,100,100,118,5,0.05,15.975161419707575,1.312492624468402,16.643717724095165,0.0872231954642896
