initial_infected_perc,initial_immune_perc,length,height,population_size,contagion_distance,critical_limit,amp_susc,amp_rec,amp_inf,response
0.07825456207938432,0.009533802663886592,100,100,118,5,0.05,19.51996509411679,5.047702929267681,14.721820311909063,0.07620220102341875
