initial_infected_perc,initial_immune_perc,length,height,population_size,contagion_distance,critical_limit,amp_susc,amp_rec,amp_inf,response
0.047829895773232926,0.07876860516164191,100,100,118,5,0.05,17.77910574960441,3.122539518558447,13.104808840014018,0.27908095079101564
