initial_infected_perc,initial_immune_perc,length,height,population_size,contagion_distance,critical_limit,amp_susc,amp_rec,amp_inf,response
0.013536873497344004,0.001729906099662293,100,100,118,5,0.05,18.799978543112474,0.8724760261727416,7.134920186014268,0.08835546925824123
