initial_infected_perc,initial_immune_perc,length,height,population_size,contagion_distance,critical_limit,amp_susc,amp_rec,amp_inf,response
0.06062141479263147,0.04015166208103343,100,100,118,5,0.05,0.543148531888098,0.945132069291239,8.435716314476531,0.02155873483284565
