initial_infected_perc,initial_immune_perc,length,height,population_size,contagion_distance,critical_limit,amp_susc,amp_rec,amp_inf,response
0.08590598592346195,0.036384618311754394,100,100,118,5,0.05,18.534415452931366,15.35038718213563,8.231821192563174,0.15016118603504883
