initial_infected_perc,initial_immune_perc,length,height,population_size,contagion_distance,critical_limit,amp_susc,amp_rec,amp_inf,response
0.06410462701914753,0.08550949556600257,100,100,118,5,0.05,16.165840522030894,18.6926325241754,8.545512286407986,0.25155815240167423
