initial_infected_perc,initial_immune_perc,length,height,population_size,contagion_distance,critical_limit,amp_susc,amp_rec,amp_inf,response
0.09936573815189259,0.03249768305185868,100,100,118,5,0.05,11.474184751763335,5.160734073482818,8.416700022659258,0.10171887051660285
