initial_infected_perc,initial_immune_perc,length,height,population_size,contagion_distance,critical_limit,amp_susc,amp_rec,amp_inf,response
0.06529071258535439,0.05503142557811078,100,100,118,5,0.05,6.220679293356803,16.62434305215352,13.821872520077449,0.04807462989863035
