initial_infected_perc,initial_immune_perc,length,height,population_size,contagion_distance,critical_limit,amp_susc,amp_rec,amp_inf,response
0.012116374275620546,0.0776532543951278,100,100,118,5,0.05,11.202642346291166,7.914238479321245,18.18288867667668,0.093399466875434
