initial_infected_perc,initial_immune_perc,length,height,population_size,contagion_distance,critical_limit,amp_susc,amp_rec,amp_inf,response
0.06247045369184887,0.030077559277211775,100,100,118,5,0.05,18.411360318857646,7.99196447836213,12.697984036247451,0.08773670172056942
