initial_infected_perc,initial_immune_perc,length,height,population_size,contagion_distance,critical_limit,amp_susc,amp_rec,amp_inf,response
0.00521780870457852,0.08371223560950969,100,100,118,5,0.05,14.608990691890448,14.612023887867746,3.0416615069603403,0.10210689918223195
