initial_infected_perc,initial_immune_perc,length,height,population_size,contagion_distance,critical_limit,amp_susc,amp_rec,amp_inf,response
0.007495860236402252,0.030214631228148627,100,100,118,5,0.05,8.563806472176791,14.790490619672001,9.236699626686267,0.08537613568439495
