initial_infected_perc,initial_immune_perc,length,height,population_size,contagion_distance,critical_limit,amp_susc,amp_rec,amp_inf,response
0.08249298612927697,0.09815190533569736,100,100,118,5,0.05,7.1266477854526205,9.004593660041976,13.692589231423113,0.25932692710523714
