initial_infected_perc,initial_immune_perc,length,height,population_size,contagion_distance,critical_limit,amp_susc,amp_rec,amp_inf,response
0.05572543541827945,0.017753441701026506,100,100,118,5,0.05,16.39908067513075,4.79241538366868,9.938830865483318,0.2824239989856506
