initial_infected_perc,initial_immune_perc,length,height,population_size,contagion_distance,critical_limit,amp_susc,amp_rec,amp_inf,response
0.06900891079265872,0.06256046070207126,100,100,118,5,0.05,0.6028335175573019,19.57777361444762,12.061241128519528,0.24779896539148588
