initial_infected_perc,initial_immune_perc,length,height,population_size,contagion_distance,critical_limit,amp_susc,amp_rec,amp_inf,response
0.08694035984996125,0.04231995434926361,100,100,118,5,0.05,8.522116786244618,10.890938685592033,10.324788001166105,0.09431072841324233
