initial_infected_perc,initial_immune_perc,length,height,population_size,contagion_distance,critical_limit,amp_susc,amp_rec,amp_inf,response
0.0982340176983593,0.06109571818906582,100,100,118,5,0.05,19.634745207819737,5.544484775656047,5.726103542542567,0.22922361656941936
