initial_infected_perc,initial_immune_perc,length,height,population_size,contagion_distance,critical_limit,amp_susc,amp_rec,amp_inf,response
0.07386334029041579,0.04104737080673631,100,100,118,5,0.05,3.1708140504320337,14.167321878744897,9.512583581773914,0.01538657210975388
