initial_infected_perc,initial_immune_perc,length,height,population_size,contagion_distance,critical_limit,amp_susc,amp_rec,amp_inf,response
0.02439048024388988,0.0056571793706467815,100,100,118,5,0.05,11.422263087862465,19.805289049790293,17.548095985156408,0.271196722211092
