initial_infected_perc,initial_immune_perc,length,height,population_size,contagion_distance,critical_limit,amp_susc,amp_rec,amp_inf,response
0.023839469416713267,5.408648818550077e-05,100,100,118,5,0.05,5.3743223621785985,6.6419376871858855,3.845995100971127,0.09883904780381231
