initial_infected_perc,initial_immune_perc,length,height,population_size,contagion_distance,critical_limit,amp_susc,amp_rec,amp_inf,response
0.008496661758463675,0.02047885159471823,100,100,118,5,0.05,13.10140941247786,3.9116731301291274,4.129657412237662,0.2735862351263871
