initial_infected_perc,initial_immune_perc,length,height,population_size,contagion_distance,critical_limit,amp_susc,amp_rec,amp_inf,response
0.054723537229373134,0.04934516585413326,100,100,118,5,0.05,2.7513891560908754,13.451592264451529,14.866111578052884,0.10392693385790672
