initial_infected_perc,initial_immune_perc,length,height,population_size,contagion_distance,critical_limit,amp_susc,amp_rec,amp_inf,response
0.07625351143991577,0.053138283189429474,100,100,118,5,0.05,18.93262576928914,7.243024522693182,3.388008022897866,0.2774346445475782
