initial_infected_perc,initial_immune_perc,length,height,population_size,contagion_distance,critical_limit,amp_susc,amp_rec,amp_inf,response
0.07349625865801707,0.09807796977851799,100,100,118,5,0.05,6.407449297118612,7.93591910160282,1.1169258730135567,0.23106268006948572
