initial_infected_perc,initial_immune_perc,length,height,population_size,contagion_distance,critical_limit,amp_susc,amp_rec,amp_inf,response
0.07168483465316132,0.08129201051086513,100,100,118,5,0.05,13.060296269675568,7.997592274485035,0.2509958501184095,0.2938290394914661
