initial_infected_perc,initial_immune_perc,length,height,population_size,contagion_distance,critical_limit,amp_susc,amp_rec,amp_inf,response
0.019375720327801195,0.07295932914857527,100,100,118,5,0.05,19.989606684296987,9.450208547818326,5.273776467533134,0.2867554135038442
