initial_infected_perc,initial_immune_perc,length,height,population_size,contagion_distance,critical_limit,amp_susc,amp_rec,amp_inf,response
0.07918627419009557,0.0770330010871891,100,100,118,5,0.05,9.388915520637306,12.839860037376392,4.447094813081726,0.09728932044272343
