initial_infected_perc,initial_immune_perc,length,height,population_size,contagion_distance,critical_limit,amp_susc,amp_rec,amp_inf,response
0.05900709901822987,0.05043444776298398,100,100,118,5,0.05,18.684678373532986,0.9648039050926949,6.963452927329767,0.041132341016363524
