initial_infected_perc,initial_immune_perc,length,height,population_size,contagion_distance,critical_limit,amp_susc,amp_rec,amp_inf,response
0.09918813274609047,0.005328403032350071,100,100,118,5,0.05,6.550524854072705,10.60726648773581,5.308655919178733,0.052025338708862855
