initial_infected_perc,initial_immune_perc,length,height,population_size,contagion_distance,critical_limit,amp_susc,amp_rec,amp_inf,response
0.024036057717677795,0.08325255387362619,100,100,118,5,0.05,5.14187075171515,13.343692167736787,0.1712272112986657,0.14930921019392265
