initial_infected_perc,initial_immune_perc,length,height,population_size,contagion_distance,critical_limit,amp_susc,amp_rec,amp_inf,response
0.019636889224004517,0.00417006624208287,100,100,118,5,0.05,1.2068271367524241,16.66477237185868,11.990041260350626,0.1300509028324593
