initial_infected_perc,initial_immune_perc,length,height,population_size,contagion_distance,critical_limit,amp_susc,amp_rec,amp_inf,response
0.09550667393804675,0.005734488706997354,100,100,118,5,0.05,13.942882263583453,9.104446336376622,5.759654117689648,0.21205644203507493
