initial_infected_perc,initial_immune_perc,length,height,population_size,contagion_distance,critical_limit,amp_susc,amp_rec,amp_inf,response
0.046702008474709726,0.05117351198344564,100,100,118,5,0.05,2.167856256681717,14.568656222514559,10.781383403508976,0.012128703237182903
