initial_infected_perc,initial_immune_perc,length,height,population_size,contagion_distance,critical_limit,amp_susc,amp_rec,amp_inf,response
0.06127219652437374,0.042437553166585686,100,100,118,5,0.05,4.0638054217996,3.784778384756591,6.39361181174414,0.11873528127644208
