initial_infected_perc,initial_immune_perc,length,height,population_size,contagion_distance,critical_limit,amp_susc,amp_rec,amp_inf,response
0.08306465478969315,0.009944258582057532,100,100,118,5,0.05,0.7582756871531626,13.188014710214059,19.47602809196309,0.14313556540067826
