initial_infected_perc,initial_immune_perc,length,height,population_size,contagion_distance,critical_limit,amp_susc,amp_rec,amp_inf,response
0.021053169654955642,0.0309932395461625,100,100,118,5,0.05,11.516349484897857,17.43651233688962,3.900916999882118,0.17520492804800966
