initial_infected_perc,initial_immune_perc,length,height,population_size,contagion_distance,critical_limit,amp_susc,amp_rec,amp_inf,response
0.021342833545394083,0.014200209519566421,100,100,118,5,0.05,16.773571972162227,19.387595992334973,8.572257606326378,0.14472135750533355
