initial_infected_perc,initial_immune_perc,length,height,population_size,contagion_distance,critical_limit,amp_susc,amp_rec,amp_inf,response
0.03662390843854311,0.08917704173549264,100,100,118,5,0.05,8.300123024323046,11.444418055915968,2.4592534242314024,0.2813500936382662
