initial_infected_perc,initial_immune_perc,length,height,population_size,contagion_distance,critical_limit,amp_susc,amp_rec,amp_inf,response
0.01745960845583874,0.05795327433522085,100,100,118,5,0.05,6.780005769124231,0.3186809963311954,10.504940282495292,0.28984073259675736
