initial_infected_perc,initial_immune_perc,length,height,population_size,contagion_distance,critical_limit,amp_susc,amp_rec,amp_inf,response
0.04979624540456813,0.03218709760973903,100,100,118,5,0.05,13.066948511464558,18.085239756236945,2.445902187199114,0.21808359384575246
