initial_infected_perc,initial_immune_perc,length,height,population_size,contagion_distance,critical_limit,amp_susc,amp_rec,amp_inf,response
0.022648245871422557,0.09833569120647706,100,100,118,5,0.05,2.2533866430086724,3.2610229030558457,6.550334155835591,0.27966218930449804
