initial_infected_perc,initial_immune_perc,length,height,population_size,contagion_distance,critical_limit,amp_susc,amp_rec,amp_inf,response
0.028376677758095915,0.06772467442480405,100,100,118,5,0.05,18.49417600710502,3.660325945016085,4.794561831012705,0.27194284762953463
