initial_infected_perc,initial_immune_perc,length,height,population_size,contagion_distance,critical_limit,amp_susc,amp_rec,amp_inf,response
0.022656231173143162,0.07113302213217539,100,100,118,5,0.05,18.468286167246536,14.884332677909713,8.740532872179042,0.26617948956944776
