initial_infected_perc,initial_immune_perc,length,height,population_size,contagion_distance,critical_limit,amp_susc,amp_rec,amp_inf,response
0.08544955485688846,0.024644164589055342,100,100,118,5,0.05,4.860960964025156,14.10627783651587,7.881982979575568,0.11097048088508801
