initial_infected_perc,initial_immune_perc,length,height,population_size,contagion_distance,critical_limit,amp_susc,amp_rec,amp_inf,response
0.01965905962354163,0.014054503933342634,100,100,118,5,0.05,6.747321409065288,0.6620153320980737,8.211442515044013,0.11775303885001617
