initial_infected_perc,initial_immune_perc,length,height,population_size,contagion_distance,critical_limit,amp_susc,amp_rec,amp_inf,response
0.057264635897974384,0.04075447963536023,100,100,118,5,0.05,13.64129383646209,2.4967543160521344,6.451291309676359,0.10911965172070696
