initial_infected_perc,initial_immune_perc,length,height,population_size,contagion_distance,critical_limit,amp_susc,amp_rec,amp_inf,response
0.09714981949107054,0.010102863621386182,100,100,118,5,0.05,18.67242679555628,5.820957785360594,17.75332449801844,0.05604247221479503
