initial_infected_perc,initial_immune_perc,length,height,population_size,contagion_distance,critical_limit,amp_susc,amp_rec,amp_inf,response
0.029205074955868007,0.02749011861609333,100,100,118,5,0.05,12.799943663688502,4.571831422600621,12.25992368530891,0.14518025616406932
