initial_infected_perc,initial_immune_perc,length,height,population_size,contagion_distance,critical_limit,amp_susc,amp_rec,amp_inf,response
0.041254116931328334,0.01132494971539233,100,100,118,5,0.05,2.5678902690655403,2.154553739384455,16.746501947837796,0.1403202644211916
