initial_infected_perc,initial_immune_perc,length,height,population_size,contagion_distance,critical_limit,amp_susc,amp_rec,amp_inf,response
0.06440221380122439,0.01885734319020963,100,100,118,5,0.05,7.185442949180933,13.669140294720476,4.2369521618754575,0.18420676105141529
