initial_infected_perc,initial_immune_perc,length,height,population_size,contagion_distance,critical_limit,amp_susc,amp_rec,amp_inf,response
0.055199135294051384,0.07483408875829999,100,100,118,5,0.05,15.146844546485879,10.322610497054432,18.12027829282478,0.25738237383057305
