initial_infected_perc,initial_immune_perc,length,height,population_size,contagion_distance,critical_limit,amp_susc,amp_rec,amp_inf,response
0.08553764901200901,0.05911173508139772,100,100,118,5,0.05,9.485417402222367,6.925513846614861,18.17734419438129,0.27076876600872796
