initial_infected_perc,initial_immune_perc,length,height,population_size,contagion_distance,critical_limit,amp_susc,amp_rec,amp_inf,response
0.08197519614862317,0.07413362764323246,100,100,118,5,0.05,19.218882725610744,19.081361953154946,8.508742317230997,0.1006749742960897
