initial_infected_perc,initial_immune_perc,length,height,population_size,contagion_distance,critical_limit,amp_susc,amp_rec,amp_inf,response
0.03549938710993659,0.058848294576067155,100,100,118,5,0.05,8.723837666742043,2.092791037859525,9.103940715326345,0.14643612461141517
