initial_infected_perc,initial_immune_perc,length,height,population_size,contagion_distance,critical_limit,amp_susc,amp_rec,amp_inf,response
0.0797413861147166,0.021476563538300266,100,100,118,5,0.05,2.6353628121778283,6.333714728065694,10.020050758682226,0.1734751160695612
