initial_infected_perc,initial_immune_perc,length,height,population_size,contagion_distance,critical_limit,amp_susc,amp_rec,amp_inf,response
0.04875774232341598,0.05500801499079268,100,100,118,5,0.05,0.7282107405105687,1.9304814340599563,16.359756673102545,0.036960927342971635
