initial_infected_perc,initial_immune_perc,length,height,population_size,contagion_distance,critical_limit,amp_susc,amp_rec,amp_inf,response
0.028671720483617047,0.07505507953589471,100,100,118,5,0.05,6.362227224971764,16.480447794000835,17.92363339615902,0.039911204546003505
