initial_infected_perc,initial_immune_perc,length,height,population_size,contagion_distance,critical_limit,amp_susc,amp_rec,amp_inf,response
0.029614277709285555,0.05779931694516273,100,100,118,5,0.05,13.191798781767739,0.4289742883504344,8.107968088746944,0.2381246645710077
