initial_infected_perc,initial_immune_perc,length,height,population_size,contagion_distance,critical_limit,amp_susc,amp_rec,amp_inf,response
0.016106043474686683,0.03536433792556274,100,100,118,5,0.05,11.681205887522054,9.250171495510388,4.572923142519656,0.03196983309644956
