initial_infected_perc,initial_immune_perc,length,height,population_size,contagion_distance,critical_limit,amp_susc,amp_rec,amp_inf,response
0.009887560771717997,0.09435032645856743,100,100,118,5,0.05,19.199368809143625,5.167576186179945,0.19654333904680188,0.2699381503535488
