initial_infected_perc,initial_immune_perc,length,height,population_size,contagion_distance,critical_limit,amp_susc,amp_rec,amp_inf,response
0.0627998226929218,0.07603225088581887,100,100,118,5,0.05,8.935570799823942,16.65995815025474,19.2772728390023,0.16307187211417207
