initial_infected_perc,initial_immune_perc,length,height,population_size,contagion_distance,critical_limit,amp_susc,amp_rec,amp_inf,response
0.07848990077374127,0.0720826119410611,100,100,118,5,0.05,11.156985562346799,1.424614873161858,1.1955339177195778,0.06295666201255984
