initial_infected_perc,initial_immune_perc,length,height,population_size,contagion_distance,critical_limit,amp_susc,amp_rec,amp_inf,response
0.09652030369076423,0.09416258491701032,100,100,118,5,0.05,17.29707352449708,7.239862231769203,1.3448330792008867,0.18908188225455727
