initial_infected_perc,initial_immune_perc,length,height,population_size,contagion_distance,critical_limit,amp_susc,amp_rec,amp_inf,response
0.07742226890350898,0.06263297973734375,100,100,118,5,0.05,2.4433488822366356,4.35630765448238,5.143718107905415,0.0381926261564041
