initial_infected_perc,initial_immune_perc,length,height,population_size,contagion_distance,critical_limit,amp_susc,amp_rec,amp_inf,response
0.018619169999073783,0.02070216165640856,100,100,118,5,0.05,9.386621556849882,3.9940850624416324,9.919469926413619,0.04911218052189716
