initial_infected_perc,initial_immune_perc,length,height,population_size,contagion_distance,critical_limit,amp_susc,amp_rec,amp_inf,response
0.08724610095441918,0.08320849564083511,100,100,118,5,0.05,1.645859074037801,17.207714804756932,0.3654794292945196,0.014682984775423367
