initial_infected_perc,initial_immune_perc,length,height,population_size,contagion_distance,critical_limit,amp_susc,amp_rec,amp_inf,response
0.01858300192141239,0.017791836677349893,100,100,118,5,0.05,11.789797011866145,2.969874417331062,6.809393677760234,0.13911131129075208
