initial_infected_perc,initial_immune_perc,length,height,population_size,contagion_distance,critical_limit,amp_susc,amp_rec,amp_inf,response
0.02494832786680781,0.0918824463553901,100,100,118,5,0.05,6.572867721693861,13.66904251912479,10.387056074429555,0.1708006466134706
