initial_infected_perc,initial_immune_perc,length,height,population_size,contagion_distance,critical_limit,amp_susc,amp_rec,amp_inf,response
0.08704142996805914,0.02088683559882223,100,100,118,5,0.05,6.937231170623923,2.4721811233033786,17.463006408262554,0.16708665469239414
