initial_infected_perc,initial_immune_perc,length,height,population_size,contagion_distance,critical_limit,amp_susc,amp_rec,amp_inf,response
0.07453910303635078,0.03562559694572759,100,100,118,5,0.05,9.766881761311325,14.124031311795573,8.225423218477172,0.023596321169704036
