initial_infected_perc,initial_immune_perc,length,height,population_size,contagion_distance,critical_limit,amp_susc,amp_rec,amp_inf,response
0.058183322393038486,0.05679486091049995,100,100,118,5,0.05,4.137445853392876,17.282651269382136,7.9957723756508585,0.03195031538343648
