initial_infected_perc,initial_immune_perc,length,height,population_size,contagion_distance,critical_limit,amp_susc,amp_rec,amp_inf,response
0.09182988626137795,0.09116935242653802,100,100,118,5,0.05,13.257302245041817,6.533926419375824,6.377374134396671,0.29173500120681567
