initial_infected_perc,initial_immune_perc,length,height,population_size,contagion_distance,critical_limit,amp_susc,amp_rec,amp_inf,response
0.05245569454688116,0.020432465364428134,100,100,118,5,0.05,8.42439707561175,6.453848989726525,4.638279786758986,0.017765174376446025
