initial_infected_perc,initial_immune_perc,length,height,population_size,contagion_distance,critical_limit,amp_susc,amp_rec,amp_inf,response
0.06282533707690928,0.04438096172138786,100,100,118,5,0.05,4.337159780677789,13.157244428107235,12.04169634670758,0.1107884638116875
