initial_infected_perc,initial_immune_perc,length,height,population_size,contagion_distance,critical_limit,amp_susc,amp_rec,amp_inf,response
0.046242944690587796,0.06605689890934059,100,100,118,5,0.05,5.053170556405142,2.3150056467595115,16.092434711129687,0.1119027467303889
