initial_infected_perc,initial_immune_perc,length,height,population_size,contagion_distance,critical_limit,amp_susc,amp_rec,amp_inf,response
0.0945361731755691,0.049206777573476294,100,100,118,5,0.05,3.0850712074691877,10.67650765527268,7.29733958260379,0.21892110195343123
