initial_infected_perc,initial_immune_perc,length,height,population_size,contagion_distance,critical_limit,amp_susc,amp_rec,amp_inf,response
0.036154779568369676,0.036676808321383425,100,100,118,5,0.05,18.7944816379747,8.084593341736554,12.888843765038649,0.1494862392875234
