initial_infected_perc,initial_immune_perc,length,height,population_size,contagion_distance,critical_limit,amp_susc,amp_rec,amp_inf,response
0.007791859856104011,0.06782795174436203,100,100,118,5,0.05,7.534180358122054,17.425161210307202,0.970326561722572,0.039452317871194166
