initial_infected_perc,initial_immune_perc,length,height,population_size,contagion_distance,critical_limit,amp_susc,amp_rec,amp_inf,response
0.003075971391850141,0.0913509556801756,100,100,118,5,0.05,18.7709399019972,2.939534235437431,14.833089177461803,0.20394784251412126
