initial_infected_perc,initial_immune_perc,length,height,population_size,contagion_distance,critical_limit,amp_susc,amp_rec,amp_inf,response
0.0009875954593539739,0.05967025224667077,100,100,118,5,0.05,10.332404494045953,19.785944074849866,17.075429892991153,0.10374609124019817
