initial_infected_perc,initial_immune_perc,length,height,population_size,contagion_distance,critical_limit,amp_susc,amp_rec,amp_inf,response
0.012210937182188842,0.028482174792585635,100,100,118,5,0.05,11.832719711373569,6.020258968213508,0.3664641775071087,0.02250107429143693
