initial_infected_perc,initial_immune_perc,length,height,population_size,contagion_distance,critical_limit,amp_susc,amp_rec,amp_inf,response
0.06647020065006343,0.01002844767659248,100,100,118,5,0.05,15.274358721228031,17.690600230488887,8.503988682568199,0.0753298510991783
