initial_infected_perc,initial_immune_perc,length,height,population_size,contagion_distance,critical_limit,amp_susc,amp_rec,amp_inf,response
0.07416692661024565,0.0215636656697524,100,100,118,5,0.05,1.318850648289842,13.405336367767866,17.63704016733383,0.08117890220868436
