initial_infected_perc,initial_immune_perc,length,height,population_size,contagion_distance,critical_limit,amp_susc,amp_rec,amp_inf,response
0.07086528590354141,0.07245113815649794,100,100,118,5,0.05,17.710752887605995,18.269438431186483,6.308714840581688,0.276884196834044
