initial_infected_perc,initial_immune_perc,length,height,population_size,contagion_distance,critical_limit,amp_susc,amp_rec,amp_inf,response
0.04496971905924951,0.00598764151100909,100,100,118,5,0.05,16.828791961873613,2.2387625244601694,2.039153478550979,0.09510379548871833
