initial_infected_perc,initial_immune_perc,length,height,population_size,contagion_distance,critical_limit,amp_susc,amp_rec,amp_inf,response
0.039272619850740514,0.06977947785752393,100,100,118,5,0.05,1.2005479850762013,4.401964336279609,16.247615490323255,0.25624213955932695
