initial_infected_perc,initial_immune_perc,length,height,population_size,contagion_distance,critical_limit,amp_susc,amp_rec,amp_inf,response
0.0701196133353755,0.08586603753091822,100,100,118,5,0.05,7.968373536307302,11.41848016035063,6.726483256563956,0.08140758747342687
