initial_infected_perc,initial_immune_perc,length,height,population_size,contagion_distance,critical_limit,amp_susc,amp_rec,amp_inf,response
0.07797833189984586,0.059664076448539397,100,100,118,5,0.05,18.5828400183393,12.832358404675691,4.602542765361806,0.05588184475700329
