initial_infected_perc,initial_immune_perc,length,height,population_size,contagion_distance,critical_limit,amp_susc,amp_rec,amp_inf,response
0.02247659841631632,0.04139867691091048,100,100,118,5,0.05,9.52801989672997,16.694849162697803,8.868581231966207,0.16225913525467336
