initial_infected_perc,initial_immune_perc,length,height,population_size,contagion_distance,critical_limit,amp_susc,amp_rec,amp_inf,response
0.034021385413846875,0.004496450150242537,100,100,118,5,0.05,3.3463031934442644,19.87117616048703,13.083294371655539,0.07403407821952529
