initial_infected_perc,initial_immune_perc,length,height,population_size,contagion_distance,critical_limit,amp_susc,amp_rec,amp_inf,response
0.08555499331361122,0.04005709011408887,100,100,118,5,0.05,13.584320435763546,16.639711607331193,7.223997157781936,0.15598000320614938
