initial_infected_perc,initial_immune_perc,length,height,population_size,contagion_distance,critical_limit,amp_susc,amp_rec,amp_inf,response
0.002339308377140936,0.07170528669778865,100,100,118,5,0.05,11.858614550800157,13.744991140398193,0.1463721493987169,0.03191576281402962
