initial_infected_perc,initial_immune_perc,length,height,population_size,contagion_distance,critical_limit,amp_susc,amp_rec,amp_inf,response
0.014250429452408765,0.06492931849619686,100,100,118,5,0.05,15.638715176219218,6.230650775135091,17.680629984759136,0.21512736008796934
