initial_infected_perc,initial_immune_perc,length,height,population_size,contagion_distance,critical_limit,amp_susc,amp_rec,amp_inf,response
0.01866279950015657,0.09895408428824501,100,100,118,5,0.05,5.2103915294963965,5.947660116698989,19.724726484852482,0.24025468586704035
