initial_infected_perc,initial_immune_perc,length,height,population_size,contagion_distance,critical_limit,amp_susc,amp_rec,amp_inf,response
0.0626716349653613,0.0027600552221400012,100,100,118,5,0.05,4.838433817139403,17.176818920213858,2.367707059787507,0.27207359227965405
