initial_infected_perc,initial_immune_perc,length,height,population_size,contagion_distance,critical_limit,amp_susc,amp_rec,amp_inf,response
0.0987634224112061,0.08161379243448894,100,100,118,5,0.05,10.946104127499009,1.9167357191908052,0.06916255329176169,0.2648379772241972
