initial_infected_perc,initial_immune_perc,length,height,population_size,contagion_distance,critical_limit,amp_susc,amp_rec,amp_inf,response
0.032765917677050636,0.04107251089994734,100,100,118,5,0.05,4.486075151417596,19.684048061008305,18.337793056431156,0.23861424375372128
