initial_infected_perc,initial_immune_perc,length,height,population_size,contagion_distance,critical_limit,amp_susc,amp_rec,amp_inf,response
0.08658682566328946,0.019470168509800313,100,100,118,5,0.05,15.653318019915051,2.1902502071969177,7.68648362734864,0.15565891754656683
