initial_infected_perc,initial_immune_perc,length,height,population_size,contagion_distance,critical_limit,amp_susc,amp_rec,amp_inf,response
0.0328525181006082,0.07952299420830203,100,100,118,5,0.05,11.659941631575176,2.7220508295557866,19.123756589051276,0.14763964830788973
