initial_infected_perc,initial_immune_perc,length,height,population_size,contagion_distance,critical_limit,amp_susc,amp_rec,amp_inf,response
0.007074123816131939,0.09709439107866352,100,100,118,5,0.05,6.296102398182757,12.936988920382591,13.050988958034381,0.1058711673496991
