initial_infected_perc,initial_immune_perc,length,height,population_size,contagion_distance,critical_limit,amp_susc,amp_rec,amp_inf,response
0.0443218433786669,0.03580785824995077,100,100,118,5,0.05,10.214071829537625,18.10609712354986,3.312593430942339,0.24147731454106247
