initial_infected_perc,initial_immune_perc,length,height,population_size,contagion_distance,critical_limit,amp_susc,amp_rec,amp_inf,response
0.027221967382723457,0.08292180302330851,100,100,118,5,0.05,19.435735409911665,0.3265369485572389,4.2723491314239475,0.1384276390084312
