initial_infected_perc,initial_immune_perc,length,height,population_size,contagion_distance,critical_limit,amp_susc,amp_rec,amp_inf,response
0.03154660094064528,0.09715554357004569,100,100,118,5,0.05,18.638032579778987,5.980611321205389,8.343860650855781,0.07703457987432599
