initial_infected_perc,initial_immune_perc,length,height,population_size,contagion_distance,critical_limit,amp_susc,amp_rec,amp_inf,response
0.04468879529557057,0.013225823650163183,100,100,118,5,0.05,3.5016296832308713,8.34628624263213,3.3827656694105834,0.09792460863818699
