initial_infected_perc,initial_immune_perc,length,height,population_size,contagion_distance,critical_limit,amp_susc,amp_rec,amp_inf,response
0.008107620423706453,0.06584825781538432,100,100,118,5,0.05,17.984625682634775,0.8585493752512896,5.764494035318204,0.19476734395721065
