initial_infected_perc,initial_immune_perc,length,height,population_size,contagion_distance,critical_limit,amp_susc,amp_rec,amp_inf,response
0.07177875049555364,0.09656528009807269,100,100,118,5,0.05,3.146429080195936,7.148216721563678,14.955461570516777,0.27053675993059784
