initial_infected_perc,initial_immune_perc,length,height,population_size,contagion_distance,critical_limit,amp_susc,amp_rec,amp_inf,response
0.015457231686092067,0.09004456502333977,100,100,118,5,0.05,11.762026316261267,4.24039339088168,7.530708239869133,0.20023620644751752
