initial_infected_perc,initial_immune_perc,length,height,population_size,contagion_distance,critical_limit,amp_susc,amp_rec,amp_inf,response
0.027229200557728806,0.06402017948734888,100,100,118,5,0.05,11.410430862813527,15.826891045135387,18.16995137559198,0.15419757283704608
