initial_infected_perc,initial_immune_perc,length,height,population_size,contagion_distance,critical_limit,amp_susc,amp_rec,amp_inf,response
0.05838027275816452,0.08571438864265238,100,100,118,5,0.05,6.151593809846956,0.33202997369814025,17.946214294916718,0.06455252319583035
