initial_infected_perc,initial_immune_perc,length,height,population_size,contagion_distance,critical_limit,amp_susc,amp_rec,amp_inf,response
0.06488745899501697,0.08434168384325266,100,100,118,5,0.05,18.153530690370633,10.371364739741121,10.439073181592368,0.21083976805410226
