initial_infected_perc,initial_immune_perc,length,height,population_size,contagion_distance,critical_limit,amp_susc,amp_rec,amp_inf,response
4.065244415224489e-05,0.02799352179619549,100,100,118,5,0.05,4.707648081712639,19.096707116699832,7.4577416846999744,0.21219666394963801
