initial_infected_perc,initial_immune_perc,length,height,population_size,contagion_distance,critical_limit,amp_susc,amp_rec,amp_inf,response
0.09203094612848604,0.057483222995516704,100,100,118,5,0.05,1.973175649799288,13.433156369258466,8.24494614174119,0.07812532557279264
