initial_infected_perc,initial_immune_perc,length,height,population_size,contagion_distance,critical_limit,amp_susc,amp_rec,amp_inf,response
0.03209639188095731,0.011295782429058288,100,100,118,5,0.05,8.228353522258942,14.052614383419444,3.938970542867455,0.24867082533923737
