initial_infected_perc,initial_immune_perc,length,height,population_size,contagion_distance,critical_limit,amp_susc,amp_rec,amp_inf,response
0.09960682678236427,0.0743836672782851,100,100,118,5,0.05,4.070774015179368,4.694880719894927,15.101906033764408,0.04063196762706157
