initial_infected_perc,initial_immune_perc,length,height,population_size,contagion_distance,critical_limit,amp_susc,amp_rec,amp_inf,response
0.07109620325731957,0.07836495038133216,100,100,118,5,0.05,9.695605421169745,12.523870700622968,7.573696437321768,0.1787430471792412
