initial_infected_perc,initial_immune_perc,length,height,population_size,contagion_distance,critical_limit,amp_susc,amp_rec,amp_inf,response
0.03774463135733846,0.06186304646175344,100,100,118,5,0.05,17.417155296188017,0.6581583257447221,15.052385862812084,0.13744165711336737
