initial_infected_perc,initial_immune_perc,length,height,population_size,contagion_distance,critical_limit,amp_susc,amp_rec,amp_inf,response
0.09284589018511286,0.0028341253106607513,100,100,118,5,0.05,16.70164120033165,4.638285486445319,4.8240351298004995,0.035541758870418626
