initial_infected_perc,initial_immune_perc,length,height,population_size,contagion_distance,critical_limit,amp_susc,amp_rec,amp_inf,response
0.043000560890590594,0.010855604972210598,100,100,118,5,0.05,4.124745998244537,15.307651735639798,9.961966228005071,0.21770766186343454
