initial_infected_perc,initial_immune_perc,length,height,population_size,contagion_distance,critical_limit,amp_susc,amp_rec,amp_inf,response
0.07376532133067458,0.08178067289811491,100,100,118,5,0.05,13.961954770935192,8.5881427232864,10.65251260707412,0.07523688719971534
