initial_infected_perc,initial_immune_perc,length,height,population_size,contagion_distance,critical_limit,amp_susc,amp_rec,amp_inf,response
0.05926550881571385,0.020554752106193598,100,100,118,5,0.05,3.4069436532252495,15.894082582136974,4.84151786574651,0.06384087099549175
