initial_infected_perc,initial_immune_perc,length,height,population_size,contagion_distance,critical_limit,amp_susc,amp_rec,amp_inf,response
0.06568345721700279,0.0806967782588293,100,100,118,5,0.05,5.973573997814203,19.640830278933063,10.130532461705341,0.00631417751987996
