initial_infected_perc,initial_immune_perc,length,height,population_size,contagion_distance,critical_limit,amp_susc,amp_rec,amp_inf,response
0.051153648793883226,0.013482118316488557,100,100,118,5,0.05,13.076729092611723,19.29800220140161,4.449015430076253,0.02255399395595101
