initial_infected_perc,initial_immune_perc,length,height,population_size,contagion_distance,critical_limit,amp_susc,amp_rec,amp_inf,response
0.04064529157765361,0.007021752672967441,100,100,118,5,0.05,11.266394060056781,10.009669776394075,8.19196032824847,0.003890895941962391
