initial_infected_perc,initial_immune_perc,length,height,population_size,contagion_distance,critical_limit,amp_susc,amp_rec,amp_inf,response
0.07325599463681799,0.015393396398550308,100,100,118,5,0.05,18.228015329040876,7.5815128255663495,19.236120269834906,0.10702548294455891
