initial_infected_perc,initial_immune_perc,length,height,population_size,contagion_distance,critical_limit,amp_susc,amp_rec,amp_inf,response
0.01364961316746919,0.08402804978526746,100,100,118,5,0.05,2.485893858800572,1.4505294635246524,11.389597804916967,0.05956512754480395
