initial_infected_perc,initial_immune_perc,length,height,population_size,contagion_distance,critical_limit,amp_susc,amp_rec,amp_inf,response
0.055823831586516305,0.08605016832078262,100,100,118,5,0.05,19.1181016258209,13.86338410215857,16.57127472083883,0.25911022507795034
