initial_infected_perc,initial_immune_perc,length,height,population_size,contagion_distance,critical_limit,amp_susc,amp_rec,amp_inf,response
0.09341624996523798,0.09222485911219556,100,100,118,5,0.05,17.50680784040647,1.418481916610148,0.3053727602260703,0.28673569663301357
