initial_infected_perc,initial_immune_perc,length,height,population_size,contagion_distance,critical_limit,amp_susc,amp_rec,amp_inf,response
0.037244846508765805,0.002257661159304636,100,100,118,5,0.05,18.72976267882353,17.20286718281818,16.229470928176767,0.22776246050303786
