initial_infected_perc,initial_immune_perc,length,height,population_size,contagion_distance,critical_limit,amp_susc,amp_rec,amp_inf,response
0.09536527842544018,0.09467107551777301,100,100,118,5,0.05,6.705237606129755,1.0260881469697747,2.7576364399204167,0.16151760721804792
