initial_infected_perc,initial_immune_perc,length,height,population_size,contagion_distance,critical_limit,amp_susc,amp_rec,amp_inf,response
0.09054112925675228,0.037147424940870886,100,100,118,5,0.05,1.59393723949945,16.108375413609206,3.846067978908041,0.033872000326721725
