initial_infected_perc,initial_immune_perc,length,height,population_size,contagion_distance,critical_limit,amp_susc,amp_rec,amp_inf,response
0.06677417542387615,0.08220356102111503,100,100,118,5,0.05,14.338764566463551,3.5525047044917657,17.150705830883663,0.12156400707715592
