initial_infected_perc,initial_immune_perc,length,height,population_size,contagion_distance,critical_limit,amp_susc,amp_rec,amp_inf,response
0.02856042190492386,0.049418227702054666,100,100,118,5,0.05,14.359391080219092,13.138034128549421,9.071884596990722,0.2125338884679331
