initial_infected_perc,initial_immune_perc,length,height,population_size,contagion_distance,critical_limit,amp_susc,amp_rec,amp_inf,response
0.09830493062002597,0.030882205457805647,100,100,118,5,0.05,3.47730297075435,6.321591118321375,15.368261273480012,0.005081318858952788
