initial_infected_perc,initial_immune_perc,length,height,population_size,contagion_distance,critical_limit,amp_susc,amp_rec,amp_inf,response
0.019816395258679856,0.05525858060083251,100,100,118,5,0.05,8.523125522673457,18.971759517659585,18.409397121304444,0.14683796071790525
