initial_infected_perc,initial_immune_perc,length,height,population_size,contagion_distance,critical_limit,amp_susc,amp_rec,amp_inf,response
0.07777016710566187,0.0939626974885796,100,100,118,5,0.05,12.192165335320727,13.935784050326465,1.5338846124661099,0.2400471374121132
