initial_infected_perc,initial_immune_perc,length,height,population_size,contagion_distance,critical_limit,amp_susc,amp_rec,amp_inf,response
0.06134715842904598,0.03618668133733736,100,100,118,5,0.05,5.261693045726375,16.34015778099194,3.317182168423176,0.05294073633453351
