initial_infected_perc,initial_immune_perc,length,height,population_size,contagion_distance,critical_limit,amp_susc,amp_rec,amp_inf,response
0.0714344268294171,0.04543489135027623,100,100,118,5,0.05,12.599516154792196,13.12923657236616,13.356920888083419,0.14722336040982356
