initial_infected_perc,initial_immune_perc,length,height,population_size,contagion_distance,critical_limit,amp_susc,amp_rec,amp_inf,response
0.039185954025069636,0.0082327333130372,100,100,118,5,0.05,3.0204078067593065,7.837499817648077,9.13113271541286,0.18100808193851028
