initial_infected_perc,initial_immune_perc,length,height,population_size,contagion_distance,critical_limit,amp_susc,amp_rec,amp_inf,response
0.007200950495205538,0.003950077996600465,100,100,118,5,0.05,11.235833676049246,8.675349700611319,2.7325562467296405,0.27266908076523266
