initial_infected_perc,initial_immune_perc,length,height,population_size,contagion_distance,critical_limit,amp_susc,amp_rec,amp_inf,response
0.08377479096356821,0.07743766647380637,100,100,118,5,0.05,0.20849952850511944,10.077783285958333,2.094297322488512,0.25425517215647864
