initial_infected_perc,initial_immune_perc,length,height,population_size,contagion_distance,critical_limit,amp_susc,amp_rec,amp_inf,response
0.007158574809809193,0.09465345236081489,100,100,118,5,0.05,11.028418862985333,19.712170919980444,3.818344313382893,0.17933821416559234
