initial_infected_perc,initial_immune_perc,length,height,population_size,contagion_distance,critical_limit,amp_susc,amp_rec,amp_inf,response
0.017874703114804904,0.05587101461576184,100,100,118,5,0.05,13.103189045989554,2.1069281467899637,13.900015372572149,0.03677032010987249
