initial_infected_perc,initial_immune_perc,length,height,population_size,contagion_distance,critical_limit,amp_susc,amp_rec,amp_inf,response
0.061698667298438065,0.04024088484724406,100,100,118,5,0.05,16.87743746441341,2.737495277698645,17.33352415734059,0.02811180563124076
