initial_infected_perc,initial_immune_perc,length,height,population_size,contagion_distance,critical_limit,amp_susc,amp_rec,amp_inf,response
0.08882089105106024,0.07802206548881158,100,100,118,5,0.05,2.232274057762178,2.712819052049096,12.302741810579453,0.14667267194248582
