initial_infected_perc,initial_immune_perc,length,height,population_size,contagion_distance,critical_limit,amp_susc,amp_rec,amp_inf,response
0.09576735558214662,0.010948221221507704,100,100,118,5,0.05,12.498633127373397,6.356412825258531,9.056732244015267,0.15088106421117872
