initial_infected_perc,initial_immune_perc,length,height,population_size,contagion_distance,critical_limit,amp_susc,amp_rec,amp_inf,response
0.058326996759124394,0.08287739380226111,100,100,118,5,0.05,10.788826632025927,16.88384890469828,7.10503737078967,0.15989832273229657
