initial_infected_perc,initial_immune_perc,length,height,population_size,contagion_distance,critical_limit,amp_susc,amp_rec,amp_inf,response
0.0761845242790653,0.02075170038266773,100,100,118,5,0.05,0.132365966275112,17.404927644162626,7.276078269375576,0.19014615359000644
