initial_infected_perc,initial_immune_perc,length,height,population_size,contagion_distance,critical_limit,amp_susc,amp_rec,amp_inf,response
0.09825693482797786,0.0331090172025355,100,100,118,5,0.05,15.96642972083146,12.098077782916318,11.89060564064776,0.16829444254723422
