initial_infected_perc,initial_immune_perc,length,height,population_size,contagion_distance,critical_limit,amp_susc,amp_rec,amp_inf,response
0.0407435556330958,0.08743712292123812,100,100,118,5,0.05,12.816972679903476,8.704969650659596,5.416692513042289,0.14407548600208994
