initial_infected_perc,initial_immune_perc,length,height,population_size,contagion_distance,critical_limit,amp_susc,amp_rec,amp_inf,response
0.038330649038736286,0.021936790640308314,100,100,118,5,0.05,0.47753481992345304,11.492340488099453,18.25989810665706,0.14567143762293297
