initial_infected_perc,initial_immune_perc,length,height,population_size,contagion_distance,critical_limit,amp_susc,amp_rec,amp_inf,response
0.030073365091986038,0.060684874873745576,100,100,118,5,0.05,13.380217513880302,10.25449147067645,1.8701057411470812,0.29493925671418053
