initial_infected_perc,initial_immune_perc,length,height,population_size,contagion_distance,critical_limit,amp_susc,amp_rec,amp_inf,response
0.015902184564596144,0.02400869091935516,100,100,118,5,0.05,6.835635511392963,7.965973777163844,6.50086471332086,0.10830773526975403
