initial_infected_perc,initial_immune_perc,length,height,population_size,contagion_distance,critical_limit,amp_susc,amp_rec,amp_inf,response
0.05884591846698315,0.0203618945653411,100,100,118,5,0.05,1.9733810077284142,10.06484163449431,16.716922416584687,0.07199267213815325
