initial_infected_perc,initial_immune_perc,length,height,population_size,contagion_distance,critical_limit,amp_susc,amp_rec,amp_inf,response
0.03999263508983802,0.07810529845386172,100,100,118,5,0.05,16.15805296327601,8.218253992511379,15.760433648133796,0.07457971496310539
