initial_infected_perc,initial_immune_perc,length,height,population_size,contagion_distance,critical_limit,amp_susc,amp_rec,amp_inf,response
0.06871966559051304,0.003997161131550431,100,100,118,5,0.05,4.630007858083342,9.837468665785726,15.05932669852189,0.05893899190450665
