initial_infected_perc,initial_immune_perc,length,height,population_size,contagion_distance,critical_limit,amp_susc,amp_rec,amp_inf,response
0.06588395842199561,0.023731816556379116,100,100,118,5,0.05,3.8576878527627634,19.250025189614906,18.310612451128605,0.13942672640532772
