initial_infected_perc,initial_immune_perc,length,height,population_size,contagion_distance,critical_limit,amp_susc,amp_rec,amp_inf,response
0.04400795165478617,0.07459704180357916,100,100,118,5,0.05,3.7999154383702294,10.66286527154282,14.955557733886174,0.2322207918184629
