initial_infected_perc,initial_immune_perc,length,height,population_size,contagion_distance,critical_limit,amp_susc,amp_rec,amp_inf,response
0.08729265669366196,0.03376935479066179,100,100,118,5,0.05,13.521787807544328,11.209340904847378,2.670609555352721,0.022737302834457285
