initial_infected_perc,initial_immune_perc,length,height,population_size,contagion_distance,critical_limit,amp_susc,amp_rec,amp_inf,response
0.0054067831783867985,0.06959313157330915,100,100,118,5,0.05,10.328846736420992,16.19336806854958,0.9904587140949794,0.18167195997002109
