initial_infected_perc,initial_immune_perc,length,height,population_size,contagion_distance,critical_limit,amp_susc,amp_rec,amp_inf,response
0.09814107638216973,0.05790901450519416,100,100,118,5,0.05,10.912051258057854,14.866711407467205,8.464985227959955,0.17435017881080747
