initial_infected_perc,initial_immune_perc,length,height,population_size,contagion_distance,critical_limit,amp_susc,amp_rec,amp_inf,response
0.09038311507498874,0.035460674012957494,100,100,118,5,0.05,3.152395174394509,13.498329420562596,19.05526746341894,0.1019381131806926
