initial_infected_perc,initial_immune_perc,length,height,population_size,contagion_distance,critical_limit,amp_susc,amp_rec,amp_inf,response
0.017924315681355354,0.02734017122177053,100,100,118,5,0.05,12.10853594824016,10.616439899997928,9.964642083632281,0.2534434542973743
