initial_infected_perc,initial_immune_perc,length,height,population_size,contagion_distance,critical_limit,amp_susc,amp_rec,amp_inf,response
0.07156058909408713,0.04235458299574653,100,100,118,5,0.05,4.843911211239213,2.9375483206572173,19.95296181341026,0.13987447298066094
