initial_infected_perc,initial_immune_perc,length,height,population_size,contagion_distance,critical_limit,amp_susc,amp_rec,amp_inf,response
0.09260392853163667,0.06435169079382716,100,100,118,5,0.05,17.32004183047726,13.125715770238365,18.573534157505193,0.25824240289380535
