initial_infected_perc,initial_immune_perc,length,height,population_size,contagion_distance,critical_limit,amp_susc,amp_rec,amp_inf,response
0.06636647470988223,0.07911776942417839,100,100,118,5,0.05,17.035040387875576,4.331795120147241,18.107076721593646,0.28366763512510973
