initial_infected_perc,initial_immune_perc,length,height,population_size,contagion_distance,critical_limit,amp_susc,amp_rec,amp_inf,response
0.0611195302114373,0.04183369953910694,100,100,118,5,0.05,3.6801558935834744,10.037236718017795,7.388497323092649,0.21130914595180067
