initial_infected_perc,initial_immune_perc,length,height,population_size,contagion_distance,critical_limit,amp_susc,amp_rec,amp_inf,response
0.031750960097319626,0.06353376848950941,100,100,118,5,0.05,19.35252977857176,5.434429343968981,11.037716569217064,0.0711087563263819
