initial_infected_perc,initial_immune_perc,length,height,population_size,contagion_distance,critical_limit,amp_susc,amp_rec,amp_inf,response
0.030335675776752648,0.018480054598448425,100,100,118,5,0.05,4.698095439598424,5.061830301213252,11.203845633956167,0.039818641825108324
