initial_infected_perc,initial_immune_perc,length,height,population_size,contagion_distance,critical_limit,amp_susc,amp_rec,amp_inf,response
0.0020014879155937472,0.026707349366430946,100,100,118,5,0.05,8.596305695626768,4.587375080446366,16.109630570776353,0.16012286822644475
