initial_infected_perc,initial_immune_perc,length,height,population_size,contagion_distance,critical_limit,amp_susc,amp_rec,amp_inf,response
0.09725916885686832,0.08973290286730504,100,100,118,5,0.05,8.915773087306215,15.490998140982562,3.266790973501603,0.177362262087876
