initial_infected_perc,initial_immune_perc,length,height,population_size,contagion_distance,critical_limit,amp_susc,amp_rec,amp_inf,response
0.0883355457914277,0.06923719329722915,100,100,118,5,0.05,6.53881492229668,12.513011188746464,5.861926615279652,0.11531122862867825
