initial_infected_perc,initial_immune_perc,length,height,population_size,contagion_distance,critical_limit,amp_susc,amp_rec,amp_inf,response
0.07953408162047627,0.0944814368627502,100,100,118,5,0.05,12.269020875398342,6.724500644828433,0.9010314240864492,0.14746593634471836
