initial_infected_perc,initial_immune_perc,length,height,population_size,contagion_distance,critical_limit,amp_susc,amp_rec,amp_inf,response
0.07482764313417788,0.05435559084254471,100,100,118,5,0.05,7.9719398150703435,2.415004241058374,11.254979753995407,0.04904160614823074
