initial_infected_perc,initial_immune_perc,length,height,population_size,contagion_distance,critical_limit,amp_susc,amp_rec,amp_inf,response
0.09132798784642125,0.006116969974456233,100,100,118,5,0.05,12.931906808299933,8.694862832659977,8.737872316914839,0.2705611953491883
