initial_infected_perc,initial_immune_perc,length,height,population_size,contagion_distance,critical_limit,amp_susc,amp_rec,amp_inf,response
0.07464067886441994,0.08107171278287327,100,100,118,5,0.05,13.488137146368217,7.732339394545371,7.8927800171228775,0.1682528279560527
