initial_infected_perc,initial_immune_perc,length,height,population_size,contagion_distance,critical_limit,amp_susc,amp_rec,amp_inf,response
0.06732154570488467,0.03512809356847797,100,100,118,5,0.05,5.429270119681664,14.00087216539329,4.648730083404898,0.20578816618566406
