initial_infected_perc,initial_immune_perc,length,height,population_size,contagion_distance,critical_limit,amp_susc,amp_rec,amp_inf,response
0.06755684045285554,0.050836899169027464,100,100,118,5,0.05,1.4005475695182046,4.251087731146033,16.73179580904813,0.19590195707165156
