initial_infected_perc,initial_immune_perc,length,height,population_size,contagion_distance,critical_limit,amp_susc,amp_rec,amp_inf,response
0.08931736520458368,0.0314785786823808,100,100,118,5,0.05,3.8452156792925773,11.523081013169564,2.7499137411587338,0.05350121540100707
