initial_infected_perc,initial_immune_perc,length,height,population_size,contagion_distance,critical_limit,amp_susc,amp_rec,amp_inf,response
0.03843216562169471,0.09506497655341264,100,100,118,5,0.05,19.78414440467263,6.93603967850845,9.008856230726023,0.22490025693377316
