initial_infected_perc,initial_immune_perc,length,height,population_size,contagion_distance,critical_limit,amp_susc,amp_rec,amp_inf,response
0.09733466460453861,0.04708526640402059,100,100,118,5,0.05,2.9546716358466196,10.337064814234644,4.738182869218197,0.21965774776268035
