initial_infected_perc,initial_immune_perc,length,height,population_size,contagion_distance,critical_limit,amp_susc,amp_rec,amp_inf,response
0.01065971484929177,0.01017260780115582,100,100,118,5,0.05,0.7240446154175895,8.802189631846343,8.668903051354759,0.08649951783980193
