initial_infected_perc,initial_immune_perc,length,height,population_size,contagion_distance,critical_limit,amp_susc,amp_rec,amp_inf,response
0.02922690635214549,0.07688673623759013,100,100,118,5,0.05,8.846650929454915,15.155333596826175,3.549114109124638,0.17607578250542977
