initial_infected_perc,initial_immune_perc,length,height,population_size,contagion_distance,critical_limit,amp_susc,amp_rec,amp_inf,response
0.06142674251292442,0.07006928486805461,100,100,118,5,0.05,7.533529012075064,12.73058668119692,11.76602510925095,0.10481769300898255
