initial_infected_perc,initial_immune_perc,length,height,population_size,contagion_distance,critical_limit,amp_susc,amp_rec,amp_inf,response
0.07999725832619166,0.06356240908822429,100,100,118,5,0.05,14.200517612602363,9.550017238096697,19.333628486867184,0.18683896712838344
