initial_infected_perc,initial_immune_perc,length,height,population_size,contagion_distance,critical_limit,amp_susc,amp_rec,amp_inf,response
0.08001972442440602,0.03707894649754271,100,100,118,5,0.05,19.624394882159955,14.787988576619512,8.007041896148895,0.13067612362146686
