initial_infected_perc,initial_immune_perc,length,height,population_size,contagion_distance,critical_limit,amp_susc,amp_rec,amp_inf,response
0.04349112391611629,0.04736675204480301,100,100,118,5,0.05,9.131471353989584,9.71588088645735,17.39000071312815,0.09859330651910338
