initial_infected_perc,initial_immune_perc,length,height,population_size,contagion_distance,critical_limit,amp_susc,amp_rec,amp_inf,response
0.013046930008310177,0.013199451692052678,100,100,118,5,0.05,15.972751261505923,9.051982385894625,15.517410889404744,0.2925907607217838
