initial_infected_perc,initial_immune_perc,length,height,population_size,contagion_distance,critical_limit,amp_susc,amp_rec,amp_inf,response
0.05925466927331054,0.08963859723169808,100,100,118,5,0.05,16.853541063310843,4.651687754557463,2.5337586612331253,0.060142864537755
