initial_infected_perc,initial_immune_perc,length,height,population_size,contagion_distance,critical_limit,amp_susc,amp_rec,amp_inf,response
0.06644207953180568,0.08055797317163807,100,100,118,5,0.05,1.7371790854612734,16.611326298673916,12.15028266916174,0.08051790242711247
