initial_infected_perc,initial_immune_perc,length,height,population_size,contagion_distance,critical_limit,amp_susc,amp_rec,amp_inf,response
0.034355616428687376,0.02481525422687385,100,100,118,5,0.05,19.02434118710727,12.833450000311489,11.249384261328249,0.13227253393387747
