initial_infected_perc,initial_immune_perc,length,height,population_size,contagion_distance,critical_limit,amp_susc,amp_rec,amp_inf,response
0.06868996565893382,0.09682356291372499,100,100,118,5,0.05,5.610030145789439,8.936731146616435,17.21371385157127,0.17570275033110297
