initial_infected_perc,initial_immune_perc,length,height,population_size,contagion_distance,critical_limit,amp_susc,amp_rec,amp_inf,response
0.019314014602416198,0.059112617110600445,100,100,118,5,0.05,5.501122875415234,13.12401334303225,11.716576609209504,0.1028983279403788
