initial_infected_perc,initial_immune_perc,length,height,population_size,contagion_distance,critical_limit,amp_susc,amp_rec,amp_inf,response
0.08462436103847576,0.02444239201260553,100,100,118,5,0.05,9.16826950153075,5.135875321096741,19.288373747502504,0.0477234219487886
