initial_infected_perc,initial_immune_perc,length,height,population_size,contagion_distance,critical_limit,amp_susc,amp_rec,amp_inf,response
0.09462364922290226,0.08006519973262581,100,100,118,5,0.05,8.02741400255256,14.795501079747485,15.703515472233136,0.23469522325920844
