initial_infected_perc,initial_immune_perc,length,height,population_size,contagion_distance,critical_limit,amp_susc,amp_rec,amp_inf,response
0.01517055896917634,0.04509966858471387,100,100,118,5,0.05,16.124601764571526,1.1517668556608007,8.8389148709715,0.000812969170880673
