initial_infected_perc,initial_immune_perc,length,height,population_size,contagion_distance,critical_limit,amp_susc,amp_rec,amp_inf,response
0.004552875349584484,0.06040356518905831,100,100,118,5,0.05,16.291587334104516,11.354110388037018,15.076086624153099,0.23809778681584765
