initial_infected_perc,initial_immune_perc,length,height,population_size,contagion_distance,critical_limit,amp_susc,amp_rec,amp_inf,response
0.09759140752551743,0.014850297158390636,100,100,118,5,0.05,17.772802409752778,0.25293846031167355,3.1080795414817786,0.1290539206106761
