initial_infected_perc,initial_immune_perc,length,height,population_size,contagion_distance,critical_limit,amp_susc,amp_rec,amp_inf,response
0.09749932728450478,0.039387125636562895,100,100,118,5,0.05,6.68823154588959,19.834169428038262,9.880123241563027,0.07275657997728238
