initial_infected_perc,initial_immune_perc,length,height,population_size,contagion_distance,critical_limit,amp_susc,amp_rec,amp_inf,response
0.050424757986083396,0.05490535790629641,100,100,118,5,0.05,10.683911254500362,18.062138683740514,7.997870968815716,0.17516216721856184
