initial_infected_perc,initial_immune_perc,length,height,population_size,contagion_distance,critical_limit,amp_susc,amp_rec,amp_inf,response
0.090006733442686,0.07425919640722005,100,100,118,5,0.05,3.7635185211873012,1.152092169986314,19.24442223913165,0.08069728702508625
