initial_infected_perc,initial_immune_perc,length,height,population_size,contagion_distance,critical_limit,amp_susc,amp_rec,amp_inf,response
0.044207133191427356,0.06020817664470626,100,100,118,5,0.05,12.802488156184497,18.116111808313484,3.3098375754818865,0.09444365578535596
