initial_infected_perc,initial_immune_perc,length,height,population_size,contagion_distance,critical_limit,amp_susc,amp_rec,amp_inf,response
0.045569673100273204,0.06957534426851864,100,100,118,5,0.05,12.28454584339178,4.464847916835442,5.228509686395142,0.13075229560047485
