initial_infected_perc,initial_immune_perc,length,height,population_size,contagion_distance,critical_limit,amp_susc,amp_rec,amp_inf,response
0.08352491765898858,0.017431341600740592,100,100,118,5,0.05,3.0309811289236954,13.76265193135891,13.811124501702714,0.267312760611023
