initial_infected_perc,initial_immune_perc,length,height,population_size,contagion_distance,critical_limit,amp_susc,amp_rec,amp_inf,response
0.03864747867411039,0.033663842611581465,100,100,118,5,0.05,19.05659377660234,3.495564122381396,19.426029776435158,0.28313458928849666
