initial_infected_perc,initial_immune_perc,length,height,population_size,contagion_distance,critical_limit,amp_susc,amp_rec,amp_inf,response
0.036860810844676906,0.0961391629594281,100,100,118,5,0.05,18.229292883969052,10.312939607867422,7.6581979387424965,0.15302587385118857
