initial_infected_perc,initial_immune_perc,length,height,population_size,contagion_distance,critical_limit,amp_susc,amp_rec,amp_inf,response
0.03141992483236111,0.05709154577549023,100,100,118,5,0.05,17.84365219396347,18.275904647664877,16.91331253641353,0.24831726272881147
