initial_infected_perc,initial_immune_perc,length,height,population_size,contagion_distance,critical_limit,amp_susc,amp_rec,amp_inf,response
0.04841545449297361,0.0938398649013097,100,100,118,5,0.05,18.024377032375853,19.656453194001823,18.225913626521123,0.12507257584414747
