initial_infected_perc,initial_immune_perc,length,height,population_size,contagion_distance,critical_limit,amp_susc,amp_rec,amp_inf,response
0.03902694844250515,0.002292250835775189,100,100,118,5,0.05,18.788526319169613,14.157105958596027,15.480621676139354,0.01411178533500078
