initial_infected_perc,initial_immune_perc,length,height,population_size,contagion_distance,critical_limit,amp_susc,amp_rec,amp_inf,response
0.0013966412877158387,0.02220526624775836,100,100,118,5,0.05,13.234993897761612,18.516001523681023,5.018468261442277,0.25370961595840696
