initial_infected_perc,initial_immune_perc,length,height,population_size,contagion_distance,critical_limit,amp_susc,amp_rec,amp_inf,response
0.09102857476783614,0.0956744492044474,100,100,118,5,0.05,2.83664496151965,15.764604097408426,2.4032781081265453,0.247444404400797
