initial_infected_perc,initial_immune_perc,length,height,population_size,contagion_distance,critical_limit,amp_susc,amp_rec,amp_inf,response
0.024064402215585135,0.03282438392641982,100,100,118,5,0.05,12.48056354018632,2.4488511302501603,14.683813792310197,0.13408340245189035
