initial_infected_perc,initial_immune_perc,length,height,population_size,contagion_distance,critical_limit,amp_susc,amp_rec,amp_inf,response
0.06469680161312175,0.05807441672959729,100,100,118,5,0.05,12.001291262649064,2.9661040230843416,2.4994156767847264,0.08103306533819417
