initial_infected_perc,initial_immune_perc,length,height,population_size,contagion_distance,critical_limit,amp_susc,amp_rec,amp_inf,response
0.028152605481470017,0.0681211903575553,100,100,118,5,0.05,7.2098057785257215,9.637256257919775,8.162989182868731,0.18076660334359243
