initial_infected_perc,initial_immune_perc,length,height,population_size,contagion_distance,critical_limit,amp_susc,amp_rec,amp_inf,response
0.04176349127738752,0.061825858861223576,100,100,118,5,0.05,17.032063502858477,8.2272165156412,3.88913943909849,0.18030860808445873
