initial_infected_perc,initial_immune_perc,length,height,population_size,contagion_distance,critical_limit,amp_susc,amp_rec,amp_inf,response
0.03676904859533884,0.0645863311056563,100,100,118,5,0.05,17.11945470920375,9.716508273062503,1.8425385395212945,0.006163507007988067
