initial_infected_perc,initial_immune_perc,length,height,population_size,contagion_distance,critical_limit,amp_susc,amp_rec,amp_inf,response
0.011113376078521909,0.09380768760925276,100,100,118,5,0.05,7.9852676856581155,0.7448290105284694,2.519264209053078,0.12427383033494892
