initial_infected_perc,initial_immune_perc,length,height,population_size,contagion_distance,critical_limit,amp_susc,amp_rec,amp_inf,response
0.05291198361042563,0.008388371320375154,100,100,118,5,0.05,6.116267455074091,10.419335530578216,0.7759852696981384,0.03368605490998598
