initial_infected_perc,initial_immune_perc,length,height,population_size,contagion_distance,critical_limit,amp_susc,amp_rec,amp_inf,response
0.0818360130268431,0.08817538824730109,100,100,118,5,0.05,9.793401569021032,7.957329717189101,13.002884695275782,0.042339424724216757
