initial_infected_perc,initial_immune_perc,length,height,population_size,contagion_distance,critical_limit,amp_susc,amp_rec,amp_inf,response
0.06807597950820964,0.09472465405585859,100,100,118,5,0.05,2.2622401488461907,12.658102734511445,8.966524781539249,0.160773522123114
