initial_infected_perc,initial_immune_perc,length,height,population_size,contagion_distance,critical_limit,amp_susc,amp_rec,amp_inf,response
0.09596169033333163,0.01451074280155832,100,100,118,5,0.05,19.36866820727835,8.674321544714507,7.649899432816108,0.2926337287524206
