initial_infected_perc,initial_immune_perc,length,height,population_size,contagion_distance,critical_limit,amp_susc,amp_rec,amp_inf,response
0.047290553410205674,0.05637669144508933,100,100,118,5,0.05,19.8300342494214,4.430085449066077,15.79143299985651,0.0020666783170689928
