initial_infected_perc,initial_immune_perc,length,height,population_size,contagion_distance,critical_limit,amp_susc,amp_rec,amp_inf,response
0.06120756708362038,0.06235291657627824,100,100,118,5,0.05,14.81567059509478,19.33248155954756,3.982752814257786,0.2525421614371
