initial_infected_perc,initial_immune_perc,length,height,population_size,contagion_distance,critical_limit,amp_susc,amp_rec,amp_inf,response
0.024035010270447767,0.006911898727705002,100,100,118,5,0.05,13.238213404348652,16.80650870893176,9.908818798311348,0.14977000377238361
