initial_infected_perc,initial_immune_perc,length,height,population_size,contagion_distance,critical_limit,amp_susc,amp_rec,amp_inf,response
0.07581470132779855,0.014066754556810102,100,100,118,5,0.05,4.0344496432646775,17.84482482205917,14.699750310160288,0.18487347228540002
