initial_infected_perc,initial_immune_perc,length,height,population_size,contagion_distance,critical_limit,amp_susc,amp_rec,amp_inf,response
0.05241764645851658,0.07220915307327434,100,100,118,5,0.05,18.049351429365764,12.114404628154094,8.35437890231859,0.2331546852697126
