initial_infected_perc,initial_immune_perc,length,height,population_size,contagion_distance,critical_limit,amp_susc,amp_rec,amp_inf,response
0.05289941369032741,0.03454629169481012,100,100,118,5,0.05,17.77652832851963,1.5022014748901125,17.611127458582335,0.29201065031187845
