initial_infected_perc,initial_immune_perc,length,height,population_size,contagion_distance,critical_limit,amp_susc,amp_rec,amp_inf,response
0.08710393880737594,0.09449038770206314,100,100,118,5,0.05,14.172705436527373,17.539468909710923,6.8830020270622905,0.2224718235813343
