initial_infected_perc,initial_immune_perc,length,height,population_size,contagion_distance,critical_limit,amp_susc,amp_rec,amp_inf,response
0.02949675775415648,0.09456378570845375,100,100,118,5,0.05,13.067395878155864,6.1416302297691665,11.809199415477476,0.21826462961152854
