initial_infected_perc,initial_immune_perc,length,height,population_size,contagion_distance,critical_limit,amp_susc,amp_rec,amp_inf,response
0.007274943694374925,0.09891019928947203,100,100,118,5,0.05,7.2701247395882085,8.55809338004825,4.199814694878794,0.09228356316936932
