initial_infected_perc,initial_immune_perc,length,height,population_size,contagion_distance,critical_limit,amp_susc,amp_rec,amp_inf,response
0.07973335542579739,0.00463312625087392,100,100,118,5,0.05,6.090518028765805,6.039534738301729,13.816700480392045,0.08904149588153609
