initial_infected_perc,initial_immune_perc,length,height,population_size,contagion_distance,critical_limit,amp_susc,amp_rec,amp_inf,response
0.09677602714776262,0.0748787771235264,100,100,118,5,0.05,4.244252643917374,18.827154817628678,9.961026205954989,0.24464135616004326
