initial_infected_perc,initial_immune_perc,length,height,population_size,contagion_distance,critical_limit,amp_susc,amp_rec,amp_inf,response
0.01670050910021367,0.020204830074971026,100,100,118,5,0.05,0.3255016804749733,5.302679542313404,2.3500189475799127,0.06121355068879407
