initial_infected_perc,initial_immune_perc,length,height,population_size,contagion_distance,critical_limit,amp_susc,amp_rec,amp_inf,response
0.09910760262061773,0.05273273635830347,100,100,118,5,0.05,17.869429343578556,18.897776537655925,19.89561777635743,0.023775845638602154
