initial_infected_perc,initial_immune_perc,length,height,population_size,contagion_distance,critical_limit,amp_susc,amp_rec,amp_inf,response
0.08382935122326773,0.018104333157406616,100,100,118,5,0.05,3.1967822390733924,10.749370432287277,18.93758042300113,0.08535912479836852
