initial_infected_perc,initial_immune_perc,length,height,population_size,contagion_distance,critical_limit,amp_susc,amp_rec,amp_inf,response
0.05750486122198816,0.09998786921035513,100,100,118,5,0.05,4.098220100787677,13.022121426750857,12.341581689768429,0.19158269274969267
