initial_infected_perc,initial_immune_perc,length,height,population_size,contagion_distance,critical_limit,amp_susc,amp_rec,amp_inf,response
0.09337494198906669,0.030265616216679527,100,100,118,5,0.05,4.510715084719479,9.05346617319905,7.076859685147719,0.028306273077398247
