initial_infected_perc,initial_immune_perc,length,height,population_size,contagion_distance,critical_limit,amp_susc,amp_rec,amp_inf,response
0.025002248170521702,0.022878388288611974,100,100,118,5,0.05,1.6095420366682944,4.122931696919554,8.784595480251438,0.1350126559346295
