initial_infected_perc,initial_immune_perc,length,height,population_size,contagion_distance,critical_limit,amp_susc,amp_rec,amp_inf,response
0.016445931506650146,0.03739718867934488,100,100,118,5,0.05,1.1095336194831829,6.13563159229871,10.902833651654888,0.20516747753253697
