initial_infected_perc,initial_immune_perc,length,height,population_size,contagion_distance,critical_limit,amp_susc,amp_rec,amp_inf,response
0.0760606557792348,0.05406640776341229,100,100,118,5,0.05,16.93125316206792,11.789404734686329,12.439871731172927,0.0268942293593607
