initial_infected_perc,initial_immune_perc,length,height,population_size,contagion_distance,critical_limit,amp_susc,amp_rec,amp_inf,response
0.05730908399881571,0.09334153043469491,100,100,118,5,0.05,19.364157408015682,0.07855371289637203,19.52313424651528,0.15703048524003074
