initial_infected_perc,initial_immune_perc,length,height,population_size,contagion_distance,critical_limit,amp_susc,amp_rec,amp_inf,response
0.076260923968789,0.07753913069040036,100,100,118,5,0.05,16.068981494301948,13.636537980495579,1.2906710694258927,0.2639046253031559
