initial_infected_perc,initial_immune_perc,length,height,population_size,contagion_distance,critical_limit,amp_susc,amp_rec,amp_inf,response
0.052082310964510076,0.03720899391387213,100,100,118,5,0.05,12.738055344394986,6.673910815275372,15.642822559763292,0.07495133860489457
