initial_infected_perc,initial_immune_perc,length,height,population_size,contagion_distance,critical_limit,amp_susc,amp_rec,amp_inf,response
0.042161194839776886,0.09655264294961097,100,100,118,5,0.05,7.4989509803848575,12.561421656081526,15.809602546209424,0.14777422350404473
