initial_infected_perc,initial_immune_perc,length,height,population_size,contagion_distance,critical_limit,amp_susc,amp_rec,amp_inf,response
0.06110140706790465,0.06643958692900141,100,100,118,5,0.05,7.523782492140247,10.82137800245274,18.502889442396686,0.2109901708462166
