initial_infected_perc,initial_immune_perc,length,height,population_size,contagion_distance,critical_limit,amp_susc,amp_rec,amp_inf,response
0.0029538949165238138,0.02921853395159825,100,100,118,5,0.05,3.3774426081434483,16.695561219852113,10.703202320477086,0.07829287197316928
