initial_infected_perc,initial_immune_perc,length,height,population_size,contagion_distance,critical_limit,amp_susc,amp_rec,amp_inf,response
0.017164439731700534,0.038098651704391084,100,100,118,5,0.05,8.474263996371574,1.3408113876372885,2.2069265605771293,0.2665237814274857
