initial_infected_perc,initial_immune_perc,length,height,population_size,contagion_distance,critical_limit,amp_susc,amp_rec,amp_inf,response
0.025606677345865005,0.08149913002097081,100,100,118,5,0.05,15.22888886746211,13.120568860030994,12.18376350333388,0.19012008334250155
