initial_infected_perc,initial_immune_perc,length,height,population_size,contagion_distance,critical_limit,amp_susc,amp_rec,amp_inf,response
0.006263133639136565,0.07482107175977025,100,100,118,5,0.05,7.9923135112025,19.516669637950688,13.87817041984022,0.28541999403405527
