initial_infected_perc,initial_immune_perc,length,height,population_size,contagion_distance,critical_limit,amp_susc,amp_rec,amp_inf,response
0.07803569143632229,0.057632741045268235,100,100,118,5,0.05,18.85568216303924,7.067481008447647,18.87302083043287,0.17430637786697853
