initial_infected_perc,initial_immune_perc,length,height,population_size,contagion_distance,critical_limit,amp_susc,amp_rec,amp_inf,response
0.03047725552739915,0.0343431306875029,100,100,118,5,0.05,16.86117607076619,16.54997824249232,18.493310948538884,0.15799935603608012
