initial_infected_perc,initial_immune_perc,length,height,population_size,contagion_distance,critical_limit,amp_susc,amp_rec,amp_inf,response
0.07734656872716517,0.05848312840377983,100,100,118,5,0.05,8.935332054912383,11.11747511458779,6.601271587335913,0.12876870470083907
