initial_infected_perc,initial_immune_perc,length,height,population_size,contagion_distance,critical_limit,amp_susc,amp_rec,amp_inf,response
0.05380489566626994,0.01515473836738398,100,100,118,5,0.05,8.980495458064999,1.0931595695609886,0.2237589628093728,0.11329408638844869
