initial_infected_perc,initial_immune_perc,length,height,population_size,contagion_distance,critical_limit,amp_susc,amp_rec,amp_inf,response
0.0845674796788536,0.0057157070061421905,100,100,118,5,0.05,8.614360901806414,7.259907317019493,8.283638099068531,0.0712901701231158
