initial_infected_perc,initial_immune_perc,length,height,population_size,contagion_distance,critical_limit,amp_susc,amp_rec,amp_inf,response
0.027247732461188848,0.0812547633358574,100,100,118,5,0.05,10.082868920601433,17.418091969376363,11.675898999537,0.22849962662249035
