initial_infected_perc,initial_immune_perc,length,height,population_size,contagion_distance,critical_limit,amp_susc,amp_rec,amp_inf,response
0.060985440518857084,0.0543286647216243,100,100,118,5,0.05,0.5912801074895468,0.8458696909458552,6.888294370471069,0.28674005204720354
