initial_infected_perc,initial_immune_perc,length,height,population_size,contagion_distance,critical_limit,amp_susc,amp_rec,amp_inf,response
0.046977978563527284,0.06178158159411319,100,100,118,5,0.05,1.8391779722750723,10.39228183537151,13.065487258117848,0.2062233084283239
