initial_infected_perc,initial_immune_perc,length,height,population_size,contagion_distance,critical_limit,amp_susc,amp_rec,amp_inf,response
0.08340131780165559,0.06647414398255301,100,100,118,5,0.05,14.017986552526649,9.236803504852835,8.31527311139578,0.06935059092345992
