initial_infected_perc,initial_immune_perc,length,height,population_size,contagion_distance,critical_limit,amp_susc,amp_rec,amp_inf,response
0.04199602690473502,0.09195776614374224,100,100,118,5,0.05,13.085593451322264,14.216818934054082,9.68448551651666,0.19873050201431108
