initial_infected_perc,initial_immune_perc,length,height,population_size,contagion_distance,critical_limit,amp_susc,amp_rec,amp_inf,response
0.01695948373833831,0.08341650790971983,100,100,118,5,0.05,6.878529689319173,7.6962880036445735,2.6898820334437157,0.2864398310048503
