initial_infected_perc,initial_immune_perc,length,height,population_size,contagion_distance,critical_limit,amp_susc,amp_rec,amp_inf,response
0.07118879831419883,0.08864846387051517,100,100,118,5,0.05,0.0721730641362206,16.783505394762276,7.2339870050107935,0.21807718184521618
