initial_infected_perc,initial_immune_perc,length,height,population_size,contagion_distance,critical_limit,amp_susc,amp_rec,amp_inf,response
0.028031927535979773,0.06808851212688498,100,100,118,5,0.05,8.806204724595094,17.538851806757005,7.450741398977119,0.18315710228866403
