initial_infected_perc,initial_immune_perc,length,height,population_size,contagion_distance,critical_limit,amp_susc,amp_rec,amp_inf,response
0.042172458583623035,0.005576143503236053,100,100,118,5,0.05,6.393840606338812,12.286543042440503,0.631402985006495,0.001787915001805007
