initial_infected_perc,initial_immune_perc,length,height,population_size,contagion_distance,critical_limit,amp_susc,amp_rec,amp_inf,response
0.0674774312197606,0.028007790568697056,100,100,118,5,0.05,1.8873247047316233,10.33965458104708,5.487812212595269,0.1315614874120784
