initial_infected_perc,initial_immune_perc,length,height,population_size,contagion_distance,critical_limit,amp_susc,amp_rec,amp_inf,response
0.044789444692903614,0.0006905752895033035,100,100,118,5,0.05,13.832008215751232,7.924577143989797,6.950724090769221,0.058347253526586804
