initial_infected_perc,initial_immune_perc,length,height,population_size,contagion_distance,critical_limit,amp_susc,amp_rec,amp_inf,response
0.07294546758650497,0.07363885956282835,100,100,118,5,0.05,13.183377614344378,16.992745506008898,12.579273816307344,0.09314159384289503
