initial_infected_perc,initial_immune_perc,length,height,population_size,contagion_distance,critical_limit,amp_susc,amp_rec,amp_inf,response
0.029164800778936763,0.03302836565923158,100,100,118,5,0.05,11.44570211761095,1.8503658213674101,19.341019287707667,0.14175258797814458
