initial_infected_perc,initial_immune_perc,length,height,population_size,contagion_distance,critical_limit,amp_susc,amp_rec,amp_inf,response
0.06228144222062226,0.08882801160177255,100,100,118,5,0.05,1.6535785372021694,16.766853599866003,5.589043442342834,0.09494752577240106
