initial_infected_perc,initial_immune_perc,length,height,population_size,contagion_distance,critical_limit,amp_susc,amp_rec,amp_inf,response
0.08355238301905309,0.045093490598575904,100,100,118,5,0.05,10.488139318983636,9.988445582813304,17.231990285344303,0.19503926379452907
