initial_infected_perc,initial_immune_perc,length,height,population_size,contagion_distance,critical_limit,amp_susc,amp_rec,amp_inf,response
0.06595824972196433,0.0481129369217938,100,100,118,5,0.05,0.3082992195429557,11.352454835110596,10.686242081547356,0.22809136287710352
