initial_infected_perc,initial_immune_perc,length,height,population_size,contagion_distance,critical_limit,amp_susc,amp_rec,amp_inf,response
0.057756513662253706,0.025571448784765596,100,100,118,5,0.05,0.9094877985074179,13.535368919891077,10.092904064171934,0.21957934097225038
