initial_infected_perc,initial_immune_perc,length,height,population_size,contagion_distance,critical_limit,amp_susc,amp_rec,amp_inf,response
0.006627414536441756,0.025103953328917086,100,100,118,5,0.05,12.808572113356206,6.289827651046258,10.042925683221878,0.2677573778777562
