initial_infected_perc,initial_immune_perc,length,height,population_size,contagion_distance,critical_limit,amp_susc,amp_rec,amp_inf,response
0.05545035536292611,0.05815997997455561,100,100,118,5,0.05,15.842402869510613,6.441752232074065,7.539176161981375,0.24186648670207778
