initial_infected_perc,initial_immune_perc,length,height,population_size,contagion_distance,critical_limit,amp_susc,amp_rec,amp_inf,response
0.06665068237072487,0.051094000115236266,100,100,118,5,0.05,16.509619471436682,6.837858593785322,4.26988150085643,0.15403101131935962
