initial_infected_perc,initial_immune_perc,length,height,population_size,contagion_distance,critical_limit,amp_susc,amp_rec,amp_inf,response
0.07315614364985237,0.08871133046277924,100,100,118,5,0.05,3.3329210030190626,3.117630609404509,18.840309794181653,0.005719678807826345
