initial_infected_perc,initial_immune_perc,length,height,population_size,contagion_distance,critical_limit,amp_susc,amp_rec,amp_inf,response
0.018879126343955624,0.06676873869227477,100,100,118,5,0.05,10.618510267761348,11.618280277007795,4.611944843698883,0.26366963257727427
