initial_infected_perc,initial_immune_perc,length,height,population_size,contagion_distance,critical_limit,amp_susc,amp_rec,amp_inf,response
0.08969819736770984,0.08006450561406982,100,100,118,5,0.05,9.270030395339363,5.886239251646113,3.4768310252554158,0.013004313904949093
