initial_infected_perc,initial_immune_perc,length,height,population_size,contagion_distance,critical_limit,amp_susc,amp_rec,amp_inf,response
0.04931524802354036,0.03884636088590693,100,100,118,5,0.05,15.298800459572279,11.93837712800037,7.675731146606051,0.1939114991669969
