initial_infected_perc,initial_immune_perc,length,height,population_size,contagion_distance,critical_limit,amp_susc,amp_rec,amp_inf,response
0.0843817859093263,0.08238896427043407,100,100,118,5,0.05,0.17183349301754802,9.037779366536727,10.16938654999231,0.12663925810539162
