initial_infected_perc,initial_immune_perc,length,height,population_size,contagion_distance,critical_limit,amp_susc,amp_rec,amp_inf,response
0.05796687271607107,0.08327879745856759,100,100,118,5,0.05,7.907860760138479,19.836454339292345,17.889651201047347,0.2479835142060303
