initial_infected_perc,initial_immune_perc,length,height,population_size,contagion_distance,critical_limit,amp_susc,amp_rec,amp_inf,response
0.04086831923755474,0.042468823536372005,100,100,118,5,0.05,9.650361549231963,18.807472327729407,10.85885012377152,0.10518544082192373
