initial_infected_perc,initial_immune_perc,length,height,population_size,contagion_distance,critical_limit,amp_susc,amp_rec,amp_inf,response
0.043364193451091576,0.09430384477719855,100,100,118,5,0.05,16.902510921422362,19.748805296075265,11.071001646512084,0.25087471083851026
