initial_infected_perc,initial_immune_perc,length,height,population_size,contagion_distance,critical_limit,amp_susc,amp_rec,amp_inf,response
0.0156692827485586,0.053533853501031174,100,100,118,5,0.05,19.492542081602014,10.538743713157217,11.003652458475596,0.05003009938745299
