initial_infected_perc,initial_immune_perc,length,height,population_size,contagion_distance,critical_limit,amp_susc,amp_rec,amp_inf,response
0.08993255610784903,0.020410935009464694,100,100,118,5,0.05,1.0902004084437178,16.336246255444863,19.121369020880575,0.12752820404548754
