initial_infected_perc,initial_immune_perc,length,height,population_size,contagion_distance,critical_limit,amp_susc,amp_rec,amp_inf,response
0.040448818249021246,0.0028171242137919775,100,100,118,5,0.05,19.8423123610712,0.531579462634777,9.046053960044278,0.13638271005616856
