initial_infected_perc,initial_immune_perc,length,height,population_size,contagion_distance,critical_limit,amp_susc,amp_rec,amp_inf,response
0.03967925794418974,0.004748435055735423,100,100,118,5,0.05,13.804539410691143,4.889937631418613,10.376709511912544,0.24088586514815033
