initial_infected_perc,initial_immune_perc,length,height,population_size,contagion_distance,critical_limit,amp_susc,amp_rec,amp_inf,response
0.00977505933172258,0.049223832974472,100,100,118,5,0.05,13.040029610967988,2.1580916651788074,1.4122900746710476,0.21186445827999953
