initial_infected_perc,initial_immune_perc,length,height,population_size,contagion_distance,critical_limit,amp_susc,amp_rec,amp_inf,response
0.038978901633116875,0.09807890210011332,100,100,118,5,0.05,10.249123763278698,5.611690880567359,1.7546480402433628,0.18783031507704875
