initial_infected_perc,initial_immune_perc,length,height,population_size,contagion_distance,critical_limit,amp_susc,amp_rec,amp_inf,response
0.05766092534880815,0.08481236476890808,100,100,118,5,0.05,11.933054448688175,18.70864311422768,3.4547300583398477,0.19915496475921954
