initial_infected_perc,initial_immune_perc,length,height,population_size,contagion_distance,critical_limit,amp_susc,amp_rec,amp_inf,response
0.06207944595687362,0.04132694903108876,100,100,118,5,0.05,19.115349003254686,4.549970823883189,10.764353872386916,0.15204241017840417
