initial_infected_perc,initial_immune_perc,length,height,population_size,contagion_distance,critical_limit,amp_susc,amp_rec,amp_inf,response
0.017362776415148162,0.05102346561160703,100,100,118,5,0.05,5.4612717135046385,19.535666102583036,10.721057947782647,0.05441344298917463
