initial_infected_perc,initial_immune_perc,length,height,population_size,contagion_distance,critical_limit,amp_susc,amp_rec,amp_inf,response
0.016515938760472203,0.04134334515126947,100,100,118,5,0.05,5.640192484181325,19.83080338094394,11.276130295369445,0.21016868179056825
