initial_infected_perc,initial_immune_perc,length,height,population_size,contagion_distance,critical_limit,amp_susc,amp_rec,amp_inf,response
0.04204004271688847,0.02444370412610595,100,100,118,5,0.05,13.917535197023522,0.42131648896742036,15.536544311373078,0.1416426286038218
