initial_infected_perc,initial_immune_perc,length,height,population_size,contagion_distance,critical_limit,amp_susc,amp_rec,amp_inf,response
0.02003941650866763,0.020834809144248536,100,100,118,5,0.05,18.76942394950373,10.50200072337165,14.374653265846531,0.2320421215083063
