initial_infected_perc,initial_immune_perc,length,height,population_size,contagion_distance,critical_limit,amp_susc,amp_rec,amp_inf,response
0.09618892781131705,0.006034256874272493,100,100,118,5,0.05,7.272123026244667,16.81215131109013,4.640658736211181,0.28927628520025594
