initial_infected_perc,initial_immune_perc,length,height,population_size,contagion_distance,critical_limit,amp_susc,amp_rec,amp_inf,response
0.05135550914507095,0.016785554850765983,100,100,118,5,0.05,0.4820477799438394,0.7914982646357216,16.232809817121982,0.24068150528844856
