initial_infected_perc,initial_immune_perc,length,height,population_size,contagion_distance,critical_limit,amp_susc,amp_rec,amp_inf,response
0.06133481197400009,0.07315768090270662,100,100,118,5,0.05,4.1773700013128074,3.446893537591913,19.577411713438785,0.008799303532153701
