initial_infected_perc,initial_immune_perc,length,height,population_size,contagion_distance,critical_limit,amp_susc,amp_rec,amp_inf,response
0.041782116059820684,0.013775905100133901,100,100,118,5,0.05,5.578630439624918,7.590707282554585,3.731129896723322,0.20733312182433294
