initial_infected_perc,initial_immune_perc,length,height,population_size,contagion_distance,critical_limit,amp_susc,amp_rec,amp_inf,response
0.09479683746189743,0.05008594047104601,100,100,118,5,0.05,7.832215343714177,11.43195986168876,11.180535363748884,0.044667224407877834
