initial_infected_perc,initial_immune_perc,length,height,population_size,contagion_distance,critical_limit,amp_susc,amp_rec,amp_inf,response
0.0982820061429917,0.08146494102071579,100,100,118,5,0.05,6.592826141165816,7.432585909316072,8.816246837981293,0.1449748831994567
