initial_infected_perc,initial_immune_perc,length,height,population_size,contagion_distance,critical_limit,amp_susc,amp_rec,amp_inf,response
0.018642108756373312,0.07017396121193141,100,100,118,5,0.05,7.083008433247633,14.794507224701318,6.8805971556712,0.2973341052476215
