initial_infected_perc,initial_immune_perc,length,height,population_size,contagion_distance,critical_limit,amp_susc,amp_rec,amp_inf,response
0.08866382107381736,0.030010060503970183,100,100,118,5,0.05,14.52176365535891,3.493797126631646,10.58900346574173,0.1978616133217948
