initial_infected_perc,initial_immune_perc,length,height,population_size,contagion_distance,critical_limit,amp_susc,amp_rec,amp_inf,response
0.06411822537924301,0.07401466719137138,100,100,118,5,0.05,14.372769370160217,4.580396298803011,0.4031035385393267,0.23561624067047765
