initial_infected_perc,initial_immune_perc,length,height,population_size,contagion_distance,critical_limit,amp_susc,amp_rec,amp_inf,response
0.06998405346788376,0.006568112281179495,100,100,118,5,0.05,12.160041858553669,4.141779577894029,13.216093207908974,0.22172549718031115
