initial_infected_perc,initial_immune_perc,length,height,population_size,contagion_distance,critical_limit,amp_susc,amp_rec,amp_inf,response
0.023917348948351992,0.06088739796419223,100,100,118,5,0.05,4.086365397129499,4.872658846967557,10.652357710404399,0.14683799211372056
