initial_infected_perc,initial_immune_perc,length,height,population_size,contagion_distance,critical_limit,amp_susc,amp_rec,amp_inf,response
0.0956723391120089,0.09504211830503811,100,100,118,5,0.05,14.487992958433601,3.3608381648374563,10.97673218659925,0.20998249889541973
