initial_infected_perc,initial_immune_perc,length,height,population_size,contagion_distance,critical_limit,amp_susc,amp_rec,amp_inf,response
0.036099339667893714,0.06806210468946144,100,100,118,5,0.05,3.338151295717664,0.864838777147019,6.150361759681329,0.09672421533708282
