initial_infected_perc,initial_immune_perc,length,height,population_size,contagion_distance,critical_limit,amp_susc,amp_rec,amp_inf,response
0.022529274045749316,0.05559575641658665,100,100,118,5,0.05,8.90759713993717,19.934951416468255,0.8912310280464952,0.1599866970121741
