initial_infected_perc,initial_immune_perc,length,height,population_size,contagion_distance,critical_limit,amp_susc,amp_rec,amp_inf,response
0.0885234510307575,0.03058741732509799,100,100,118,5,0.05,14.275329175944107,4.678607827303274,4.475422762455552,0.24489906266946831
