initial_infected_perc,initial_immune_perc,length,height,population_size,contagion_distance,critical_limit,amp_susc,amp_rec,amp_inf,response
0.01910449396495553,0.07681437674908265,100,100,118,5,0.05,11.220120975426077,19.98700893179541,16.760059569256658,0.2569544251639857
