initial_infected_perc,initial_immune_perc,length,height,population_size,contagion_distance,critical_limit,amp_susc,amp_rec,amp_inf,response
0.09353463213569457,0.021049355173794394,100,100,118,5,0.05,16.370758648739464,15.75693888554362,15.961086001588779,0.026526803435989753
