initial_infected_perc,initial_immune_perc,length,height,population_size,contagion_distance,critical_limit,amp_susc,amp_rec,amp_inf,response
0.045693962794376625,0.005699629922359651,100,100,118,5,0.05,3.4605100574718084,3.2438710235317614,1.387693791520741,0.07734601810613803
