initial_infected_perc,initial_immune_perc,length,height,population_size,contagion_distance,critical_limit,amp_susc,amp_rec,amp_inf,response
0.024892174256827573,0.010041505673535412,100,100,118,5,0.05,3.6466897363482165,19.516407772881617,13.278320639918169,0.2839640884058376
