initial_infected_perc,initial_immune_perc,length,height,population_size,contagion_distance,critical_limit,amp_susc,amp_rec,amp_inf,response
0.017673526803943598,0.09808172121211577,100,100,118,5,0.05,7.363194180810215,16.488053344705285,14.195676505697843,0.2962727017292927
