initial_infected_perc,initial_immune_perc,length,height,population_size,contagion_distance,critical_limit,amp_susc,amp_rec,amp_inf,response
0.0508763654905067,0.00038444593260595906,100,100,118,5,0.05,1.111223402008572,14.22465847211209,19.216989353502797,0.04287597528619514
