initial_infected_perc,initial_immune_perc,length,height,population_size,contagion_distance,critical_limit,amp_susc,amp_rec,amp_inf,response
0.06283101424121759,0.06142366753302919,100,100,118,5,0.05,13.2999739043729,8.517998252292507,12.228403666516341,0.05160847819242809
