initial_infected_perc,initial_immune_perc,length,height,population_size,contagion_distance,critical_limit,amp_susc,amp_rec,amp_inf,response
0.04866020117958686,0.09703778560181836,100,100,118,5,0.05,17.015731041750733,13.96773478678153,6.513024383819916,0.03800898414543794
