initial_infected_perc,initial_immune_perc,length,height,population_size,contagion_distance,critical_limit,amp_susc,amp_rec,amp_inf,response
0.0011116152512125055,0.03682800549239599,100,100,118,5,0.05,1.4596082793884424,15.204697067996356,9.426595712992043,0.2082038608176863
