initial_infected_perc,initial_immune_perc,length,height,population_size,contagion_distance,critical_limit,amp_susc,amp_rec,amp_inf,response
0.03357335302690408,0.018171476452632597,100,100,118,5,0.05,19.436498047185793,0.4848552625594782,8.166257158794517,0.222909841207718
