initial_infected_perc,initial_immune_perc,length,height,population_size,contagion_distance,critical_limit,amp_susc,amp_rec,amp_inf,response
0.005110271029540092,0.07502343869891873,100,100,118,5,0.05,14.394319372127116,16.582134578101975,11.08665266743878,0.048579609863072415
