initial_infected_perc,initial_immune_perc,length,height,population_size,contagion_distance,critical_limit,amp_susc,amp_rec,amp_inf,response
0.046260188151841936,0.05317015488655862,100,100,118,5,0.05,3.049167813067577,0.28887421891446774,3.668540867669474,0.022056132815014794
