initial_infected_perc,initial_immune_perc,length,height,population_size,contagion_distance,critical_limit,amp_susc,amp_rec,amp_inf,response
0.01975337942989082,0.06858995999469926,100,100,118,5,0.05,9.941233612243234,12.421288429434975,2.4589216093473243,0.13999236760597425
