initial_infected_perc,initial_immune_perc,length,height,population_size,contagion_distance,critical_limit,amp_susc,amp_rec,amp_inf,response
0.07343488603897462,0.07324985001973615,100,100,118,5,0.05,9.645326482456973,5.8639991561806815,4.253850737450469,0.15516024022423205
