initial_infected_perc,initial_immune_perc,length,height,population_size,contagion_distance,critical_limit,amp_susc,amp_rec,amp_inf,response
0.06949012916699841,0.06665581624859804,100,100,118,5,0.05,3.9297960913608843,7.363152502425798,6.609015652555161,0.08107339565251033
