initial_infected_perc,initial_immune_perc,length,height,population_size,contagion_distance,critical_limit,amp_susc,amp_rec,amp_inf,response
0.09147745090930015,0.007496253438747114,100,100,118,5,0.05,12.565997777310717,7.851867935395431,4.679680730464275,0.10846389795721328
