initial_infected_perc,initial_immune_perc,length,height,population_size,contagion_distance,critical_limit,amp_susc,amp_rec,amp_inf,response
0.051552082426358205,0.08628634979628352,100,100,118,5,0.05,19.00437272499111,0.7162572704279646,5.523165267919907,0.10495028719916921
