initial_infected_perc,initial_immune_perc,length,height,population_size,contagion_distance,critical_limit,amp_susc,amp_rec,amp_inf,response
0.07093123790620946,0.07112675480634406,100,100,118,5,0.05,18.9578243361445,6.704013426700319,17.674791444713694,0.09381790159638768
