initial_infected_perc,initial_immune_perc,length,height,population_size,contagion_distance,critical_limit,amp_susc,amp_rec,amp_inf,response
0.02904106074338606,0.07718578088894423,100,100,118,5,0.05,3.344717031639841,19.714798535655092,8.72191430138319,0.29416706460158787
