initial_infected_perc,initial_immune_perc,length,height,population_size,contagion_distance,critical_limit,amp_susc,amp_rec,amp_inf,response
0.06019039111557838,0.08513155009860895,100,100,118,5,0.05,4.253899871637607,11.836115989480485,6.736756728795454,0.19542530470226702
