initial_infected_perc,initial_immune_perc,length,height,population_size,contagion_distance,critical_limit,amp_susc,amp_rec,amp_inf,response
0.0723079920265674,0.0823286307206994,100,100,118,5,0.05,9.016590336526647,15.599542971828896,8.926569537618557,0.034443115691202474
