initial_infected_perc,initial_immune_perc,length,height,population_size,contagion_distance,critical_limit,amp_susc,amp_rec,amp_inf,response
0.0485766026356403,0.048749314358665245,100,100,118,5,0.05,9.226357329047055,10.873194277213884,8.825502047182505,0.1999208257893182
