initial_infected_perc,initial_immune_perc,length,height,population_size,contagion_distance,critical_limit,amp_susc,amp_rec,amp_inf,response
0.07988302164585953,0.07970979406479817,100,100,118,5,0.05,0.14096240766147572,4.136770866606538,11.542051643245635,0.17303861355636488
