initial_infected_perc,initial_immune_perc,length,height,population_size,contagion_distance,critical_limit,amp_susc,amp_rec,amp_inf,response
0.06859513223397844,0.08688901002415506,100,100,118,5,0.05,12.090079658241539,11.339394636233797,1.55173830516115,0.2031743939334314
