initial_infected_perc,initial_immune_perc,length,height,population_size,contagion_distance,critical_limit,amp_susc,amp_rec,amp_inf,response
0.055376355419015415,0.04969496307640689,100,100,118,5,0.05,15.668865838758578,12.282959376878857,1.865950674201371,0.10218378573170565
