initial_infected_perc,initial_immune_perc,length,height,population_size,contagion_distance,critical_limit,amp_susc,amp_rec,amp_inf,response
0.06279524254279288,0.052365975062597485,100,100,118,5,0.05,19.10635134199586,7.050488763961424,16.92094654112546,0.2796594004851643
