initial_infected_perc,initial_immune_perc,length,height,population_size,contagion_distance,critical_limit,amp_susc,amp_rec,amp_inf,response
0.042783708025291405,0.06349582249146106,100,100,118,5,0.05,12.277134663014218,7.694562794074724,5.988765239989416,0.20137349009976918
