initial_infected_perc,initial_immune_perc,length,height,population_size,contagion_distance,critical_limit,amp_susc,amp_rec,amp_inf,response
0.041340765386591,0.08153194558120858,100,100,118,5,0.05,19.199548065912303,11.161497132454503,4.784531507703658,0.14494261607636155
