initial_infected_perc,initial_immune_perc,length,height,population_size,contagion_distance,critical_limit,amp_susc,amp_rec,amp_inf,response
0.050747361930708446,0.02681795120070062,100,100,118,5,0.05,18.83477989894498,18.65112147533801,13.096850150966935,0.01182790671760574
