initial_infected_perc,initial_immune_perc,length,height,population_size,contagion_distance,critical_limit,amp_susc,amp_rec,amp_inf,response
0.053303568790762625,0.04663334642931787,100,100,118,5,0.05,9.616010174757822,18.94242441547098,0.16355988180063008,0.2207706138265444
