initial_infected_perc,initial_immune_perc,length,height,population_size,contagion_distance,critical_limit,amp_susc,amp_rec,amp_inf,response
0.08393469378901454,0.04060517817134657,100,100,118,5,0.05,1.5942533828433314,16.892373139826272,8.823333597025773,0.22661253328690223
