initial_infected_perc,initial_immune_perc,length,height,population_size,contagion_distance,critical_limit,amp_susc,amp_rec,amp_inf,response
0.06249410075961799,0.022568629281216335,100,100,118,5,0.05,16.8029339285024,18.97869497925921,9.006930042411753,0.21729246444805775
