initial_infected_perc,initial_immune_perc,length,height,population_size,contagion_distance,critical_limit,amp_susc,amp_rec,amp_inf,response
0.08427348509320949,0.05079668131944131,100,100,118,5,0.05,0.880724980692873,13.457038793673481,0.17951259619774174,0.23916129751757403
