initial_infected_perc,initial_immune_perc,length,height,population_size,contagion_distance,critical_limit,amp_susc,amp_rec,amp_inf,response
0.05332323083376639,0.09331458785988109,100,100,118,5,0.05,18.328055886923572,19.99251855758923,12.774528074084754,0.24919699639613202
