initial_infected_perc,initial_immune_perc,length,height,population_size,contagion_distance,critical_limit,amp_susc,amp_rec,amp_inf,response
0.022178842907215016,0.08229747301421653,100,100,118,5,0.05,11.77156592183337,9.919640881814368,1.146988196573746,0.09294136694704254
