initial_infected_perc,initial_immune_perc,length,height,population_size,contagion_distance,critical_limit,amp_susc,amp_rec,amp_inf,response
0.025521643078463975,0.0117570277109602,100,100,118,5,0.05,2.17239261999838,14.403512765007967,14.26447063029161,0.2859325983624445
