initial_infected_perc,initial_immune_perc,length,height,population_size,contagion_distance,critical_limit,amp_susc,amp_rec,amp_inf,response
0.052592502063531554,0.09199736063412395,100,100,118,5,0.05,0.8756291713957287,1.1592986739036992,18.49587504994656,0.139337732331387
