initial_infected_perc,initial_immune_perc,length,height,population_size,contagion_distance,critical_limit,amp_susc,amp_rec,amp_inf,response
0.019768351540156038,0.042382367080652794,100,100,118,5,0.05,11.6893267722752,5.211072693118359,9.312609314215303,0.010856889588156615
