initial_infected_perc,initial_immune_perc,length,height,population_size,contagion_distance,critical_limit,amp_susc,amp_rec,amp_inf,response
0.04431635714307888,0.0035517133395382653,100,100,118,5,0.05,3.0370727388066188,16.834837103534877,8.505105719751358,0.04407302212280358
