initial_infected_perc,initial_immune_perc,length,height,population_size,contagion_distance,critical_limit,amp_susc,amp_rec,amp_inf,response
0.08794868488929279,0.0033167081820305922,100,100,118,5,0.05,0.49547600347870313,3.2985560923354207,18.69638001929237,0.20491382838914415
