initial_infected_perc,initial_immune_perc,length,height,population_size,contagion_distance,critical_limit,amp_susc,amp_rec,amp_inf,response
0.013518942900099041,0.08266924438173182,100,100,118,5,0.05,13.41441539223079,19.82308305411387,8.123284672935405,0.09426641196794514
