initial_infected_perc,initial_immune_perc,length,height,population_size,contagion_distance,critical_limit,amp_susc,amp_rec,amp_inf,response
0.06522722191526895,0.08823000922849357,100,100,118,5,0.05,1.6996513845258154,16.97482097869242,5.27894078739884,0.2932165689801875
