initial_infected_perc,initial_immune_perc,length,height,population_size,contagion_distance,critical_limit,amp_susc,amp_rec,amp_inf,response
0.07097984924231945,0.09856556909035982,100,100,118,5,0.05,12.492430177529531,0.9322065477574615,4.120016121022207,0.26461551934864636
