initial_infected_perc,initial_immune_perc,length,height,population_size,contagion_distance,critical_limit,amp_susc,amp_rec,amp_inf,response
0.09676917580130207,0.08571355877578984,100,100,118,5,0.05,0.7780839311524157,17.86789507227464,13.686457898791494,0.2643124889447938
