initial_infected_perc,initial_immune_perc,length,height,population_size,contagion_distance,critical_limit,amp_susc,amp_rec,amp_inf,response
0.03302765833927159,0.0715257146112102,100,100,118,5,0.05,13.018690118641684,10.85423636331152,10.633033505117027,0.016577143568757835
