initial_infected_perc,initial_immune_perc,length,height,population_size,contagion_distance,critical_limit,amp_susc,amp_rec,amp_inf,response
0.03247752511476917,0.09206247676886002,100,100,118,5,0.05,9.823798819223722,1.2716249446022454,18.64428972912701,0.18103435555916367
