initial_infected_perc,initial_immune_perc,length,height,population_size,contagion_distance,critical_limit,amp_susc,amp_rec,amp_inf,response
0.06486774233567119,0.03258543239145365,100,100,118,5,0.05,3.247001846832094,15.140781719079994,5.6323921458962944,0.07092667404864213
