initial_infected_perc,initial_immune_perc,length,height,population_size,contagion_distance,critical_limit,amp_susc,amp_rec,amp_inf,response
0.07175634360999539,0.00026759227044717007,100,100,118,5,0.05,7.84242230838248,7.207044409422503,19.746583306213655,0.024745126162860998
