initial_infected_perc,initial_immune_perc,length,height,population_size,contagion_distance,critical_limit,amp_susc,amp_rec,amp_inf,response
0.007121858164547856,0.0718580483395341,100,100,118,5,0.05,9.437087203004701,13.036855358554424,1.0773515168126346,0.1256415200935708
