initial_infected_perc,initial_immune_perc,length,height,population_size,contagion_distance,critical_limit,amp_susc,amp_rec,amp_inf,response
0.07325406513168435,0.053698625946309225,100,100,118,5,0.05,3.061989739751032,9.040703040442548,13.289789547016708,0.09151204457756756
