initial_infected_perc,initial_immune_perc,length,height,population_size,contagion_distance,critical_limit,amp_susc,amp_rec,amp_inf,response
0.07737622274269886,0.027541728440229563,100,100,118,5,0.05,5.90150584861497,14.725620699826925,4.376998489471111,0.08439482633134737
