initial_infected_perc,initial_immune_perc,length,height,population_size,contagion_distance,critical_limit,amp_susc,amp_rec,amp_inf,response
0.021007688363115975,0.06522648142069619,100,100,118,5,0.05,2.547031980261283,16.680872340807444,3.8366336082300467,0.2716502627761682
