initial_infected_perc,initial_immune_perc,length,height,population_size,contagion_distance,critical_limit,amp_susc,amp_rec,amp_inf,response
0.01774461911471501,0.025985014392556162,100,100,118,5,0.05,17.39920616860588,9.510242667269093,12.022173879347713,0.19989081836655892
