initial_infected_perc,initial_immune_perc,length,height,population_size,contagion_distance,critical_limit,amp_susc,amp_rec,amp_inf,response
0.06593564174042957,0.05797586314740131,100,100,118,5,0.05,18.25269507641957,1.3963393438461602,15.975078007812977,0.2592171346024736
