initial_infected_perc,initial_immune_perc,length,height,population_size,contagion_distance,critical_limit,amp_susc,amp_rec,amp_inf,response
0.06932520006149014,0.03762387326293687,100,100,118,5,0.05,7.031156167162964,0.34915197291887523,6.689661803887848,0.04961387757757513
