initial_infected_perc,initial_immune_perc,length,height,population_size,contagion_distance,critical_limit,amp_susc,amp_rec,amp_inf,response
0.09395263206150843,0.013234571822202846,100,100,118,5,0.05,14.881465011001199,19.000490123990907,9.698011520900893,0.03568030579232353
