initial_infected_perc,initial_immune_perc,length,height,population_size,contagion_distance,critical_limit,amp_susc,amp_rec,amp_inf,response
0.07596161961610456,0.0016896028200561687,100,100,118,5,0.05,18.89104611846148,6.628708583358076,14.01994562418034,0.09231427338327271
