initial_infected_perc,initial_immune_perc,length,height,population_size,contagion_distance,critical_limit,amp_susc,amp_rec,amp_inf,response
0.057419089055475415,0.019030452356242546,100,100,118,5,0.05,19.924192780255044,3.501906742340015,7.161032645119825,0.010758759719261967
