initial_infected_perc,initial_immune_perc,length,height,population_size,contagion_distance,critical_limit,amp_susc,amp_rec,amp_inf,response
0.020236087999285182,0.09532071134670564,100,100,118,5,0.05,6.671032483604895,9.870309148987808,6.986093393418972,0.06643717437784769
