initial_infected_perc,initial_immune_perc,length,height,population_size,contagion_distance,critical_limit,amp_susc,amp_rec,amp_inf,response
0.03245277255432747,0.07657299049690278,100,100,118,5,0.05,19.031160734604956,6.049119831374159,4.925196173421029,0.06946738986075386
