initial_infected_perc,initial_immune_perc,length,height,population_size,contagion_distance,critical_limit,amp_susc,amp_rec,amp_inf,response
0.07687319886860722,0.03336723199905933,100,100,118,5,0.05,17.277230610950102,9.936055806998713,8.557215654508827,0.20028909080272556
