initial_infected_perc,initial_immune_perc,length,height,population_size,contagion_distance,critical_limit,amp_susc,amp_rec,amp_inf,response
0.05833438097953628,0.08536968824680166,100,100,118,5,0.05,4.735639685935354,9.631543270650983,17.066879337269047,0.12362293551170539
