initial_infected_perc,initial_immune_perc,length,height,population_size,contagion_distance,critical_limit,amp_susc,amp_rec,amp_inf,response
0.09156833269524484,0.05105751925642134,100,100,118,5,0.05,1.6200178917730246,1.5949032378605255,6.46996839567211,0.18288467892454774
