initial_infected_perc,initial_immune_perc,length,height,population_size,contagion_distance,critical_limit,amp_susc,amp_rec,amp_inf,response
0.03667821874234767,0.09178452965437284,100,100,118,5,0.05,18.71110778349588,16.534569722370215,10.6390844221531,0.24643087460336144
