initial_infected_perc,initial_immune_perc,length,height,population_size,contagion_distance,critical_limit,amp_susc,amp_rec,amp_inf,response
0.013835599238086539,0.01532857676139221,100,100,118,5,0.05,4.943903922905339,18.0019720364913,5.325988398731482,0.09567968911639349
