initial_infected_perc,initial_immune_perc,length,height,population_size,contagion_distance,critical_limit,amp_susc,amp_rec,amp_inf,response
0.04793237527087793,0.06421211218333624,100,100,118,5,0.05,4.57513100974267,2.7577449416358712,11.976931035432054,0.21659581222866411
