initial_infected_perc,initial_immune_perc,length,height,population_size,contagion_distance,critical_limit,amp_susc,amp_rec,amp_inf,response
0.006799481994778156,0.0875311269656289,100,100,118,5,0.05,5.799669928868418,18.301806844101442,3.19002169204859,0.05757211973891465
