initial_infected_perc,initial_immune_perc,length,height,population_size,contagion_distance,critical_limit,amp_susc,amp_rec,amp_inf,response
0.0006695437585402365,0.08074469952496395,100,100,118,5,0.05,11.779105886980235,8.679613916719074,12.50760241439531,0.167696380423766
