initial_infected_perc,initial_immune_perc,length,height,population_size,contagion_distance,critical_limit,amp_susc,amp_rec,amp_inf,response
0.046384538101388054,0.02834316613899909,100,100,118,5,0.05,1.5642755161742783,19.101823692006878,0.5869223713205174,0.084448686215336
