initial_infected_perc,initial_immune_perc,length,height,population_size,contagion_distance,critical_limit,amp_susc,amp_rec,amp_inf,response
0.06964163808285233,0.08682693849742851,100,100,118,5,0.05,12.896769350503368,12.491042055265154,18.021971658441704,0.11001171164800057
