initial_infected_perc,initial_immune_perc,length,height,population_size,contagion_distance,critical_limit,amp_susc,amp_rec,amp_inf,response
0.03494272846071065,0.0968442144985495,100,100,118,5,0.05,14.097111878141412,10.400257232181595,17.59156305439381,0.2375669402299911
