initial_infected_perc,initial_immune_perc,length,height,population_size,contagion_distance,critical_limit,amp_susc,amp_rec,amp_inf,response
0.03575125317165092,0.007823741481680002,100,100,118,5,0.05,1.044726413127195,16.87459096788967,6.40978806642466,0.14758002558293376
