initial_infected_perc,initial_immune_perc,length,height,population_size,contagion_distance,critical_limit,amp_susc,amp_rec,amp_inf,response
0.05044814605777284,0.0005483462564857544,100,100,118,5,0.05,16.601074657519135,9.342327586087556,13.514143029696857,0.090717250360229
