initial_infected_perc,initial_immune_perc,length,height,population_size,contagion_distance,critical_limit,amp_susc,amp_rec,amp_inf,response
0.04538591655765689,0.0808944531277514,100,100,118,5,0.05,6.596700536740827,14.98731665456502,2.749793685404147,0.13927458916207136
