initial_infected_perc,initial_immune_perc,length,height,population_size,contagion_distance,critical_limit,amp_susc,amp_rec,amp_inf,response
0.06618786775989864,0.04667137646047447,100,100,118,5,0.05,17.95532432467903,18.89874736711121,11.293846194143972,0.11347726222723137
