initial_infected_perc,initial_immune_perc,length,height,population_size,contagion_distance,critical_limit,amp_susc,amp_rec,amp_inf,response
0.08839853282841637,0.0761354440001579,100,100,118,5,0.05,18.285183336899642,8.241136535794151,16.030146363053454,0.07733835966744519
