initial_infected_perc,initial_immune_perc,length,height,population_size,contagion_distance,critical_limit,amp_susc,amp_rec,amp_inf,response
0.019075926070781447,0.03222446938287265,100,100,118,5,0.05,2.5590010433013988,16.5856012959592,18.704797689701312,0.013357971317951379
