initial_infected_perc,initial_immune_perc,length,height,population_size,contagion_distance,critical_limit,amp_susc,amp_rec,amp_inf,response
0.07418186457005443,0.0612678847785241,100,100,118,5,0.05,17.68011164585855,0.8256956452784991,5.244254801100725,0.23709667530069845
