initial_infected_perc,initial_immune_perc,length,height,population_size,contagion_distance,critical_limit,amp_susc,amp_rec,amp_inf,response
0.03318471255460367,0.04843253148089212,100,100,118,5,0.05,8.745846154119405,7.4128574954368,17.712400291370617,0.23753884530884734
