initial_infected_perc,initial_immune_perc,length,height,population_size,contagion_distance,critical_limit,amp_susc,amp_rec,amp_inf,response
0.08092313378775147,0.05940140405723685,100,100,118,5,0.05,18.394307365458303,2.4447696089821114,13.063178905556352,0.2014204793375445
