initial_infected_perc,initial_immune_perc,length,height,population_size,contagion_distance,critical_limit,amp_susc,amp_rec,amp_inf,response
0.0624749971195543,0.09095590683604732,100,100,118,5,0.05,16.19083983110596,17.497950571417093,7.739931962040838,0.28732299209235396
