initial_infected_perc,initial_immune_perc,length,height,population_size,contagion_distance,critical_limit,amp_susc,amp_rec,amp_inf,response
0.07973496236340943,0.06775177143328787,100,100,118,5,0.05,16.93977638010657,5.739729971688123,14.75663206433235,0.09701289695088831
