initial_infected_perc,initial_immune_perc,length,height,population_size,contagion_distance,critical_limit,amp_susc,amp_rec,amp_inf,response
0.037361131973367157,0.012476256389251962,100,100,118,5,0.05,6.336364132163292,6.272525816326993,14.469653527287855,0.1672153228857237
