initial_infected_perc,initial_immune_perc,length,height,population_size,contagion_distance,critical_limit,amp_susc,amp_rec,amp_inf,response
0.07315805668277922,0.016763460241722906,100,100,118,5,0.05,12.184926078828624,8.476885348702536,3.6848817221537367,0.02846682132886745
