initial_infected_perc,initial_immune_perc,length,height,population_size,contagion_distance,critical_limit,amp_susc,amp_rec,amp_inf,response
0.0920337852231293,0.06328024988820553,100,100,118,5,0.05,2.750405969121892,1.2016971732108717,6.674731153168183,0.07430353964113863
