initial_infected_perc,initial_immune_perc,length,height,population_size,contagion_distance,critical_limit,amp_susc,amp_rec,amp_inf,response
0.014288952656905773,0.04422532278826459,100,100,118,5,0.05,19.00268758715842,8.616692101037968,6.34919235928696,0.2549750467606266
