initial_infected_perc,initial_immune_perc,length,height,population_size,contagion_distance,critical_limit,amp_susc,amp_rec,amp_inf,response
0.0790409245248341,0.09496179764865573,100,100,118,5,0.05,3.4033107626989945,8.458127345062818,3.0555954695927756,0.045434862205500845
