initial_infected_perc,initial_immune_perc,length,height,population_size,contagion_distance,critical_limit,amp_susc,amp_rec,amp_inf,response
0.042709162948262026,0.02822343275645326,100,100,118,5,0.05,14.503847319623047,16.587807041897936,18.26557329247199,0.15895731729560916
