initial_infected_perc,initial_immune_perc,length,height,population_size,contagion_distance,critical_limit,amp_susc,amp_rec,amp_inf,response
0.056840577560058225,0.07666231366312137,100,100,118,5,0.05,10.719533232244181,15.36879778776478,14.134540971922906,0.04727071624810868
