initial_infected_perc,initial_immune_perc,length,height,population_size,contagion_distance,critical_limit,amp_susc,amp_rec,amp_inf,response
0.06485060100533738,0.04306145724085413,100,100,118,5,0.05,19.779814917812352,17.092726217559164,18.214322066302103,0.16165532167805433
