initial_infected_perc,initial_immune_perc,length,height,population_size,contagion_distance,critical_limit,amp_susc,amp_rec,amp_inf,response
0.036939680451527714,0.03420790899008578,100,100,118,5,0.05,2.520863641649038,3.6708076680709056,7.731400018359668,0.24921020635487928
