initial_infected_perc,initial_immune_perc,length,height,population_size,contagion_distance,critical_limit,amp_susc,amp_rec,amp_inf,response
0.08579406016719902,0.04978206588862541,100,100,118,5,0.05,8.970804235575704,13.281885704777558,9.920279347275507,0.17936265878177204
