initial_infected_perc,initial_immune_perc,length,height,population_size,contagion_distance,critical_limit,amp_susc,amp_rec,amp_inf,response
0.0035953226831539455,0.015207277998209812,100,100,118,5,0.05,16.448287343292083,16.40517108150236,0.10490176916153393,0.2924643951290107
