initial_infected_perc,initial_immune_perc,length,height,population_size,contagion_distance,critical_limit,amp_susc,amp_rec,amp_inf,response
0.0700490473563439,0.049237756814173875,100,100,118,5,0.05,8.205500173335684,19.798700926819983,2.9426493115789776,0.25822131779068286
