initial_infected_perc,initial_immune_perc,length,height,population_size,contagion_distance,critical_limit,amp_susc,amp_rec,amp_inf,response
0.06280382691277248,0.010251916132914252,100,100,118,5,0.05,13.77257285195653,2.7063733525296763,6.510165744426155,0.1387930271784407
