initial_infected_perc,initial_immune_perc,length,height,population_size,contagion_distance,critical_limit,amp_susc,amp_rec,amp_inf,response
0.02960340315208686,0.012498150311292689,100,100,118,5,0.05,15.95954064098029,9.05679492469919,3.65721802598453,0.269535348229757
