initial_infected_perc,initial_immune_perc,length,height,population_size,contagion_distance,critical_limit,amp_susc,amp_rec,amp_inf,response
0.09581799346702008,0.08954751392198934,100,100,118,5,0.05,1.125009677022013,11.957787528118825,2.654543881896776,0.12374775372031163
