initial_infected_perc,initial_immune_perc,length,height,population_size,contagion_distance,critical_limit,amp_susc,amp_rec,amp_inf,response
0.055619647789970486,0.054655022060253244,100,100,118,5,0.05,16.50134062890008,9.52499940452278,16.448418115793476,0.24339145723442818
