initial_infected_perc,initial_immune_perc,length,height,population_size,contagion_distance,critical_limit,amp_susc,amp_rec,amp_inf,response
0.010041371348631046,0.0015254765629640898,100,100,118,5,0.05,4.86848722030919,0.6960948153213109,6.600263696553165,0.2661900766195091
