initial_infected_perc,initial_immune_perc,length,height,population_size,contagion_distance,critical_limit,amp_susc,amp_rec,amp_inf,response
0.05722183728617261,0.0024115251032623022,100,100,118,5,0.05,17.53524732549828,13.617283549646746,9.840778896073667,0.23914318721195202
