initial_infected_perc,initial_immune_perc,length,height,population_size,contagion_distance,critical_limit,amp_susc,amp_rec,amp_inf,response
0.0672657769451983,0.02776326703983502,100,100,118,5,0.05,17.491572436781425,12.105357683881934,4.293205132066067,0.1840243202982477
