initial_infected_perc,initial_immune_perc,length,height,population_size,contagion_distance,critical_limit,amp_susc,amp_rec,amp_inf,response
0.057752394142875564,0.08377258176226589,100,100,118,5,0.05,2.235035691291727,17.620142198369134,0.5111680412977271,0.11110144169932877
