initial_infected_perc,initial_immune_perc,length,height,population_size,contagion_distance,critical_limit,amp_susc,amp_rec,amp_inf,response
0.09153964650557389,0.07972167849324574,100,100,118,5,0.05,4.4923495915045635,3.2320953458612944,17.70130055910583,0.18536837249412416
