initial_infected_perc,initial_immune_perc,length,height,population_size,contagion_distance,critical_limit,amp_susc,amp_rec,amp_inf,response
0.07659902062776369,0.08864658687222603,100,100,118,5,0.05,16.00501487083122,17.79737932858541,10.183291651020102,0.21542923601616862
