initial_infected_perc,initial_immune_perc,length,height,population_size,contagion_distance,critical_limit,amp_susc,amp_rec,amp_inf,response
0.08351175550532394,0.0871873057450987,100,100,118,5,0.05,3.7985589949951493,12.313443377269031,14.585470919481011,0.02164467217124827
