initial_infected_perc,initial_immune_perc,length,height,population_size,contagion_distance,critical_limit,amp_susc,amp_rec,amp_inf,response
0.03615287164735971,0.09873370158817603,100,100,118,5,0.05,2.5301017356406352,14.85777494943877,5.1819511299372545,0.20137365318741576
