initial_infected_perc,initial_immune_perc,length,height,population_size,contagion_distance,critical_limit,amp_susc,amp_rec,amp_inf,response
0.03233131004056921,0.08685945869224174,100,100,118,5,0.05,2.58725334966293,4.261759192784034,8.262100703911944,0.1809908614749612
