initial_infected_perc,initial_immune_perc,length,height,population_size,contagion_distance,critical_limit,amp_susc,amp_rec,amp_inf,response
0.07186439639693679,0.09162627459256223,100,100,118,5,0.05,8.053637023096096,17.65656588461268,3.862824947414887,0.24809014110164057
