initial_infected_perc,initial_immune_perc,length,height,population_size,contagion_distance,critical_limit,amp_susc,amp_rec,amp_inf,response
0.09695778603572752,0.008961519896312387,100,100,118,5,0.05,11.708034652458304,13.455287712713577,18.4709867768973,0.008960526656541023
