initial_infected_perc,initial_immune_perc,length,height,population_size,contagion_distance,critical_limit,amp_susc,amp_rec,amp_inf,response
0.011406120197753078,0.062175552521143845,100,100,118,5,0.05,7.206319521624199,4.811009917759,16.113492518945094,0.00901435714924278
