initial_infected_perc,initial_immune_perc,length,height,population_size,contagion_distance,critical_limit,amp_susc,amp_rec,amp_inf,response
0.0844436710514373,0.02145882557811677,100,100,118,5,0.05,2.127163480177443,3.200395143619721,6.558982883393369,0.13012396431131526
