initial_infected_perc,initial_immune_perc,length,height,population_size,contagion_distance,critical_limit,amp_susc,amp_rec,amp_inf,response
0.00022695399069149193,0.006387353706064314,100,100,118,5,0.05,8.115922413356838,18.249036674705508,12.68892743626034,0.18217650748975603
