initial_infected_perc,initial_immune_perc,length,height,population_size,contagion_distance,critical_limit,amp_susc,amp_rec,amp_inf,response
0.014011881554814642,0.07846469444490868,100,100,118,5,0.05,1.4938535308361334,4.714257102485211,19.551348477950803,0.26528733317843156
