initial_infected_perc,initial_immune_perc,length,height,population_size,contagion_distance,critical_limit,amp_susc,amp_rec,amp_inf,response
0.01767952904211185,0.08426077003394464,100,100,118,5,0.05,1.6344847240206684,7.472909118602664,16.211672760168707,0.11967488530221607
