initial_infected_perc,initial_immune_perc,length,height,population_size,contagion_distance,critical_limit,amp_susc,amp_rec,amp_inf,response
0.07595578775313461,0.0031708054406531464,100,100,118,5,0.05,19.54865938708209,15.818862555983404,2.857929386258633,0.24475676259877688
