initial_infected_perc,initial_immune_perc,length,height,population_size,contagion_distance,critical_limit,amp_susc,amp_rec,amp_inf,response
0.022204046261444135,0.057420034002222786,100,100,118,5,0.05,10.220313402481727,12.403755679993463,2.3501354899084825,0.29132134142615795
