initial_infected_perc,initial_immune_perc,length,height,population_size,contagion_distance,critical_limit,amp_susc,amp_rec,amp_inf,response
0.01690575888699645,0.08819615013529702,100,100,118,5,0.05,18.723929875170413,13.64231699019275,18.517311752548007,0.03728972155020693
