initial_infected_perc,initial_immune_perc,length,height,population_size,contagion_distance,critical_limit,amp_susc,amp_rec,amp_inf,response
0.0859731696017212,0.06605629087133351,100,100,118,5,0.05,5.085939830467052,6.319392310526217,1.7644162918252104,0.265324513911281
