initial_infected_perc,initial_immune_perc,length,height,population_size,contagion_distance,critical_limit,amp_susc,amp_rec,amp_inf,response
0.05420614201327959,0.07590569794816476,100,100,118,5,0.05,2.9638506076357274,9.149034096977006,7.9451860126223295,0.13949272980389132
