initial_infected_perc,initial_immune_perc,length,height,population_size,contagion_distance,critical_limit,amp_susc,amp_rec,amp_inf,response
0.023219006748596928,0.07940764439787966,100,100,118,5,0.05,3.7920257214801767,7.211787798457707,13.472026705799216,0.05180748682127329
