initial_infected_perc,initial_immune_perc,length,height,population_size,contagion_distance,critical_limit,amp_susc,amp_rec,amp_inf,response
0.031056782322136156,0.07056316882504847,100,100,118,5,0.05,4.236935941382642,8.319708887847142,4.657797464754417,0.20177396081125912
