initial_infected_perc,initial_immune_perc,length,height,population_size,contagion_distance,critical_limit,amp_susc,amp_rec,amp_inf,response
0.06573436993655851,0.009967567059903981,100,100,118,5,0.05,18.287311553749657,2.9007653953850543,1.5848483022625737,0.011402792616555812
