initial_infected_perc,initial_immune_perc,length,height,population_size,contagion_distance,critical_limit,amp_susc,amp_rec,amp_inf,response
0.023491474819300917,0.053073207462867714,100,100,118,5,0.05,14.728289705716657,18.334787274703746,19.604644550831893,0.18899320823710775
