initial_infected_perc,initial_immune_perc,length,height,population_size,contagion_distance,critical_limit,amp_susc,amp_rec,amp_inf,response
0.06516557253357201,0.059336747123996704,100,100,118,5,0.05,14.514664371562505,15.378317505145898,7.211852408314396,0.12188285697289832
