initial_infected_perc,initial_immune_perc,length,height,population_size,contagion_distance,critical_limit,amp_susc,amp_rec,amp_inf,response
0.026272881857391607,0.09756053517887608,100,100,118,5,0.05,8.758543076110277,2.181290022174154,8.16993248545015,0.13254893570221624
