initial_infected_perc,initial_immune_perc,length,height,population_size,contagion_distance,critical_limit,amp_susc,amp_rec,amp_inf,response
0.09076494862881775,0.08724494853040195,100,100,118,5,0.05,11.637432552470985,10.782527311059727,14.777099470316049,0.12791170830025542
