initial_infected_perc,initial_immune_perc,length,height,population_size,contagion_distance,critical_limit,amp_susc,amp_rec,amp_inf,response
0.0015806063636533809,0.09428720092306442,100,100,118,5,0.05,14.382485919213542,5.866692752165643,2.482301920933847,0.19910112198511254
