initial_infected_perc,initial_immune_perc,length,height,population_size,contagion_distance,critical_limit,amp_susc,amp_rec,amp_inf,response
0.039857433775477194,0.06053421564257692,100,100,118,5,0.05,4.600660273240111,5.134952332798825,8.239656222591766,0.025068338923788323
