initial_infected_perc,initial_immune_perc,length,height,population_size,contagion_distance,critical_limit,amp_susc,amp_rec,amp_inf,response
0.06334986378097185,0.011479340339733468,100,100,118,5,0.05,18.178023406690393,2.2402319667953186,2.532649306197672,0.18134845727486373
