initial_infected_perc,initial_immune_perc,length,height,population_size,contagion_distance,critical_limit,amp_susc,amp_rec,amp_inf,response
0.01446294988204635,0.03319178940866468,100,100,118,5,0.05,6.382526737248957,16.73172245671767,10.431688726192071,0.19141119970339862
