initial_infected_perc,initial_immune_perc,length,height,population_size,contagion_distance,critical_limit,amp_susc,amp_rec,amp_inf,response
0.06403769039868204,0.012827210397800604,100,100,118,5,0.05,9.25404686801571,2.8639528296830186,3.7203243210750525,0.23536567296798094
