initial_infected_perc,initial_immune_perc,length,height,population_size,contagion_distance,critical_limit,amp_susc,amp_rec,amp_inf,response
0.0020120005047563174,0.06813134025266157,100,100,118,5,0.05,7.432526103334871,10.017070339023661,14.673907545624534,0.14965428356791047
