initial_infected_perc,initial_immune_perc,length,height,population_size,contagion_distance,critical_limit,amp_susc,amp_rec,amp_inf,response
0.0872822706375504,0.039965852999777354,100,100,118,5,0.05,3.2027805096698247,1.9734284198484886,15.426229288156105,0.22761459295124614
