initial_infected_perc,initial_immune_perc,length,height,population_size,contagion_distance,critical_limit,amp_susc,amp_rec,amp_inf,response
0.030599379656070447,0.014547017580782773,100,100,118,5,0.05,11.549786040031378,5.123740213754042,2.623326227626539,0.1503824669300477
