initial_infected_perc,initial_immune_perc,length,height,population_size,contagion_distance,critical_limit,amp_susc,amp_rec,amp_inf,response
0.07887618660252448,0.0023987928095203226,100,100,118,5,0.05,12.036869333697327,6.455374253314348,8.709700249957802,0.05089042970054527
