initial_infected_perc,initial_immune_perc,length,height,population_size,contagion_distance,critical_limit,amp_susc,amp_rec,amp_inf,response
0.08519759457799209,0.005973329159526042,100,100,118,5,0.05,16.5031507394402,4.405254104185577,5.9215298601971895,0.18194426556205187
