initial_infected_perc,initial_immune_perc,length,height,population_size,contagion_distance,critical_limit,amp_susc,amp_rec,amp_inf,response
0.018509847357731025,0.09194759114851692,100,100,118,5,0.05,4.9120340484204705,2.422405779653609,3.5090682356073066,0.10835325639309626
