initial_infected_perc,initial_immune_perc,length,height,population_size,contagion_distance,critical_limit,amp_susc,amp_rec,amp_inf,response
0.0211907488412217,0.07672925306883986,100,100,118,5,0.05,1.3442633500837786,0.9465702903678963,19.05545075340295,0.2153790073104687
