initial_infected_perc,initial_immune_perc,length,height,population_size,contagion_distance,critical_limit,amp_susc,amp_rec,amp_inf,response
0.06322148578941837,0.020308079664994618,100,100,118,5,0.05,9.46145231363531,3.5038260403954324,3.755339790314609,0.24082967816839124
