initial_infected_perc,initial_immune_perc,length,height,population_size,contagion_distance,critical_limit,amp_susc,amp_rec,amp_inf,response
0.09841897669025716,0.07946700895358348,100,100,118,5,0.05,19.69040648889588,13.264700573845262,10.707129754201944,0.010591686650447208
