initial_infected_perc,initial_immune_perc,length,height,population_size,contagion_distance,critical_limit,amp_susc,amp_rec,amp_inf,response
0.09328583864203048,0.06350111178459582,100,100,118,5,0.05,6.514651534153737,1.600007676605717,19.86756424365992,0.19939960242224403
