initial_infected_perc,initial_immune_perc,length,height,population_size,contagion_distance,critical_limit,amp_susc,amp_rec,amp_inf,response
0.0916834596239648,0.07167472950903553,100,100,118,5,0.05,2.7625595824901583,12.19249519535416,19.403093608153675,0.047557734853945696
