initial_infected_perc,initial_immune_perc,length,height,population_size,contagion_distance,critical_limit,amp_susc,amp_rec,amp_inf,response
0.04973958690906652,0.03984074623441748,100,100,118,5,0.05,7.555071245313851,19.74724210614864,16.893331997957556,0.26107670932004595
