initial_infected_perc,initial_immune_perc,length,height,population_size,contagion_distance,critical_limit,amp_susc,amp_rec,amp_inf,response
0.04189538123414354,0.03961179792433566,100,100,118,5,0.05,7.24394179890597,18.486800482592074,0.5221018699660163,0.1581759097992367
