initial_infected_perc,initial_immune_perc,length,height,population_size,contagion_distance,critical_limit,amp_susc,amp_rec,amp_inf,response
0.08912199460756295,0.09563848737332614,100,100,118,5,0.05,12.095468959315788,14.326653765317134,16.843021615418298,0.026993854757904934
