initial_infected_perc,initial_immune_perc,length,height,population_size,contagion_distance,critical_limit,amp_susc,amp_rec,amp_inf,response
0.007701739737777747,0.08304943869415918,100,100,118,5,0.05,13.264010484040504,1.9505708572907787,9.428296624545593,0.11391828082811711
