initial_infected_perc,initial_immune_perc,length,height,population_size,contagion_distance,critical_limit,amp_susc,amp_rec,amp_inf,response
0.023683046664285248,0.005470454252858504,100,100,118,5,0.05,8.429214097470304,15.12856499839814,4.5163505059214355,0.17037914621150754
