initial_infected_perc,initial_immune_perc,length,height,population_size,contagion_distance,critical_limit,amp_susc,amp_rec,amp_inf,response
0.017355320676230225,0.09973634666912717,100,100,118,5,0.05,19.89107473728877,14.123854456379156,18.132746652095136,0.008380071606626837
