initial_infected_perc,initial_immune_perc,length,height,population_size,contagion_distance,critical_limit,amp_susc,amp_rec,amp_inf,response
0.0932335496848031,0.06475041994341678,100,100,118,5,0.05,13.667771833548466,12.637127597542353,12.981123258380173,0.26155269583862545
