initial_infected_perc,initial_immune_perc,length,height,population_size,contagion_distance,critical_limit,amp_susc,amp_rec,amp_inf,response
0.03322017125177975,0.013607757324693659,100,100,118,5,0.05,14.69480773688051,2.2426645129286604,10.202857998171977,0.11090587886381927
