initial_infected_perc,initial_immune_perc,length,height,population_size,contagion_distance,critical_limit,amp_susc,amp_rec,amp_inf,response
0.01710906720008012,0.021955020872933897,100,100,118,5,0.05,9.063769889687567,6.039798872482516,6.392093025768095,0.1401477610027095
