initial_infected_perc,initial_immune_perc,length,height,population_size,contagion_distance,critical_limit,amp_susc,amp_rec,amp_inf,response
0.03824874229192104,0.04032215768038469,100,100,118,5,0.05,18.37611821209148,14.854701284667977,0.09557205011073933,0.08599648011404482
