initial_infected_perc,initial_immune_perc,length,height,population_size,contagion_distance,critical_limit,amp_susc,amp_rec,amp_inf,response
0.07017006258312324,0.05513214553923095,100,100,118,5,0.05,2.6336179123674053,13.835472876218716,18.88070084091696,0.27354018383133977
