initial_infected_perc,initial_immune_perc,length,height,population_size,contagion_distance,critical_limit,amp_susc,amp_rec,amp_inf,response
0.012031688455175183,0.025836992616196208,100,100,118,5,0.05,10.715493710894224,4.810716694887076,3.149496948969015,0.13254648247926026
