initial_infected_perc,initial_immune_perc,length,height,population_size,contagion_distance,critical_limit,amp_susc,amp_rec,amp_inf,response
0.047772314869351865,0.061197095638753876,100,100,118,5,0.05,15.970835483282467,4.307265995224581,7.424615362580886,0.11819506615169732
