initial_infected_perc,initial_immune_perc,length,height,population_size,contagion_distance,critical_limit,amp_susc,amp_rec,amp_inf,response
0.09149719825019349,0.05401998414660521,100,100,118,5,0.05,12.833944096705237,16.89911948834438,13.400823438621323,0.18158883639799275
