initial_infected_perc,initial_immune_perc,length,height,population_size,contagion_distance,critical_limit,amp_susc,amp_rec,amp_inf,response
0.07701253503822993,0.010943109685974828,100,100,118,5,0.05,11.475963067119679,10.19981396098492,5.398761062333701,0.1189380672679784
