initial_infected_perc,initial_immune_perc,length,height,population_size,contagion_distance,critical_limit,amp_susc,amp_rec,amp_inf,response
0.05457281088637365,0.03355951090909594,100,100,118,5,0.05,12.126591187960543,13.396033931360131,10.16472936134602,0.16943112308634942
