initial_infected_perc,initial_immune_perc,length,height,population_size,contagion_distance,critical_limit,amp_susc,amp_rec,amp_inf,response
0.0806561118315363,0.09777772557129366,100,100,118,5,0.05,16.02414053983706,11.00719972239039,9.919485648535805,0.28201881706533083
