initial_infected_perc,initial_immune_perc,length,height,population_size,contagion_distance,critical_limit,amp_susc,amp_rec,amp_inf,response
0.09190692206707197,0.015498567368015626,100,100,118,5,0.05,7.1336131338902575,1.824667904629873,13.10448582220815,0.10612819730680771
