initial_infected_perc,initial_immune_perc,length,height,population_size,contagion_distance,critical_limit,amp_susc,amp_rec,amp_inf,response
0.02686633667861601,0.07735482869795388,100,100,118,5,0.05,3.9269789008714273,12.859055900736823,0.5625960447068268,0.10782146425957637
