initial_infected_perc,initial_immune_perc,length,height,population_size,contagion_distance,critical_limit,amp_susc,amp_rec,amp_inf,response
0.049530725331492644,0.08591705192402331,100,100,118,5,0.05,17.28552360845836,19.656542481817574,6.578521908557164,0.24829145544664177
