initial_infected_perc,initial_immune_perc,length,height,population_size,contagion_distance,critical_limit,amp_susc,amp_rec,amp_inf,response
0.015188770420027599,0.004826990142322674,100,100,118,5,0.05,6.215205473516637,5.082460186903397,7.384637070912881,0.11180231061731123
