initial_infected_perc,initial_immune_perc,length,height,population_size,contagion_distance,critical_limit,amp_susc,amp_rec,amp_inf,response
0.007926960091926538,0.07651438155763074,100,100,118,5,0.05,18.74300852147464,7.88988444712664,13.80550912361552,0.10746143056056363
