initial_infected_perc,initial_immune_perc,length,height,population_size,contagion_distance,critical_limit,amp_susc,amp_rec,amp_inf,response
0.06809360278783858,0.07263620851355927,100,100,118,5,0.05,15.107624189979838,18.20001074907713,7.752299836275496,0.13204348074497613
