initial_infected_perc,initial_immune_perc,length,height,population_size,contagion_distance,critical_limit,amp_susc,amp_rec,amp_inf,response
0.06356928323076322,0.03823954770872576,100,100,118,5,0.05,4.624310855812636,1.7531696537007013,14.57418514269201,0.2321237950133137
