initial_infected_perc,initial_immune_perc,length,height,population_size,contagion_distance,critical_limit,amp_susc,amp_rec,amp_inf,response
0.08844725760231589,0.07363446940648886,100,100,118,5,0.05,9.184616311867513,5.099835182432109,13.5411122106109,0.028228828094889934
