initial_infected_perc,initial_immune_perc,length,height,population_size,contagion_distance,critical_limit,amp_susc,amp_rec,amp_inf,response
0.0235184944237403,0.09474039867923058,100,100,118,5,0.05,6.257127531089766,18.456472701106527,12.864340612628077,0.06715700628880884
