initial_infected_perc,initial_immune_perc,length,height,population_size,contagion_distance,critical_limit,amp_susc,amp_rec,amp_inf,response
0.028601137800224476,0.009883712888178842,100,100,118,5,0.05,14.601558799636123,9.25163494256951,16.024646817648843,0.2366749222396507
