initial_infected_perc,initial_immune_perc,length,height,population_size,contagion_distance,critical_limit,amp_susc,amp_rec,amp_inf,response
0.005688218356226172,0.09039735197674324,100,100,118,5,0.05,18.49303106867545,19.170464637012884,7.459095368442812,0.21212559815459767
