initial_infected_perc,initial_immune_perc,length,height,population_size,contagion_distance,critical_limit,amp_susc,amp_rec,amp_inf,response
0.008651811907908136,0.0035976869145292636,100,100,118,5,0.05,10.533202026594346,14.684281288548693,19.82298309259741,0.22213670786303558
