initial_infected_perc,initial_immune_perc,length,height,population_size,contagion_distance,critical_limit,amp_susc,amp_rec,amp_inf,response
0.02043994343947946,0.09972558188031938,100,100,118,5,0.05,2.8873387540653517,7.071924956792753,4.434477093276614,0.2658499835342504
