initial_infected_perc,initial_immune_perc,length,height,population_size,contagion_distance,critical_limit,amp_susc,amp_rec,amp_inf,response
0.03587328378243753,0.019444509631234765,100,100,118,5,0.05,11.443534612607296,19.85664141960155,9.630626471443035,0.10434565077179565
