initial_infected_perc,initial_immune_perc,length,height,population_size,contagion_distance,critical_limit,amp_susc,amp_rec,amp_inf,response
0.04257031667079171,0.016546092581485306,100,100,118,5,0.05,19.71710782014647,15.702528027816884,19.350725271376742,0.08181872655002348
