initial_infected_perc,initial_immune_perc,length,height,population_size,contagion_distance,critical_limit,amp_susc,amp_rec,amp_inf,response
0.08337247186392208,0.09303212451352767,100,100,118,5,0.05,1.3952102225610985,19.23610429894476,10.422360914506735,0.23513135787063558
