initial_infected_perc,initial_immune_perc,length,height,population_size,contagion_distance,critical_limit,amp_susc,amp_rec,amp_inf,response
0.04527920299579166,0.08888501493375467,100,100,118,5,0.05,9.56102430020432,11.63943831193571,13.74143577513646,0.2428640881722328
