initial_infected_perc,initial_immune_perc,length,height,population_size,contagion_distance,critical_limit,amp_susc,amp_rec,amp_inf,response
0.01666270694424382,0.05859291471104172,100,100,118,5,0.05,9.738917520362572,3.6691077286022833,1.7814480456315107,0.13188095272956443
