initial_infected_perc,initial_immune_perc,length,height,population_size,contagion_distance,critical_limit,amp_susc,amp_rec,amp_inf,response
0.0021924221275022916,0.05471707591121686,100,100,118,5,0.05,19.756847743643895,12.050814195076349,1.7915905346209238,0.15139338958198606
