initial_infected_perc,initial_immune_perc,length,height,population_size,contagion_distance,critical_limit,amp_susc,amp_rec,amp_inf,response
0.05445583206610499,0.07160623868750847,100,100,118,5,0.05,11.442083584373906,5.5867339090301416,8.072072482657603,0.04937057333506032
