initial_infected_perc,initial_immune_perc,length,height,population_size,contagion_distance,critical_limit,amp_susc,amp_rec,amp_inf,response
0.08379461458870525,0.024709711849910367,100,100,118,5,0.05,7.219905676353553,10.277328594322157,1.7883822689950124,0.04729553897473353
