initial_infected_perc,initial_immune_perc,length,height,population_size,contagion_distance,critical_limit,amp_susc,amp_rec,amp_inf,response
0.05800358976640788,0.031161333973101113,100,100,118,5,0.05,14.68189246093364,2.921507627851221,8.49503704281873,0.02005561569093549
