initial_infected_perc,initial_immune_perc,length,height,population_size,contagion_distance,critical_limit,amp_susc,amp_rec,amp_inf,response
0.07565480648077216,0.00821463526749675,100,100,118,5,0.05,9.172870804812439,9.586922421404429,8.790379339043742,0.23674460959822075
