initial_infected_perc,initial_immune_perc,length,height,population_size,contagion_distance,critical_limit,amp_susc,amp_rec,amp_inf,response
0.012783059857912817,0.01855339750569136,100,100,118,5,0.05,19.0135523083323,9.492843068812306,4.059984186907608,0.006758967588905307
