initial_infected_perc,initial_immune_perc,length,height,population_size,contagion_distance,critical_limit,amp_susc,amp_rec,amp_inf,response
0.05383388466875192,0.059578351345422845,100,100,118,5,0.05,4.389389931592933,15.108916528263435,19.33759705081896,0.10442503358561538
