initial_infected_perc,initial_immune_perc,length,height,population_size,contagion_distance,critical_limit,amp_susc,amp_rec,amp_inf,response
0.04782043550548157,0.01116439587709056,100,100,118,5,0.05,4.9525581841997095,9.39260758647186,15.920128147386091,0.14790826670223936
