initial_infected_perc,initial_immune_perc,length,height,population_size,contagion_distance,critical_limit,amp_susc,amp_rec,amp_inf,response
0.04904621695613479,0.08777932491339216,100,100,118,5,0.05,4.5063174110411826,16.301871901767825,15.77073576358217,0.16508623099817332
