initial_infected_perc,initial_immune_perc,length,height,population_size,contagion_distance,critical_limit,amp_susc,amp_rec,amp_inf,response
0.023638945267498247,0.04861723847974442,100,100,118,5,0.05,3.6227288614729436,5.671122240434907,6.840823817357917,0.038585473310593
