initial_infected_perc,initial_immune_perc,length,height,population_size,contagion_distance,critical_limit,amp_susc,amp_rec,amp_inf,response
0.004720570742743591,0.09244215966100061,100,100,118,5,0.05,6.023839731944367,18.86848973740316,13.439812923946956,0.04222324556139245
