initial_infected_perc,initial_immune_perc,length,height,population_size,contagion_distance,critical_limit,amp_susc,amp_rec,amp_inf,response
0.059473301048144425,0.04006420638494889,100,100,118,5,0.05,4.752355059504618,18.017260841737052,7.267787191556425,0.15842202884644943
