initial_infected_perc,initial_immune_perc,length,height,population_size,contagion_distance,critical_limit,amp_susc,amp_rec,amp_inf,response
0.08042630427035857,0.0024856891696178776,100,100,118,5,0.05,16.78191439795298,10.127744947862276,5.856693475256016,0.14504903143502862
