initial_infected_perc,initial_immune_perc,length,height,population_size,contagion_distance,critical_limit,amp_susc,amp_rec,amp_inf,response
0.030445169776715877,0.038649730858657784,100,100,118,5,0.05,4.156313751088463,14.372161490228768,6.731689029654677,0.05343570884376316
