initial_infected_perc,initial_immune_perc,length,height,population_size,contagion_distance,critical_limit,amp_susc,amp_rec,amp_inf,response
0.0629476426076999,0.02964420739868865,100,100,118,5,0.05,7.965906757474437,1.9236534806342043,13.366025655236037,0.06695553019159012
