initial_infected_perc,initial_immune_perc,length,height,population_size,contagion_distance,critical_limit,amp_susc,amp_rec,amp_inf,response
0.020348118067086474,0.04417328945166661,100,100,118,5,0.05,19.981611781941503,4.750180120564194,7.263800191442169,0.2521182633278199
