initial_infected_perc,initial_immune_perc,length,height,population_size,contagion_distance,critical_limit,amp_susc,amp_rec,amp_inf,response
0.08419315027349512,0.008899341405042517,100,100,118,5,0.05,17.574469229757725,19.70597502288502,10.455532068188152,0.09548992019676715
